! ~~~~~~~~~~~~~~~~~~~~~~~~~~~~~~~~~~~~~~~~~~~~~~~~~~~~~~~~~~~~~~~~~~~~~~~~~
! 
! Log File with Human-Readable Information
! 
! Generated by KPP-3.3.0 symbolic chemistry Kinetics PreProcessor
!       (https:/github.com/KineticPreProcessor/KPP)
! KPP is distributed under GPL, the general public licence
!       (http://www.gnu.org/copyleft/gpl.html)
! (C) 1995-1997, V. Damian & A. Sandu, CGRER, Univ. Iowa
! (C) 1997-2022, A. Sandu, Michigan Tech, Virginia Tech
!     With important contributions from:
!        M. Damian,   Villanova University, Philadelphia, PA, USA
!        R. Sander,   Max-Planck Institute for Chemistry, Mainz, Germany
!        M. Long,     Renaissance Fiber, LLC, North Carolina, USA
!        H. Lin,      Harvard University, Cambridge, MA, USA
!        R. Yantosca, Harvard University, Cambridge, MA, USA
! 
! File                 : mcm.log
! Equation file        : mcm.kpp
! Output root filename : mcm
! 
! ~~~~~~~~~~~~~~~~~~~~~~~~~~~~~~~~~~~~~~~~~~~~~~~~~~~~~~~~~~~~~~~~~~~~~~~~~



### Options -------------------------------------------

#DECLARE      - OFF
#DOUBLE       - ON
#DRIVER       - general
#DUMMYINDEX   - OFF
#EQNTAGS      - OFF
#FUNCTION     - AGGREGATE
#HESSIAN      - OFF
#INTEGRATOR   - rosenbrock
#JACOBIAN     - SPARSE_LU_ROW
#LANGUAGE     - Fortran90
#MEX          - ON
#MINVERSION   - none
#REORDER      - ON
#STOCHASTIC   - OFF
#STOICMAT     - ON
#GRAPH        - edgelist
#UPPERCASEF90 - OFF

### Parameters ----------------------------------------

! NSPEC - Number of chemical species
  INTEGER, PARAMETER :: NSPEC = 6041 
! NVAR - Number of Variable species
  INTEGER, PARAMETER :: NVAR = 6041 
! NVARACT - Number of Active species
  INTEGER, PARAMETER :: NVARACT = 5861 
! NFIX - Number of Fixed species
  INTEGER, PARAMETER :: NFIX = 1 
! NREACT - Number of reactions
  INTEGER, PARAMETER :: NREACT = 18478 
! NVARST - Starting of variables in conc. vect.
  INTEGER, PARAMETER :: NVARST = 1 
! NFIXST - Starting of fixed in conc. vect.
  INTEGER, PARAMETER :: NFIXST = 6042 

### Species -------------------------------------------

Variable species
   1 = NA (n)                 2015 = NOXYOLOH (r)           4029 = C65OOH (r)             
   2 = SA (n)                 2016 = OXYFUO (r)             4030 = IPEBO (r)              
   3 = SO3 (r)                2017 = C42OH (r)              4031 = NDNEBNZLO (r)          
   4 = BR (n)                 2018 = GAOOA (r)              4032 = MTBEBCHO (r)           
   5 = HCL (n)                2019 = C7M2CO5OH (r)          4033 = CH3NO3 (r)             
   6 = C10H15O12O (n)         2020 = NTM135OLOH (r)         4034 = CHOOCH2O (r)           
   7 = C10H16O3 (n)           2021 = CO25C6OH (r)           4035 = NBZFUO (r)             
   8 = C10H16O4iso1 (n)       2022 = C7BDCOH (r)            4036 = PXYMUCCO (r)           
   9 = C10H16O5iso1 (n)       2023 = TMB1FUO (r)            4037 = PXYMUCNO3 (r)          
  10 = C10H16O6iso1 (n)       2024 = NTM124OLOH (r)         4038 = SC4H9O (r)             
  11 = C10H16O7iso1 (n)       2025 = HM22C4O (r)            4039 = PHCOET (r)             
  12 = C10H16O8iso1 (n)       2026 = EIPKBOH (r)            4040 = PECO (r)               
  13 = C10H16O9iso1 (n)       2027 = HO3C6O (r)             4041 = METHCOACET (r)         
  14 = C10H16O10 (n)          2028 = TMB2FUO (r)            4042 = H1CO23CHO (r)          
  15 = C10H16O11 (n)          2029 = MC6OTKETO (r)          4043 = C7M6CO2OOH (r)         
  16 = C10H16O12 (n)          2030 = NTM123OLOH (r)         4044 = C42OOH (r)             
  17 = C10H16O13 (n)          2031 = C715CO2OH (r)          4045 = DMKOHOOH (r)           
  18 = C10H16O14 (n)          2032 = NEBNZOLOH (r)          4046 = ETOHOCHO (r)           
  19 = C10H14O3 (n)           2033 = C59O (r)               4047 = DMEBMUNO3 (r)          
  20 = C10H14O4 (n)           2034 = C815CO2OH (r)          4048 = EMPHO (r)              
  21 = C10H14O5 (n)           2035 = NPBNZOLOH (r)          4049 = DETLMUNO3 (r)          
  22 = C10H14O6 (n)           2036 = C7M15CO2OH (r)         4050 = DMPHO (r)              
  23 = C10H14O7 (n)           2037 = C66OH (r)              4051 = C4MOHOCO3H (r)         
  24 = C10H14O8 (n)           2038 = NIPBNZOLOH (r)         4052 = TM135MUNO3 (r)         
  25 = C10H14O9 (n)           2039 = MPHCOMEOH (r)          4053 = MC5COOHOOH (r)         
  26 = C10H14O10 (n)          2040 = HM23C4O (r)            4054 = C813NO3 (r)            
  27 = C10H14O11 (n)          2041 = C114OH (r)             4055 = MALDIALOOH (r)         
  28 = C10H14O12 (n)          2042 = MC7CO2O (r)            4056 = C7CO2M5OOH (r)         
  29 = C10H14O13 (n)          2043 = MC7CO2OH (r)           4057 = CH3SO3 (r)             
  30 = C10H15O2NO3 (n)        2044 = NOETOLOH (r)           4058 = MACROHOOH (r)          
  31 = C10H15O3NO3 (n)        2045 = C826CO3O (r)           4059 = C6M5CO2OOH (r)         
  32 = C10H15O4NO3 (n)        2046 = C826CO3OH (r)          4060 = CHCLOHCO (r)           
  33 = C10H15O5NO3 (n)        2047 = IBUTALBO (r)           4061 = IEACHO (r)             
  34 = C10H15O6NO3 (n)        2048 = NMETOLOH (r)           4062 = IECCHO (r)             
  35 = C10H15O7NO3 (n)        2049 = C4CHOBO (r)            4063 = PXYL1O (r)             
  36 = C10H15O8NO3 (n)        2050 = NPETOLOH (r)           4064 = C4ECO2OOH (r)          
  37 = C10H15O9NO3 (n)        2051 = DMPHCOMOH (r)          4065 = C7ADICARB (r)          
  38 = C10H15O10NO3 (n)       2052 = MEBFUO (r)             4066 = HODMSO2 (r)            
  39 = C10H15O11NO3 (n)       2053 = C8M2CO6OH (r)          4067 = CH3SOO (r)             
  40 = C10H15O12NO3 (n)       2054 = NDMEPHOLOH (r)         4068 = DM23BU2ENE (r)         
  41 = C20H30O5 (n)           2055 = EMPHCOMOH (r)          4069 = C6DICAROOH (r)         
  42 = C20H30O6 (n)           2056 = C9M2CO6OH (r)          4070 = C5O5OHCO3H (r)         
  43 = C20H30O7 (n)           2057 = HO14CO2C5 (r)          4071 = CBUT2ENE (r)           
  44 = C20H30O8 (n)           2058 = NDEMPHOLOH (r)         4072 = TBUT2ENE (r)           
  45 = C20H30O9 (n)           2059 = C9DC (r)               4073 = C712OOH (r)            
  46 = C20H30O10 (n)          2060 = HO14CO3C5 (r)          4074 = CO2M3C4CHO (r)         
  47 = C20H30O11 (n)          2061 = C53OH (r)              4075 = EOX2EOL (r)            
  48 = C20H30O12 (n)          2062 = C617O (r)              4076 = OETLBIPNO3 (r)         
  49 = C20H30O13 (n)          2063 = CO2HO4C6 (r)           4077 = C526OOH (r)            
  50 = C20H30O14 (n)          2064 = C513O (r)              4078 = HPC52OOH (r)           
  51 = C20H30O15 (n)          2065 = C619CO (r)             4079 = MTBEBPAN (r)           
  52 = C20H30O16 (n)          2066 = C89CO2 (r)             4080 = MC6CO2OOH (r)          
  53 = C20H30O17 (n)          2067 = HEX3ONAOH (r)          4081 = C58ANO3 (r)            
  54 = C20H31O4NO3 (n)        2068 = C6CO3HO25 (r)          4082 = DHPMEK (r)             
  55 = C20H31O5NO3 (n)        2069 = C620O (r)              4083 = ME2BUOLOOH (r)         
  56 = C20H31O6NO3 (n)        2070 = C6CO3HO4 (r)           4084 = C4MCO2OH (r)           
  57 = C20H31O7NO3 (n)        2071 = C6CO34 (r)             4085 = OXYBIPENO3 (r)         
  58 = C20H31O8NO3 (n)        2072 = C124OH (r)             4086 = MIPKAO (r)             
  59 = C20H31O9NO3 (n)        2073 = HEX3ONDOH (r)          4087 = C6OTRIKET (r)          
  60 = C20H31O10NO3 (n)       2074 = DICLETO (r)            4088 = HO3CO46C8 (r)          
  61 = C20H31O11NO3 (n)       2075 = C6CO3HO14 (r)          4089 = TMBO2 (r)              
  62 = C20H31O12NO3 (n)       2076 = CHCL3O (r)             4090 = OETOLO2 (r)            
  63 = C20H31O13NO3 (n)       2077 = CH2CL3O (r)            4091 = DMMAO2 (r)             
  64 = C20H31O14NO3 (n)       2078 = CH3CCL2O (r)           4092 = DMMBO2 (r)             
  65 = C20H31O15NO3 (n)       2079 = CHCL2CL2O (r)          4093 = H3NCO2CHO (r)          
  66 = C19H28O5 (n)           2080 = DIEKAO (r)             4094 = OETCATECH (r)          
  67 = C19H28O6 (n)           2081 = NC6H14 (r)             4095 = MMFO2 (r)              
  68 = C19H28O7 (n)           2082 = C731CO2 (r)            4096 = IPROACET (r)           
  69 = C19H28O8 (n)           2083 = C822CO2 (r)            4097 = PXYOLO2 (r)            
  70 = C19H28O9 (n)           2084 = C1210CO2 (r)           4098 = TM124BO2 (r)           
  71 = C19H28O10 (n)          2085 = C136CO2 (r)            4099 = CO23C6 (r)             
  72 = C19H28O11 (n)          2086 = MIBKHO14 (r)           4100 = C123CO (r)             
  73 = C19H28O12 (n)          2087 = C84OH (r)              4101 = C513CO (r)             
  74 = C19H28O13 (n)          2088 = CHCLOOA (r)            4102 = PXYCATECH (r)          
  75 = C19H28O14 (n)          2089 = MIBKBOH (r)            4103 = H2C3OCO2 (r)           
  76 = C19H28O15 (n)          2090 = INAHPCHO (r)           4104 = C113CO (r)             
  77 = C19H28O16 (n)          2091 = INAHCHO (r)            4105 = EOCOCHO (r)            
  78 = C19H28O17 (n)          2092 = CO25C73OH (r)          4106 = TBOCOCHO (r)           
  79 = C19H28O18 (n)          2093 = INB1NACHO (r)          4107 = DIBRETO2 (r)           
  80 = C19H29O5NO3 (n)        2094 = INB1HPCHO (r)          4108 = C23C54CHO (r)          
  81 = C19H29O6NO3 (n)        2095 = C612O (r)              4109 = CH2CLCH2O2 (r)         
  82 = C19H29O7NO3 (n)        2096 = CO25C74OH (r)          4110 = CHCL2CH2O2 (r)         
  83 = C19H29O8NO3 (n)        2097 = INDHPCHO (r)           4111 = CL12PRAO2 (r)          
  84 = C19H29O9NO3 (n)        2098 = LIMBCO (r)             4112 = CL12PRBO2 (r)          
  85 = C19H29O10NO3 (n)       2099 = C818CO (r)             4113 = CL12PRBO (r)           
  86 = C19H29O11NO3 (n)       2100 = CYHXONAOH (r)          4114 = CL12PRCO2 (r)          
  87 = C19H29O12NO3 (n)       2101 = C818OH (r)             4115 = CH3CLCOCL (r)          
  88 = C19H29O13NO3 (n)       2102 = LMKBCO (r)             4116 = HO2CO35C7 (r)          
  89 = C19H29O14NO3 (n)       2103 = LIMALAOH (r)           4117 = TM124MUO3H (r)         
  90 = C19H29O15NO3 (n)       2104 = LIMALBOH (r)           4118 = TM124OLO2 (r)          
  91 = C18H26O4 (n)           2105 = MPRKAO (r)             4119 = T124CATECH (r)         
  92 = C18H26O5 (n)           2106 = C926OH (r)             4120 = ETHOXO2 (r)            
  93 = C18H26O6 (n)           2107 = C926O (r)              4121 = PBENZOLO2 (r)          
  94 = C18H26O7 (n)           2108 = C627OH (r)             4122 = C4OCCOHNO3 (r)         
  95 = C18H26O8 (n)           2109 = LMLKAOH (r)            4123 = OXYOLO2 (r)            
  96 = C18H26O9 (n)           2110 = LMLKBOH (r)            4124 = CNO3OCL (r)            
  97 = C18H26O10 (n)          2111 = C628OH (r)             4125 = C109OH (r)             
  98 = C18H26O11 (n)          2112 = C628O (r)              4126 = IEC2OOH (r)            
  99 = C18H26O12 (n)          2113 = C735OH (r)             4127 = INAOOH (r)             
 100 = C18H26O13 (n)          2114 = C735O (r)              4128 = CONM2CO3H (r)          
 101 = C18H26O14 (n)          2115 = DMS (r)                4129 = MMALNAPAN (r)          
 102 = C18H26O15 (n)          2116 = DMSO2O (r)             4130 = MMALNACO3H (r)         
 103 = C18H26O16 (n)          2117 = BCBCO (r)              4131 = MMALNACO2H (r)         
 104 = C18H26O17 (n)          2118 = IBUTOLCO (r)           4132 = MMALNBCO3H (r)         
 105 = C18H26O18 (n)          2119 = C3ME3CHO (r)           4133 = MMALNBCO2H (r)         
 106 = C18H27O6NO3 (n)        2120 = C145O (r)              4134 = COHM2CO3H (r)          
 107 = C18H27O7NO3 (n)        2121 = EIPKAOH (r)            4135 = INDO (r)               
 108 = C18H27O8NO3 (n)        2122 = EIPKAO (r)             4136 = INDHCHO (r)            
 109 = C18H27O9NO3 (n)        2123 = HO2M2C5O (r)           4137 = TM123BO2 (r)           
 110 = C18H27O10NO3 (n)       2124 = C78OH (r)              4138 = IPBENZOLO2 (r)         
 111 = C18H27O11NO3 (n)       2125 = MEKCO (r)              4139 = C93CO (r)              
 112 = C18H27O12NO3 (n)       2126 = BCKBCO (r)             4140 = TMB2FUONE (r)          
 113 = C18H27O13NO3 (n)       2127 = HO2MC5O (r)            4141 = NC4DCO2H (r)           
 114 = C18H27O14NO3 (n)       2128 = C521OH (r)             4142 = ACBUONBOOH (r)         
 115 = C18H27O15NO3 (n)       2129 = BCOOB (r)              4143 = CCL3CH2O2 (r)          
 116 = C18H27O16NO3 (n)       2130 = BCALAOH (r)            4144 = MC6OTRIKET (r)         
 117 = C10H18O4 (n)           2131 = C126CO (r)             4145 = C51OH2CO (r)           
 118 = C10H18O5 (n)           2132 = C126NO3 (r)            4146 = C54CO (r)              
 119 = C10H18O6 (n)           2133 = BCALBOH (r)            4147 = TM123MUCCO (r)         
 120 = C10H18O7 (n)           2134 = C1010O (r)             4148 = C629OOH (r)            
 121 = C10H18O8 (n)           2135 = C1011CO (r)            4149 = C520OOH (r)            
 122 = C10H18O9 (n)           2136 = C1011NO3 (r)           4150 = T123CATECH (r)         
 123 = C10H18O10 (n)          2137 = C1012CO (r)            4151 = NC4IPDCO2H (r)         
 124 = C10H16O4iso2 (n)       2138 = C830CO (r)             4152 = TCEOHO2 (r)            
 125 = C10H16O5iso2 (n)       2139 = C830NO3 (r)            4153 = NC4PDCO2H (r)          
 126 = C10H16O6iso2 (n)       2140 = BCKOOB (r)             4154 = HEX2ONE (r)            
 127 = C10H16O7iso2 (n)       2141 = C1013CO (r)            4155 = CRESO2 (r)             
 128 = C10H16O8iso2 (n)       2142 = C1013NO3 (r)           4156 = MCATECHOL (r)          
 129 = C10H16O9iso2 (n)       2143 = BCLKAOH (r)            4157 = C143CO (r)             
 130 = C10H17O3NO3 (n)        2144 = C116CO (r)             4158 = OXYCATECH (r)          
 131 = C10H17O4NO3 (n)        2145 = C116NO3 (r)            4159 = PXYLO2 (r)             
 132 = C10H17O5NO3 (n)        2146 = BCLKBOH (r)            4160 = MACO3H (r)             
 133 = C10H17O6NO3 (n)        2147 = MIBKOH34 (r)           4161 = C78OOH (r)             
 134 = C10H17O7NO3 (n)        2148 = C712OH (r)             4162 = C6H5C2H4O2 (r)         
 135 = C10H17O8NO3 (n)        2149 = C930O (r)              4163 = C3M3CHONO3 (r)         
 136 = C20H34O6 (n)           2150 = MEKBO (r)              4164 = BCALBOC (r)            
 137 = C20H34O7 (n)           2151 = HMVKNGLYOX (r)         4165 = BCLKBOC (r)            
 138 = C20H34O8 (n)           2152 = C713OH (r)             4166 = MXYLO2 (r)             
 139 = C20H34O9 (n)           2153 = C713O (r)              4167 = METOLO2 (r)            
 140 = C20H34O10 (n)          2154 = BCALCOH (r)            4168 = METCATECH (r)          
 141 = C20H34O11 (n)          2155 = BCLKCOH (r)            4169 = HMVKBOOH (r)           
 142 = C20H34O12 (n)          2156 = HVMK (r)               4170 = BUTALO2H (r)           
 143 = C20H34O13 (n)          2157 = DIETETHER (r)          4171 = NCO23CHO (r)           
 144 = C20H35O5NO3 (n)        2158 = C714OH (r)             4172 = VGLYOX (r)             
 145 = C20H35O6NO3 (n)        2159 = IPEBOH (r)             4173 = CO2H3CO3H (r)          
 146 = C20H35O7NO3 (n)        2160 = ETHFORMO (r)           4174 = C23O3CHO (r)           
 147 = C20H35O8NO3 (n)        2161 = NEOPO (r)              4175 = CISOPCO (r)            
 148 = C20H35O9NO3 (n)        2162 = C2H5OH (r)             4176 = CH2OOC (r)             
 149 = C20H35O10NO3 (n)       2163 = NC3H7O (r)             4177 = NC524O (r)             
 150 = C20H35O11NO3 (n)       2164 = NPROPOL (r)            4178 = MXYOLO2 (r)            
 151 = C19H32O6 (n)           2165 = IC3H7O (r)             4179 = MXYCATECH (r)          
 152 = C19H32O7 (n)           2166 = HO1C4O (r)             4180 = EBENZOLO2 (r)          
 153 = C19H32O8 (n)           2167 = NBUTOL (r)             4181 = CH2CHCH2O2 (r)         
 154 = C19H32O9 (n)           2168 = HO1C3O (r)             4182 = NC4EDCO2H (r)          
 155 = C19H32O10 (n)          2169 = IC4H9O (r)             4183 = C532CO (r)             
 156 = C19H32O11 (n)          2170 = IBUTOL (r)             4184 = OXYLO2 (r)             
 157 = C19H32O12 (n)          2171 = MTBE (r)               4185 = PETOLO2 (r)            
 158 = C19H32O13 (n)          2172 = NC5H12 (r)             4186 = NPROACECO2 (r)         
 159 = C19H32O14 (n)          2173 = MTBEAO (r)             4187 = PETCATECH (r)          
 160 = C19H33O6NO3 (n)        2174 = HO2C5O (r)             4188 = C537OOH (r)            
 161 = C19H33O7NO3 (n)        2175 = MTBEACHOO (r)          4189 = CO25C6 (r)             
 162 = C19H33O8NO3 (n)        2176 = PECOH (r)              4190 = C65OH (r)              
 163 = C19H33O9NO3 (n)        2177 = IC5H12 (r)             4191 = MO2EOLBO2 (r)          
 164 = C19H33O10NO3 (n)       2178 = C52O (r)               4192 = PETLBIPRO2 (r)         
 165 = C19H33O11NO3 (n)       2179 = IPEAOH (r)             4193 = ACCOPRONE (r)          
 166 = C18H30O5 (n)           2180 = MECOACEOOH (r)         4194 = C103CO (r)             
 167 = C18H30O6 (n)           2181 = ACEC2H4NO3 (r)         4195 = PHGLYOX (r)            
 168 = C18H30O7 (n)           2182 = ACEC2H4OOH (r)         4196 = C4COMEOH (r)           
 169 = C18H30O8 (n)           2183 = NPRACANO3 (r)          4197 = MTBEACHO (r)           
 170 = C18H30O9 (n)           2184 = NPRACAOOH (r)          4198 = OXYFUONE (r)           
 171 = C18H30O10 (n)          2185 = C93NO3 (r)             4199 = DETLMUCO (r)           
 172 = C18H30O11 (n)          2186 = ACPRONEOOH (r)         4200 = C42AOH (r)             
 173 = C18H30O12 (n)          2187 = ACCOCOMEO (r)          4201 = TM135MUCO (r)          
 174 = C18H30O13 (n)          2188 = NPROACEBO (r)          4202 = OXYMUCO (r)            
 175 = C18H30O14 (n)          2189 = MIPKAOOH (r)           4203 = C512O (r)              
 176 = C18H31O7NO3 (n)        2190 = M2BKANO3 (r)           4204 = C7BDCO (r)             
 177 = C18H31O8NO3 (n)        2191 = ACCOETOOH (r)          4205 = MBOBCO (r)             
 178 = C18H31O9NO3 (n)        2192 = NPROACECO (r)          4206 = CO4DBC9 (r)            
 179 = C18H31O10NO3 (n)       2193 = NPRACCNO3 (r)          4207 = CHCL2COCL (r)          
 180 = C18H31O11NO3 (n)       2194 = M2BU2OLNO3 (r)         4208 = TM124MUCO (r)          
 181 = C18H31O12NO3 (n)       2195 = M2BU2OLOOH (r)         4209 = CO4DBC8 (r)            
 182 = HO2CO3C4O (r)          2196 = IPROACETO (r)          4210 = BZEMUCO (r)            
 183 = C5CO24O (r)            2197 = C3H7CHOOA (r)          4211 = C4M3NO32O (r)          
 184 = IPRCOMO (r)            2198 = IPRACBNO3 (r)          4212 = ME2BU2OLO (r)          
 185 = CH3CL (r)              2199 = IPRACBOOH (r)          4213 = CYC613DION (r)         
 186 = CH2CL2 (r)             2200 = NBUACANO3 (r)          4214 = C6COHOCHO (r)          
 187 = CHCL3 (r)              2201 = NBUACAOOH (r)          4215 = PXYMUCO (r)            
 188 = CH3CCL3 (r)            2202 = C43NO3CO3H (r)         4216 = PRONO3AO (r)           
 189 = TCE (r)                2203 = ACOMCOMOOH (r)         4217 = TM123MUCO (r)          
 190 = CDICLETH (r)           2204 = NBUACBNO3 (r)          4218 = PRONO3BO (r)           
 191 = TDICLETH (r)           2205 = NBUACBOOH (r)          4219 = C629O (r)              
 192 = CH2CLCH2CL (r)         2206 = ACCOCOC2H5 (r)         4220 = C520O (r)              
 193 = DIBRET (r)             2207 = PE1ENEBNO3 (r)         4221 = MC3ODBCO2H (r)         
 194 = CH3BR (r)              2208 = C610NO3 (r)            4222 = TLEMUCO (r)            
 195 = CHCL2CHCL2 (r)         2209 = ACCOPROOH (r)          4223 = M2BK (r)               
 196 = ETHOX (r)              2210 = SBUACETAO (r)          4224 = METLMUCO (r)           
 197 = C10H15O3O (r)          2211 = SBUACBNO3 (r)          4225 = C4CO2O (r)             
 198 = C10H15O4O (r)          2212 = SBUACBOOH (r)          4226 = C61CO (r)              
 199 = C10H15O5O (r)          2213 = SBUACCOOH (r)          4227 = MIBK (r)               
 200 = C10H15O6O (r)          2214 = CH2CLOOH (r)           4228 = PROL2FORM (r)          
 201 = C10H15O7O (r)          2215 = C4NO3M2OOH (r)         4229 = CH3COPAN (r)           
 202 = C10H15O8O (r)          2216 = C94OOH (r)             4230 = DMEBMUCO (r)           
 203 = C10H15O9O (r)          2217 = CCL3CH2OOH (r)         4231 = C7EDCO (r)             
 204 = C10H15O10O (r)         2218 = H2M3CO4CHO (r)         4232 = PETLMUCO (r)           
 205 = C10H15O11O (r)         2219 = C4M22CONO3 (r)         4233 = MXYOBPEROH (r)         
 206 = C10H17O3O (r)          2220 = C6OH5O (r)             4234 = C1012O (r)             
 207 = C10H17O4O (r)          2221 = C6OH5NO3 (r)           4235 = CHOC3DIOL (r)          
 208 = C10H17O5O (r)          2222 = MVKOHBOOH (r)          4236 = MXYMUCO (r)            
 209 = C10H17O6O (r)          2223 = H14CO23C4 (r)          4237 = COO2C4CHO (r)          
 210 = C10H17O7O (r)          2224 = HMGLOOA (r)            4238 = BUTONENO3 (r)          
 211 = O1D (r)                2225 = DIIPRETO (r)           4239 = HO13CO4C5 (r)          
 212 = HSO3 (r)               2226 = APINANO3 (r)           4240 = BOXPRONEAO (r)         
 213 = C42CHO2O (r)           2227 = APINAOOH (r)           4241 = EBZMUCO (r)            
 214 = SBUTACET (r)           2228 = C96NO3 (r)             4242 = HMVKNO3 (r)            
 215 = TRICLETH (r)           2229 = C98O (r)               4243 = MPRBNO3O (r)           
 216 = CH3CH2CL (r)           2230 = C614NO3 (r)            4244 = C4NO32M1O (r)          
 217 = CH2CLCHCL2 (r)         2231 = C106O (r)              4245 = NC526O (r)             
 218 = CHCL2CH3 (r)           2232 = M2PECOOH (r)           4246 = C52NO31O (r)           
 219 = CCL2CH2 (r)            2233 = PINONIC (r)            4247 = O (r)                  
 220 = INB1HPCO2H (r)         2234 = C96OOH (r)             4248 = C6CO4DB (r)            
 221 = C10H15O2O (r)          2235 = DECNO3 (r)             4249 = MVKOHAOH (r)           
 222 = C51OH (r)              2236 = C4COMOHOOH (r)         4250 = OETLMUCO (r)           
 223 = M2PEDOH (r)            2237 = HO5C6O (r)             4251 = DIEK (r)               
 224 = M3PECOH (r)            2238 = HO3C106O (r)           4252 = BCKSOZ (r)             
 225 = M23C43OH (r)           2239 = C66NO35OH (r)          4253 = METACETHO (r)          
 226 = CO3C75O (r)            2240 = C716OOH (r)            4254 = C7M2CO5OOH (r)         
 227 = C75O (r)               2241 = HO3C106NO3 (r)         4255 = INB1OOH (r)            
 228 = M2HEXBOH (r)           2242 = HO5C5CO3H (r)          4256 = TM123OXMUC (r)         
 229 = C710O (r)              2243 = H3C25C6OOH (r)         4257 = CHOOCHO (r)            
 230 = M3HEXBOH (r)           2244 = H3C25C6OH (r)          4258 = MIBKOHAOOH (r)         
 231 = CO3C85O (r)            2245 = NC4H9CHOOA (r)         4259 = C524OOH (r)            
 232 = C91O (r)               2246 = C85OOH (r)             4260 = NC524OOH (r)           
 233 = C101O (r)              2247 = C86OOH (r)             4261 = C535OOH (r)            
 234 = C111O (r)              2248 = C511OOH (r)            4262 = ETHFORM (r)            
 235 = C121O (r)              2249 = CO235C6OOH (r)         4263 = CH3C2H2O2 (r)          
 236 = C4ME22OH (r)           2250 = M3PEANO3 (r)           4264 = DMCO2 (r)              
 237 = CH3CCH3OOC (r)         2251 = APINBNO3 (r)           4265 = PXYLAL (r)             
 238 = C57OH (r)              2252 = APINBOOH (r)           4266 = DIEKAOH (r)            
 239 = ISOPBOH (r)            2253 = NAPINAOOH (r)          4267 = MMCFO2 (r)             
 240 = C58OH (r)              2254 = NAPINBOOH (r)          4268 = C615CO (r)             
 241 = C510OH (r)             2255 = NC102OOH (r)           4269 = TM135OLO2 (r)          
 242 = C6CO134 (r)            2256 = NC61CO3H (r)           4270 = NTM135OLO2 (r)         
 243 = C6CYTONO (r)           2257 = APINCO (r)             4271 = TM124BCHO (r)          
 244 = IBUTOLOHC (r)          2258 = C720O (r)              4272 = BRETAL (r)             
 245 = CYC6DIONO (r)          2259 = C720NO3 (r)            4273 = CH3COCL (r)            
 246 = C6145COO (r)           2260 = C65NO3CO3H (r)         4274 = CHCL3O2 (r)            
 247 = CHOC4O (r)             2261 = APINOOA (r)            4275 = CH2CL3O2 (r)           
 248 = CHOC4OHO (r)           2262 = APINOOB (r)            4276 = CHCL2CHO (r)           
 249 = IPRFORMOH (r)          2263 = COO2C4OOH (r)          4277 = TMBCHO (r)             
 250 = IPRMEETOH (r)          2264 = C108O (r)              4278 = HOCOC4DIAL (r)         
 251 = DIIPRETOH (r)          2265 = C717O (r)              4279 = CL12PRCHO (r)          
 252 = EIPEOH (r)             2266 = C717NO3 (r)            4280 = CH3COCCLO2 (r)         
 253 = NPROACET (r)           2267 = C66NO35OOH (r)         4281 = NISOPO2 (r)            
 254 = IPRACOH (r)            2268 = C109O (r)              4282 = C4CONO3OOH (r)         
 255 = NBUTACET (r)           2269 = C6NO3COOOH (r)         4283 = C4NO3COOOH (r)         
 256 = SBUACAOH (r)           2270 = C6NO324CO (r)          4284 = INB1CO (r)             
 257 = CCL3OH (r)             2271 = ETBE (r)               4285 = INCCO (r)              
 258 = CCL3PAN (r)            2272 = CO2HOC61O (r)          4286 = TM123BCHO (r)          
 259 = TCE2OH (r)             2273 = C922OOH (r)            4287 = C816CO (r)             
 260 = C85O (r)               2274 = C3NO3COOOH (r)         4288 = CCL3CHO (r)            
 261 = NC101O (r)             2275 = DMMANO3 (r)            4289 = C624CO (r)             
 262 = NC72O (r)              2276 = MMFO (r)               4290 = ACEC2CHO (r)           
 263 = APINCOH (r)            2277 = MMFNO3 (r)             4291 = TM123OLO2 (r)          
 264 = C719OH (r)             2278 = DMMBNO3 (r)            4292 = NTM123OLO2 (r)         
 265 = C920O (r)              2279 = DMCNO3 (r)             4293 = C7ADCCO2H (r)          
 266 = C921O (r)              2280 = DMCOOH (r)             4294 = NBUTDAO2 (r)           
 267 = IPROCHO (r)            2281 = C611OOH (r)            4295 = MGLYOOA (r)            
 268 = MOCOCH2O (r)           2282 = MMCFNO3 (r)            4296 = C828CHO (r)            
 269 = EOCOCH2O (r)           2283 = MMCFOOH (r)            4297 = C131CO2H (r)           
 270 = TBOCOCH2O (r)          2284 = ETBEANO3 (r)           4298 = C6H5CH2CHO (r)         
 271 = MALANHYO (r)           2285 = ETOC2O (r)             4299 = BCSOZ (r)              
 272 = PBZQO (r)              2286 = IPROMC2O (r)           4300 = CYHXOLACO (r)          
 273 = NC4DCO2 (r)            2287 = IPROC21NO3 (r)         4301 = MXYLAL (r)             
 274 = PHENOH (r)             2288 = BIACETO (r)            4302 = NBUTDBO2 (r)           
 275 = MMALNHY2OH (r)         2289 = C65OH4O (r)            4303 = NOETOLO2 (r)           
 276 = PTLQO (r)              2290 = IPRFORMNO3 (r)         4304 = NOETOLO (r)            
 277 = TLFUOH (r)             2291 = IPRFORMO (r)           4305 = DMEPHOLO2 (r)          
 278 = CRESOH (r)             2292 = ETBECO (r)             4306 = NDMEPHOLO2 (r)         
 279 = MXYQO (r)              2293 = C65OH4NO3 (r)          4307 = DEMPHOLO2 (r)          
 280 = MXYQOH (r)             2294 = C64OH5O (r)            4308 = OXYLAL (r)             
 281 = MXYOLOH (r)            2295 = H2C3OCO (r)            4309 = CO3C5CHO (r)           
 282 = MXYFUOH (r)            2296 = H2C3OCNO3 (r)          4310 = C3H8 (r)               
 283 = CO14O3CO2H (r)         2297 = M3PECO (r)             4311 = GLYOOC (r)             
 284 = C24O3CCO2H (r)         2298 = MOCOCH2OOH (r)         4312 = NDEMPHOLO2 (r)         
 285 = PXYBPER2OH (r)         2299 = EOCOCH2OOH (r)         4313 = MTBEBO2 (r)            
 286 = PXYQO (r)              2300 = BOCOCH2OOH (r)         4314 = NIPBFUO2 (r)           
 287 = PXYQOH (r)             2301 = BZBIPERNO3 (r)         4315 = C718O2 (r)             
 288 = NC4MDCO2 (r)           2302 = C64OH5NO3 (r)          4316 = PETLQO2 (r)            
 289 = PXYOLOH (r)            2303 = ETBEAOOH (r)           4317 = HO3C106O2 (r)          
 290 = PXYFUOH (r)            2304 = HCOCOHCO3H (r)         4318 = C619O2 (r)             
 291 = OXYBPER2OH (r)         2305 = HEXBNO3 (r)            4319 = BIACETOOH (r)          
 292 = OXYQO (r)              2306 = C62NO33OOH (r)         4320 = HO2CO5C7 (r)           
 293 = OXYOLOH (r)            2307 = C3DIALO (r)            4321 = C514O2 (r)             
 294 = OXYFUOH (r)            2308 = C5DIALO (r)            4322 = CO3C85O2 (r)           
 295 = TM135OLOH (r)          2309 = C5DIALCO (r)           4323 = MPRKAOH (r)            
 296 = TM124BP2OH (r)         2310 = PBZQONE (r)            4324 = C91O2 (r)              
 297 = TMB1FUOH (r)           2311 = BZFUOOH (r)            4325 = TMB1FUO2 (r)           
 298 = TM124QO (r)            2312 = C6CONO3OOH (r)         4326 = C5OCO3M (r)            
 299 = TM124QOH (r)           2313 = C6H5OOH (r)            4327 = NIPRBQO2 (r)           
 300 = TM124OLOH (r)          2314 = C6CO3OH5O (r)          4328 = CO3C75O2 (r)           
 301 = DMMALYOH (r)           2315 = HO2C6O (r)             4329 = C44O2 (r)              
 302 = TMB2FUOH (r)           2316 = C63NO32OOH (r)         4330 = C6IPRCO4DB (r)         
 303 = MC6OTKETOH (r)         2317 = M3BU2OLOOH (r)         4331 = MBOACO (r)             
 304 = TM123OLOH (r)          2318 = HO2C6NO3 (r)           4332 = IPBFUO2 (r)            
 305 = PEBQO (r)              2319 = NPHENOH (r)            4333 = TM124QO2 (r)           
 306 = NC4EDCO2 (r)           2320 = M22C4NO3 (r)           4334 = CH2BRO2 (r)            
 307 = EMALANHY (r)           2321 = C6H5CH2O (r)           4335 = CHOBR (r)              
 308 = EMALNHY2OH (r)         2322 = C6H5CH2NO3 (r)         4336 = CH2CLCOCL (r)          
 309 = EBENZOLOH (r)          2323 = TLBIPERNO3 (r)         4337 = MALDIALCO2 (r)         
 310 = PPRBQO (r)             2324 = C52OH1OOH (r)          4338 = CYHEXONE (r)           
 311 = NC4PDCO2 (r)           2325 = CONO3C6OOH (r)         4339 = CO2HO3C6 (r)           
 312 = PMALANHY (r)           2326 = C5DICARBO (r)          4340 = HCOC5 (r)              
 313 = PMALNHY2OH (r)         2327 = C6CONO34OH (r)         4341 = C732O2 (r)             
 314 = PBENZOLOH (r)          2328 = C102OOH (r)            4342 = C1011O2 (r)            
 315 = PHIC3OH (r)            2329 = C615CO2O (r)           4343 = C1013O2 (r)            
 316 = IPRBQO (r)             2330 = C6125CO (r)            4344 = C1211O2 (r)            
 317 = NC4IPDCO2 (r)          2331 = PTLQONE (r)            4345 = C137O2 (r)             
 318 = IPMALANHY (r)          2332 = HEXBOOH (r)            4346 = C830O2 (r)             
 319 = IPMLNHY2OH (r)         2333 = M22C4OOH (r)           4347 = PCATECHOL (r)          
 320 = IPBENZOLOH (r)         2334 = C51NO32OOH (r)         4348 = C111O2 (r)             
 321 = OETLBPR2OH (r)         2335 = C4ME2OHO (r)           4349 = NPETLQO2 (r)           
 322 = OETLQO (r)             2336 = PEN2ONE1O (r)          4350 = CCLNO3CO (r)           
 323 = OETOLOH (r)            2337 = C81OOH (r)             4351 = C7ECO4DB (r)           
 324 = METLBPR2OH (r)         2338 = TBUACET (r)            4352 = HO3C116O2 (r)          
 325 = METLQO (r)             2339 = MXYLO (r)              4353 = NC71O2 (r)             
 326 = METLQOH (r)            2340 = MXYLNO3 (r)            4354 = OXYQO2 (r)             
 327 = METOLOH (r)            2341 = C42MNO3OOH (r)         4355 = CONM2CO2H (r)          
 328 = PETLBPR2OH (r)         2342 = MXYBIPENO3 (r)         4356 = M22C43O (r)            
 329 = PETLQO (r)             2343 = CHOMOHCO3H (r)         4357 = C6CO23HO5 (r)          
 330 = PETLQOH (r)            2344 = C5COHOCO3H (r)         4358 = PBZQO2 (r)             
 331 = PETOLOH (r)            2345 = H3M3C5OOH (r)          4359 = HO2C6O2 (r)            
 332 = DMEBPR2OH (r)          2346 = BUTDAO (r)             4360 = INDOOH (r)             
 333 = MEBFUOH (r)            2347 = C726CO5OOH (r)         4361 = BZFUO2 (r)             
 334 = DMEPHOLOH (r)          2348 = C3MDIALO (r)           4362 = C7DDCCO2 (r)           
 335 = DETLBPR2OH (r)         2349 = MXYQONE (r)            4363 = IPCATECHOL (r)         
 336 = DEMPHOLOH (r)          2350 = HM33C4OH (r)           4364 = PHENO2 (r)             
 337 = C914O (r)              2351 = C7CO2OCO3H (r)         4365 = NC71O (r)              
 338 = C88O (r)               2352 = HC3CO2H (r)            4366 = HO3C126O2 (r)          
 339 = C619O (r)              2353 = C5NO3OAOOH (r)         4367 = METLQO2 (r)            
 340 = NOPINCOH (r)           2354 = C103NO3 (r)            4368 = COCL2 (r)              
 341 = C917OH (r)             2355 = H13CO2CO3H (r)         4369 = MEBFUO2 (r)            
 342 = BPINCOH (r)            2356 = NBZQOOH (r)            4370 = NAPINBO (r)            
 343 = C8BC (r)               2357 = NTLFUOOH (r)           4371 = HO3C96O2 (r)           
 344 = NOPINDO (r)            2358 = C61NO3 (r)             4372 = DMMALYO2 (r)           
 345 = C812OH (r)             2359 = NPTLQOOH (r)           4373 = C6H5CH2O2 (r)          
 346 = C721O (r)              2360 = C5CO2DCO3H (r)         4374 = HO3C86O2 (r)           
 347 = DICLETOH (r)           2361 = NMXYQOOH (r)           4375 = BOX2MO2 (r)            
 348 = DIBRETOH (r)           2362 = NMXYFUOOH (r)          4376 = H2M2CO5C6 (r)          
 349 = CHCL3OH (r)            2363 = PXYLO (r)              4377 = C6CYTONO2 (r)          
 350 = CH2CL3OH (r)           2364 = PXYLNO3 (r)            4378 = NMETLQO2 (r)           
 351 = CH3CCL2OH (r)          2365 = C3M3OHCO3H (r)         4379 = C75O2 (r)              
 352 = CHCL2CL2OH (r)         2366 = PXYL1OOH (r)           4380 = CCL3CO3 (r)            
 353 = CL12PROP (r)           2367 = IPRCHOOA (r)           4381 = PXYQO2 (r)             
 354 = CL12PRBOH (r)          2368 = C104OOH (r)            4382 = PTLQO2 (r)             
 355 = CLCO2H (r)             2369 = PXYQONE (r)            4383 = NOXYQO2 (r)            
 356 = IEB1CHO (r)            2370 = NPXYQOOH (r)           4384 = PBFUO2 (r)             
 357 = IEB4CHO (r)            2371 = NBUTDAOH (r)           4385 = TLFUO2 (r)             
 358 = INANCOCHO (r)          2372 = HC3CCO3H (r)           4386 = HO2M2C5O2 (r)          
 359 = C511CHO (r)            2373 = HO2CO4C5O (r)          4387 = C4ME2OHO2 (r)          
 360 = LIMALOOA (r)           2374 = HM22C3NO3 (r)          4388 = NMEBFUO2 (r)           
 361 = C628OOA (r)            2375 = NPXYFUOOH (r)          4389 = HO14CO2C4 (r)          
 362 = C629OOA (r)            2376 = OXYLO (r)              4390 = ME3CO2BUOL (r)         
 363 = C520OOA (r)            2377 = OXYLNO3 (r)            4391 = M2PECO (r)             
 364 = C735OOA (r)            2378 = OXYL1OOH (r)           4392 = C4ME2NO3O2 (r)         
 365 = C142OH (r)             2379 = TLCOBIPEOH (r)         4393 = PXYFUO2 (r)            
 366 = C927OH (r)             2380 = HNMVKOOH (r)           4394 = NC72O2 (r)             
 367 = C145OH (r)             2381 = H1MC5O (r)             4395 = HO1CO24C6 (r)          
 368 = C827OH (r)             2382 = MC6CO2OH (r)           4396 = C14O3IPCHO (r)         
 369 = C132OH (r)             2383 = EPXM2DCO3H (r)         4397 = CYC6DIONO2 (r)         
 370 = C127OH (r)             2384 = EPXM2DCO2H (r)         4398 = C6CO4M2DB (r)          
 371 = C139OH (r)             2385 = NBUTDBO (r)            4399 = C4MCODBCO2 (r)         
 372 = C1313OH (r)            2386 = MEK2OOA (r)            4400 = C121O2 (r)             
 373 = C117OH (r)             2387 = OXYQONE (r)            4401 = BUTDAO2 (r)            
 374 = C1212OH (r)            2388 = HM22C3OOH (r)          4402 = EBFUO2 (r)             
 375 = C1214O (r)             2389 = NBUTDBNO3 (r)          4403 = ACCOETO2 (r)           
 376 = PGAOOB (r)             2390 = C5M2OHCO3H (r)         4404 = NPBFUO2 (r)            
 377 = PPACLOOA (r)           2391 = NOXYQOOH (r)           4405 = C710O2 (r)             
 378 = PACLOOA (r)            2392 = C4DBM2CO3H (r)         4406 = NEBFUO2 (r)            
 379 = PPGAOOB (r)            2393 = UDECNO3 (r)            4407 = C14O3ECHO (r)          
 380 = CO2C3CO2H (r)          2394 = C42O (r)               4408 = NMXYFUO2 (r)           
 381 = MAE (r)                2395 = NC3CO2H (r)            4409 = NPPRBQO2 (r)           
 382 = N2O5 (r)               2396 = HO3C116O (r)           4410 = PEBQO2 (r)             
 383 = CH3O2NO2 (r)           2397 = C6OTKETCO (r)          4411 = NPEBQO2 (r)            
 384 = EIPKBO (r)             2398 = HO3C116NO3 (r)         4412 = C6ETCO4DB (r)          
 385 = M3PEAO (r)             2399 = NOXYFUOOH (r)          4413 = C8M2CO6OOH (r)         
 386 = M22C4O (r)             2400 = TMBO (r)               4414 = NPXYFUO2 (r)           
 387 = HEPTO (r)              2401 = TMBNO3 (r)             4415 = MXYQO2 (r)             
 388 = M2HEXAO (r)            2402 = DMPHOOH (r)            4416 = NMVK (r)               
 389 = M3HEXAO (r)            2403 = TM135BPNO3 (r)         4417 = C6PRCO4DB (r)          
 390 = H3M3C5O (r)            2404 = ACROOA (r)             4418 = C14O3PCHO (r)          
 391 = OCTO (r)               2405 = CO25C6OOH (r)          4419 = OETLQO2 (r)            
 392 = NONO (r)               2406 = TM124BO (r)            4420 = CH3OCHO (r)            
 393 = DECO (r)               2407 = TM124BNO3 (r)          4421 = HM23C4O2 (r)           
 394 = UDECO (r)              2408 = M33C4NO3 (r)           4422 = HO2CO4CHO (r)          
 395 = DDECO (r)              2409 = DM124O (r)             4423 = C101O2 (r)             
 396 = ISOPAO (r)             2410 = NTMB1FUOOH (r)         4424 = CO24M3C5OH (r)         
 397 = CO1C6O (r)             2411 = TM124QONE (r)          4425 = NOETLQO2 (r)           
 398 = HO3C5O (r)             2412 = HEXCNO3 (r)            4426 = C6CO4MEDB (r)          
 399 = C2H2 (r)               2413 = C7MOCOCO3H (r)         4427 = PXYBIPERO (r)          
 400 = CO2C54O (r)            2414 = NTM124QOOH (r)         4428 = MXYFUO2 (r)            
 401 = DIEKBO (r)             2415 = M3PEAOOH (r)           4429 = HO1C4O2 (r)            
 402 = HEX2ONAO (r)           2416 = C7CO2M5O (r)           4430 = NBZFUO2 (r)            
 403 = HEX3ONAO (r)           2417 = C7CO2M5OH (r)          4431 = H3M3C6O2 (r)           
 404 = HEX3ONDO (r)           2418 = TM123BO (r)            4432 = C4MALOHOOH (r)         
 405 = ME3BUOL (r)            2419 = TM123BNO3 (r)          4433 = NTLFUO2 (r)            
 406 = HEXBO (r)              2420 = DM123OOH (r)           4434 = NPTLQO2 (r)            
 407 = MMALANHYO (r)          2421 = TM123BPNO3 (r)         4435 = C7CO4DB (r)            
 408 = DMMALYO (r)            2422 = C52NO31OOH (r)         4436 = PPRBQO2 (r)            
 409 = EMALANHYO (r)          2423 = C57OOH (r)             4437 = NMXYQO2 (r)            
 410 = PMALANHYO (r)          2424 = M33C4OOH (r)           4438 = C8CO4DB (r)            
 411 = IPMALANHYO (r)         2425 = DMMALANHY (r)          4439 = CO2C54CHO (r)          
 412 = M2PEAO (r)             2426 = CO2H3MCO3H (r)         4440 = CH3CCL2O2 (r)          
 413 = C9DCO (r)              2427 = NTMB2FUOOH (r)         4441 = BOX2EOHAO2 (r)         
 414 = NOPINBO (r)            2428 = ISOPBOOH (r)           4442 = PRCOOMCHO (r)          
 415 = C8BCO (r)              2429 = C42CO3H (r)            4443 = DMEBIPRO2 (r)          
 416 = C811O (r)              2430 = C6H5C2H4O (r)          4444 = DMEBIPRO (r)           
 417 = C812O (r)              2431 = C6H5C2NO3 (r)          4445 = DM35EBO2 (r)           
 418 = DIBRETO (r)            2432 = EBZBPERNO3 (r)         4446 = NPROACEBO2 (r)         
 419 = C923O (r)              2433 = C6DICARBO (r)          4447 = NTM124OLO2 (r)         
 420 = C817O (r)              2434 = ECO4 (r)               4448 = C3M2COCO2H (r)         
 421 = C823O (r)              2435 = ECO3CO3H (r)           4449 = NPBNZOLO2 (r)          
 422 = C822O (r)              2436 = EBFUOOH (r)            4450 = C7DCCO2H (r)           
 423 = C729O (r)              2437 = BUTALAOOH (r)          4451 = IPROMC2O2 (r)          
 424 = C626O (r)              2438 = HM33C3O (r)            4452 = IPROMCCHO (r)          
 425 = C732O (r)              2439 = PEBQONE (r)            4453 = METLBIPRO2 (r)         
 426 = C731O (r)              2440 = NPEBQOOH (r)           4454 = METLBIPRO (r)          
 427 = C141O (r)              2441 = C7CO2DCO3H (r)         4455 = TM123BPRO2 (r)         
 428 = C928O (r)              2442 = C715CO2O (r)           4456 = NIPBNZOLO2 (r)         
 429 = C131O (r)              2443 = HC4ACO2H (r)           4457 = IC7DCCO2H (r)          
 430 = C132O (r)              2444 = C58OOH (r)             4458 = CATECHOL (r)           
 431 = C126O (r)              2445 = C63NO3 (r)             4459 = NBUACETCO2 (r)         
 432 = C137O (r)              2446 = PHC3O (r)              4460 = TLBIPERO2 (r)          
 433 = C136O (r)              2447 = PHC3NO3 (r)            4461 = TLBIPERO (r)           
 434 = C1311O (r)             2448 = PHCOETOOH (r)          4462 = HCOCO (r)              
 435 = C1011O (r)             2449 = PHCOCOME (r)           4463 = CH3SCH2O2 (r)          
 436 = C830O (r)              2450 = PBZBPERNO3 (r)         4464 = DMSO2O2 (r)            
 437 = C1013O (r)             2451 = C112OOH (r)            4465 = TOL1O (r)              
 438 = C116O (r)              2452 = C61CO3H (r)            4466 = NCRESO2 (r)            
 439 = C1211O (r)             2453 = PBFUOOH (r)            4467 = C2CL3OHAO2 (r)         
 440 = C1210O (r)             2454 = C4CHOAOOH (r)          4468 = EBZBIPERO2 (r)         
 441 = PEAO (r)               2455 = PPRBQONE (r)           4469 = EBZBIPERO (r)          
 442 = HEXAO (r)              2456 = M22C43NO3 (r)          4470 = BOXPROLBO2 (r)         
 443 = H2M2C4CO2H (r)         2457 = NPPRBQOOH (r)          4471 = BOXCOEOLO2 (r)         
 444 = C54OH (r)              2458 = C8CO2DCO3H (r)         4472 = NOXYOLO2 (r)           
 445 = M3PEAOH (r)            2459 = C815CO2O (r)           4473 = C5DBCOCO2H (r)         
 446 = HO14M3C5 (r)           2460 = PGLOOA (r)             4474 = C2CL3OHBO2 (r)         
 447 = H2M3C4CO2H (r)         2461 = CO1C6NO3 (r)           4475 = NMETOLO2 (r)           
 448 = C56OH (r)              2462 = MACRO (r)              4476 = ETOLO2 (r)             
 449 = C68OH (r)              2463 = PHIC3O (r)             4477 = H2M4CO5C6 (r)          
 450 = HO2C43CO2H (r)         2464 = PHCOMEOOH (r)          4478 = C2CL2OHO2 (r)          
 451 = M3PEBOH (r)            2465 = M22C43OOH (r)          4479 = MPHCOMEO2 (r)          
 452 = M2BKAOH (r)            2466 = IPBZBPRNO3 (r)         4480 = BOXPRONBO2 (r)         
 453 = C51CO2H (r)            2467 = CO1H63O (r)            4481 = BOXCOCOMO2 (r)         
 454 = M22C4OH (r)            2468 = C113NO3 (r)            4482 = ETBECO2 (r)            
 455 = HM22C3CO2H (r)         2469 = C62CO3H (r)            4483 = ETBECCHO (r)           
 456 = HM22C3OH (r)           2470 = NISOPO (r)             4484 = NMXYOLO2 (r)           
 457 = HM22CO2H (r)           2471 = IPBFUOOH (r)           4485 = NEBNZOLO2 (r)          
 458 = M33C4OH (r)            2472 = NISOPNO3 (r)           4486 = IPBZBIPRO2 (r)         
 459 = M33C3CO2H (r)          2473 = IC4CHOAOOH (r)         4487 = IPBZBIPRO (r)          
 460 = HM33C3CO2H (r)         2474 = IPRBQONE (r)           4488 = NC91CHO (r)            
 461 = M22C43OH (r)           2475 = C4NO3CO3H (r)          4489 = DE35TO2 (r)            
 462 = M23C4OH (r)            2476 = NIPRBQOOH (r)          4490 = ETHACET (r)            
 463 = HM23C4OH (r)           2477 = C8DCO2CO3H (r)         4491 = NPETOLO2 (r)           
 464 = M2C43CO2H (r)          2478 = C7M15CO2O (r)          4492 = PHC3O2 (r)             
 465 = HM2C43CO2H (r)         2479 = EOX2OLANO3 (r)         4493 = PBZBIPERO2 (r)         
 466 = NC7H16 (r)             2480 = NC4CO2H (r)            4494 = PBZBIPERO (r)          
 467 = HEPTOH (r)             2481 = PE1ENEAO (r)           4495 = NPXYOLO2 (r)           
 468 = HO25C7 (r)             2482 = EOX2OLAOOH (r)         4496 = ETBEAO2 (r)            
 469 = M2HEXAOH (r)           2483 = EOX2COMEOH (r)         4497 = ETBEACHO (r)           
 470 = M2HEXBO (r)            2484 = C82NO3 (r)             4498 = EMPHCOMO2 (r)          
 471 = CO2C54CO2H (r)         2485 = ETOLO (r)              4499 = PETLBIPRO (r)          
 472 = M3HEXAOH (r)           2486 = ETOLNO3 (r)            4500 = INCNO3 (r)             
 473 = M3HEXBO (r)            2487 = M23C4NO3 (r)           4501 = C7BDICARB (r)          
 474 = HEXAOH (r)             2488 = MPHCOMEOOH (r)         4502 = OETLPOXMUC (r)         
 475 = H14M4C6 (r)            2489 = ALLYLOH (r)            4503 = ECATECHOL (r)          
 476 = H3M3C5CO2H (r)         2490 = OETLQONE (r)           4504 = OXYEPOXMUC (r)         
 477 = H13M3C5 (r)            2491 = C5MEJCO3H (r)          4505 = C536OOH (r)            
 478 = H134M3C5 (r)           2492 = C114OOH (r)            4506 = ISOPDOOH (r)           
 479 = NC8H18 (r)             2493 = NOETLQOOH (r)          4507 = C71O2 (r)              
 480 = OCTOH (r)              2494 = C4DBMECO3H (r)         4508 = M33C3CHO (r)           
 481 = HO36C8 (r)             2495 = GAOOB (r)              4509 = C51NO32O (r)           
 482 = NC9H20 (r)             2496 = MC7CO2OOH (r)          4510 = NTMB1FUO2 (r)          
 483 = NONOH (r)              2497 = EOX2EOLBO (r)          4511 = C616O2 (r)             
 484 = HO36C9 (r)             2498 = ACLOOA (r)             4512 = C616O (r)              
 485 = NC10H22 (r)            2499 = H3M3C5NO3 (r)          4513 = DICLETO2 (r)           
 486 = DECOH (r)              2500 = C7CDCCO2H (r)          4514 = CLETAL (r)             
 487 = HO36C10 (r)            2501 = METLBIPNO3 (r)         4515 = CO25C7 (r)             
 488 = NC11H24 (r)            2502 = METLOBPROH (r)         4516 = M23C4O2 (r)            
 489 = M2PECOH (r)            2503 = METLQONE (r)           4517 = HEX3ONE (r)            
 490 = UDECOH (r)             2504 = M2PE (r)               4518 = C52NO33O (r)           
 491 = HO36C11 (r)            2505 = C6EO2HCO3H (r)         4519 = TBUACCO (r)            
 492 = NC12H26 (r)            2506 = NMETLQOOH (r)          4520 = EIPKAO2 (r)            
 493 = DDECOH (r)             2507 = BUTALNO3 (r)           4521 = C621O2 (r)             
 494 = HO36C12 (r)            2508 = C4MNO31OOH (r)         4522 = SBUACONEO2 (r)         
 495 = C6H13CO2H (r)          2509 = C826CO3OOH (r)         4523 = CLCOCCL2O2 (r)         
 496 = CHEX (r)               2510 = IBUALANO3 (r)          4524 = CHCL2CL2O2 (r)         
 497 = ETHGLY (r)             2511 = IBUTALBO2H (r)         4525 = IPRACBCHO (r)          
 498 = CH3CCH3OOA (r)         2512 = PETLQONE (r)           4526 = CL2OHCHO (r)           
 499 = C2H5MECOOA (r)         2513 = NPETLQOOH (r)          4527 = HO1C6O2 (r)            
 500 = NEOPOH (r)             2514 = C5EDBCO3H (r)          4528 = C928O2 (r)             
 501 = CH3CCH3OOB (r)         2515 = DDECNO3 (r)            4529 = C611O2 (r)             
 502 = BUTDAOH (r)            2516 = C7M6CO2O (r)           4530 = C5NO3CO4O2 (r)         
 503 = CO1C6OH (r)            2517 = C7M6CO2OH (r)          4531 = MACRNB (r)             
 504 = HOIPRCO2H (r)          2518 = PE2ENEAO (r)           4532 = C62NO33O (r)           
 505 = CO2M33CO2H (r)         2519 = C4CHOBNO3 (r)          4533 = C510O2 (r)             
 506 = BUT2OLOH (r)           2520 = C4CHOBOOH (r)          4534 = MTBKO2 (r)             
 507 = C3ME3CO2H (r)          2521 = M2PEANO3 (r)           4535 = C92O2 (r)              
 508 = CYHXDIOLA (r)          2522 = DM35EBO (r)            4536 = C4CHOBO2 (r)           
 509 = HO3C5CO2H (r)          2523 = DM35EBNO3 (r)          4537 = CO2M33CHO (r)          
 510 = CH3OCH2OH (r)          2524 = HM23C4NO3 (r)          4538 = C7MCO3OHO2 (r)         
 511 = DIETETOH (r)           2525 = HO3C126O (r)           4539 = M2BKBO2 (r)            
 512 = ETHFORMOH (r)          2526 = DMPHCOMOOH (r)         4540 = HO3C6O2 (r)            
 513 = MTBEAOH (r)            2527 = DMPHGLYOX (r)          4541 = HO1MC5O2 (r)           
 514 = MTBEACHOHO (r)         2528 = MEKANO3 (r)            4542 = ACEETOHO2 (r)          
 515 = MTBEALCO2H (r)         2529 = HO3C126NO3 (r)         4543 = C7DDCO2 (r)            
 516 = MTBEBOH (r)            2530 = MEKAOOH (r)            4544 = M3PEAO2 (r)            
 517 = MTBEBCO2H (r)          2531 = HO1MC5O (r)            4545 = M22C4O2 (r)            
 518 = HO13C5 (r)             2532 = M23C4OOH (r)           4546 = CO2N3CHO (r)           
 519 = ETBEAOH (r)            2533 = NMEBFUOOH (r)          4547 = CO2HOC61O2 (r)         
 520 = ETBEBOH (r)            2534 = HM23C4OOH (r)          4548 = HM22C4O2 (r)           
 521 = MO2EOLA2OH (r)         2535 = PE2ENEANO3 (r)         4549 = C53NO32O (r)           
 522 = MO2EOLB2OH (r)         2536 = C67NO3 (r)             4550 = C5CONO34O2 (r)         
 523 = CHOOMCO2H (r)          2537 = DE35TO (r)             4551 = NPHENO2 (r)            
 524 = MEMOXYCO2H (r)         2538 = DE35TNO3 (r)           4552 = C81O2 (r)              
 525 = EOX2ETA2OH (r)         2539 = EMPHCOMOOH (r)         4553 = C88CHO (r)             
 526 = EOX2ETB2OH (r)         2540 = ETOMEO (r)             4554 = IPRBQO2 (r)            
 527 = ETOMECO2H (r)          2541 = EMPHGLYOX (r)          4555 = HM2C43CHO (r)          
 528 = ETOMEOH (r)            2542 = EMPHOOH (r)            4556 = C728O2 (r)             
 529 = PROH2MOX (r)           2543 = C3EODBCO2H (r)         4557 = C63NO32O (r)           
 530 = BOXOHETOH (r)          2544 = EIPKBNO3 (r)           4558 = C7ADCO2 (r)            
 531 = BOX2E2OH (r)           2545 = MPRKNO3 (r)            4559 = C54CHO (r)             
 532 = BOXMCO2H (r)           2546 = C7ODLBCO3H (r)         4560 = CCL3O2 (r)             
 533 = BOXMOH (r)             2547 = C9M2CO6OOH (r)         4561 = CY6TRIONO2 (r)         
 534 = BUOHFORM (r)           2548 = ETOMENO3 (r)           4562 = C623O2 (r)             
 535 = BOXOHPROL (r)          2549 = C3EDIALO (r)           4563 = H1MC5O2 (r)            
 536 = BOXPR2OH (r)           2550 = CO24C63OOH (r)         4564 = BOXCOCHOO2 (r)         
 537 = BOXPRONOH (r)          2551 = C613O (r)              4565 = C23O3ECHO (r)          
 538 = CHOOCH2OH (r)          2552 = M2PEAOOH (r)           4566 = C6CONO34O (r)          
 539 = METACETOH (r)          2553 = PGLOOB (r)             4567 = HM33C4O2 (r)           
 540 = ETHACETOH (r)          2554 = DIEKBNO3 (r)           4568 = NDMMALYO2 (r)          
 541 = NPRACAOH (r)           2555 = HM2C43O (r)            4569 = C5124COO2 (r)          
 542 = ACPRONEOH (r)          2556 = NOPINANO3 (r)          4570 = C730O2 (r)             
 543 = NPRACBOH (r)           2557 = DIEKBOOH (r)           4571 = C519CHO (r)            
 544 = ACETCOC2H5 (r)         2558 = HM2C43NO3 (r)          4572 = C7CO4EDB (r)           
 545 = NPRACCOH (r)           2559 = HOCO3C5OOH (r)         4573 = C5CONO34O (r)          
 546 = ACETC2CO2H (r)         2560 = MIPKBNO3 (r)           4574 = C4M3NO31O (r)          
 547 = HO134C5 (r)            2561 = C87OOH (r)             4575 = C4MCONO3O2 (r)         
 548 = IPRACBOH (r)           2562 = C122OOH (r)            4576 = HO24C4CHO (r)          
 549 = IPRACBCO2H (r)         2563 = HOIPRGLYOX (r)         4577 = CO25C6CHO (r)          
 550 = NBUACAOH (r)           2564 = C915NO3 (r)            4578 = C76O2 (r)              
 551 = NBUACBOH (r)           2565 = C916O (r)              4579 = C731O2 (r)             
 552 = NBUACCOH (r)           2566 = H13C43CO3H (r)         4580 = CO3C54CHO (r)          
 553 = SBUACBOH (r)           2567 = PE1ENEANO3 (r)         4581 = MOXY2CHO (r)           
 554 = TBUACOH (r)            2568 = H2M3C4NO3 (r)          4582 = C112O2 (r)             
 555 = CH2CLOH (r)            2569 = M23C43O (r)            4583 = NC728O2 (r)            
 556 = CHCL2OH (r)            2570 = C41CO2H (r)            4584 = NC623O2 (r)            
 557 = CCL3CH2OH (r)          2571 = M23C43NO3 (r)          4585 = MC4CONO3O (r)          
 558 = C2CL2OH2 (r)           2572 = C718O (r)              4586 = CH3SO (r)              
 559 = HOCH2COCO2H (r)        2573 = C718NO3 (r)            4587 = C8CO3OHO2 (r)          
 560 = C96O (r)               2574 = HO1C6O (r)             4588 = BCAO2 (r)              
 561 = C97O (r)               2575 = HEX2ONANO3 (r)         4589 = BCBO2 (r)              
 562 = C97OH (r)              2576 = C123NO3 (r)            4590 = BCCO2 (r)              
 563 = C98OH (r)              2577 = HEX2ONAOOH (r)         4591 = NSTYRENO2 (r)          
 564 = PINALOH (r)            2578 = PE2ENEBO (r)           4592 = BCALO2 (r)             
 565 = PINALO (r)             2579 = PE2ENEBNO3 (r)         4593 = C4MCO2O (r)            
 566 = C106OH (r)             2580 = C618OOH (r)            4594 = C151O2 (r)             
 567 = C720OH (r)             2581 = C917O (r)              4595 = MECOFORMO2 (r)         
 568 = C107O (r)              2582 = C512NO3 (r)            4596 = BU1ENO3O (r)           
 569 = C107OH (r)             2583 = HEX2ONBNO3 (r)         4597 = HO2MC5O2 (r)           
 570 = C108OH (r)             2584 = HEX2ONBOOH (r)         4598 = BCKAO2 (r)             
 571 = DMMAOH (r)             2585 = PR2OHMOXO (r)          4599 = BCKBO2 (r)             
 572 = MMFOH (r)              2586 = BPINBNO3 (r)           4600 = C4MCO2OOH (r)          
 573 = DMMBOH (r)             2587 = C918CO3H (r)           4601 = C102O2 (r)             
 574 = DMCOH (r)              2588 = BPINCO (r)             4602 = M22C3CHO (r)           
 575 = MMCFOH (r)             2589 = NC91CO3H (r)           4603 = MOXYCOCHO (r)          
 576 = IPROMC2OH (r)          2590 = C810O (r)              4604 = M3C4CHO (r)            
 577 = IPROC21OH (r)          2591 = C514O (r)              4605 = HOIBUTCHO (r)          
 578 = ETBECOH (r)            2592 = C514NO3 (r)            4606 = C1313O2 (r)            
 579 = H2C3OCOH (r)           2593 = HO3C76O (r)            4607 = CO1M22CHO (r)          
 580 = TBOCOCH2OH (r)         2594 = HEPTNO3 (r)            4608 = H2MC5O2 (r)            
 581 = BZBIPER2OH (r)         2595 = HEX3ONANO3 (r)         4609 = HO3CO6C8 (r)           
 582 = CO2C4DIAL (r)          2596 = C919O (r)              4610 = C43NO34O (r)           
 583 = MALANHY2OH (r)         2597 = C124OOH (r)            4611 = C1310O2 (r)            
 584 = PBZQOH (r)             2598 = C813O (r)              4612 = C23O3CCHO (r)          
 585 = PBZQCO (r)             2599 = CO13C3CO2H (r)         4613 = C1312O2 (r)            
 586 = PBZQOOH (r)            2600 = EIPKAOOH (r)           4614 = C1311O2 (r)            
 587 = BZFUOH (r)             2601 = HEX3ONDNO3 (r)         4615 = C42CHO (r)             
 588 = TOLUENE (r)            2602 = C721OOH (r)            4616 = CO235C6O2 (r)          
 589 = C6H5CH2OH (r)          2603 = C722OOH (r)            4617 = C5CO243OH (r)          
 590 = TLBIPER2OH (r)         2604 = C44OOH (r)             4618 = M23C43O2 (r)           
 591 = PTLQOH (r)             2605 = C811NO3 (r)            4619 = HOC4CHOO2 (r)          
 592 = PTLQCO (r)             2606 = HEX3ONDOOH (r)         4620 = MIBKHO4CHO (r)         
 593 = PTLQOOH (r)            2607 = MBOOOA (r)             4621 = C711O2 (r)             
 594 = HEXBOH (r)             2608 = MBOAO (r)              4622 = IBUTALBO2 (r)          
 595 = MXYLOH (r)             2609 = MBOANO3 (r)            4623 = MIBKCOOHO2 (r)         
 596 = MXYLCO2H (r)           2610 = PRONEMOOOH (r)         4624 = C613O2 (r)             
 597 = MXYBPER2OH (r)         2611 = MBOBO (r)              4625 = C1213O2 (r)            
 598 = HO25C6 (r)             2612 = MBOBNO3 (r)            4626 = C1215O2 (r)            
 599 = C23O3MCO2H (r)         2613 = IPRHOCO2H (r)          4627 = C1214O2 (r)            
 600 = C23O3MOH (r)           2614 = NMBOAO (r)             4628 = C4CO2OOH (r)           
 601 = NBZFUONE (r)           2615 = NMBOBO (r)             4629 = NBCO2 (r)              
 602 = PXYLOH (r)             2616 = C4OH2CO3H (r)          4630 = NBCALO2 (r)            
 603 = TOL4OHNO2 (r)          2617 = NC4OHCO3H (r)          4631 = NBCKO2 (r)             
 604 = PXYLCO2H (r)           2618 = CH2BROOH (r)           4632 = NC1313O2 (r)           
 605 = C23O3CCO2H (r)         2619 = C71OOH (r)             4633 = C525O2 (r)             
 606 = OXYLOH (r)             2620 = CH2CLCOOH (r)          4634 = C7CO3OHO2 (r)          
 607 = OXYLCO2H (r)           2621 = MCOCOMOOOH (r)         4635 = HMACRO2 (r)            
 608 = OXYQOH (r)             2622 = CHCL3OOH (r)           4636 = PRONOCOMO2 (r)         
 609 = OXYQCO (r)             2623 = HO2C54NO3 (r)          4637 = M2C43CHO (r)           
 610 = OXYQOOH (r)            2624 = HO3C5NO3 (r)           4638 = NC51O2 (r)             
 611 = C6OTKETOH (r)          2625 = CLCOCLO (r)            4639 = C122O2 (r)             
 612 = TMBOH (r)              2626 = CHCL2COOH (r)          4640 = C530O2 (r)             
 613 = DMPHOHNO2 (r)          2627 = HO24C5O (r)            4641 = STYRENO2 (r)           
 614 = TMBCO2H (r)            2628 = CLCOCL2OOH (r)         4642 = C66NO35O (r)           
 615 = TM135BP2OH (r)         2629 = CHEXNO3 (r)            4643 = C4M2NO32O (r)          
 616 = TM135MUOH (r)          2630 = CL12PRAOOH (r)         4644 = COO2C3CHO (r)          
 617 = TM124BOH (r)           2631 = C72NO3 (r)             4645 = MIPK (r)               
 618 = TM124BCO2H (r)         2632 = C52NO33OOH (r)         4646 = CO1C6O2 (r)            
 619 = DM124OHNO2 (r)         2633 = M2PECNO3 (r)           4647 = C516O2 (r)             
 620 = TM123BOH (r)           2634 = CH3COCLOOH (r)         4648 = H13C43CHO (r)          
 621 = TM123BCO2H (r)         2635 = CL12PRCOOH (r)         4649 = EOX2ETCHO (r)          
 622 = TM123BP2OH (r)         2636 = CL2OHCH2O (r)          4650 = C23O3MCHO (r)          
 623 = C7ADCOH (r)            2637 = CL2OHCH2OH (r)         4651 = MACROH (r)             
 624 = HEXCOH (r)             2638 = CL2OHCO3H (r)          4652 = HO1C5O2 (r)            
 625 = C6H5C2OH (r)           2639 = HOCH2CH2O (r)          4653 = MEKCOH (r)             
 626 = C6H5C2CO2H (r)         2640 = C84OOH (r)             4654 = H3M3C5CHO (r)          
 627 = EBZBPER2OH (r)         2641 = C73OOH (r)             4655 = MTBEAO2 (r)            
 628 = EBFUOH (r)             2642 = MACROHO (r)            4656 = HO13C3CHO (r)          
 629 = NEBFUONE (r)           2643 = MIBKAOH (r)            4657 = MPRK (r)               
 630 = PEBQOH (r)             2644 = ETHOHNO3 (r)           4658 = HO2C5O2 (r)            
 631 = PEBQCO (r)             2645 = C3H5CO2H (r)           4659 = ACPRONEO2 (r)          
 632 = PEBQOOH (r)            2646 = COCCOHCO (r)           4660 = HOBUT2CHO (r)          
 633 = PHC3OH (r)             2647 = COCCOHNO3 (r)          4661 = IBUTDIAL (r)           
 634 = PHCOETOH (r)           2648 = HO2M2C4OOH (r)         4662 = C517O2 (r)             
 635 = PBZBPER2OH (r)         2649 = CH2OHCCLO (r)          4663 = C622O2 (r)             
 636 = PBFUOH (r)             2650 = CCLOHCOOH (r)          4664 = NBUACETBO2 (r)         
 637 = NPBFUONE (r)           2651 = CLOHCO3H (r)           4665 = C116O2 (r)             
 638 = PPRBQOH (r)            2652 = MIBK3CO (r)            4666 = CO123C5CHO (r)         
 639 = PPRBQCO (r)            2653 = INAO (r)               4667 = C126O2 (r)             
 640 = PPRBQOOH (r)           2654 = CO25C73OOH (r)         4668 = PXYL1O2 (r)            
 641 = PHCOMEOH (r)           2655 = INANCHO (r)            4669 = PXYEPOXMUC (r)         
 642 = IPBZBPR2OH (r)         2656 = INANCO3H (r)           4670 = TM124O2 (r)            
 643 = IPBFUOH (r)            2657 = INB1GLYOX (r)          4671 = PBENZO2 (r)            
 644 = NIPBFUONE (r)          2658 = INAHPPAN (r)           4672 = CL1GLYOX (r)           
 645 = IPRBQOH (r)            2659 = MTBKNO3 (r)            4673 = T124CAT1O2 (r)         
 646 = IPRBQCO (r)            2660 = INAHCO3H (r)           4674 = DMPHCOMO2 (r)          
 647 = ETOLOH (r)             2661 = HOCH2CO3H (r)          4675 = NT124L1O2 (r)          
 648 = OETLQOH (r)            2662 = INB1O (r)              4676 = INB1NO3 (r)            
 649 = OETLQCO (r)            2663 = INB1OH (r)             4677 = OXCATEC1O2 (r)         
 650 = OETLQOOH (r)           2664 = CO25C74OOH (r)         4678 = PXY1O2 (r)             
 651 = DM35EBOH (r)           2665 = PRCOOMOOH (r)          4679 = EMPHO2 (r)             
 652 = C7DDCOH (r)            2666 = INB1NBCHO (r)          4680 = EMPHCO3 (r)            
 653 = C23O3ECO2H (r)         2667 = INCO (r)               4681 = EMPOHNO2O2 (r)         
 654 = C23O3EOH (r)           2668 = BOXEOHBNO3 (r)         4682 = METLPOXMUC (r)         
 655 = DMEBMUOH (r)           2669 = INCGLYOX (r)           4683 = INDHPCO3 (r)           
 656 = DE35TOH (r)            2670 = INCNCO3H (r)           4684 = PCATEC1O2 (r)          
 657 = HOEMPHNO2 (r)          2671 = MACRNBPAN (r)          4685 = PXCATEC1O2 (r)         
 658 = DETLMUOH (r)           2672 = HOCH2CO2H (r)          4686 = IPBENZO2 (r)           
 659 = MEK2OOC (r)            2673 = CO245C7 (r)            4687 = NORLIMAL (r)           
 660 = NSTYRENOOH (r)         2674 = INDHCO3H (r)           4688 = NPHEN1O2 (r)           
 661 = NOPINAOH (r)           2675 = CO2N3CO3H (r)          4689 = NBUACETAO2 (r)         
 662 = C9DCOH (r)             2676 = CH2OOA (r)             4690 = CATEC1O2 (r)           
 663 = C914OH (r)             2677 = HM22COCHO (r)          4691 = NPXYOL1O2 (r)          
 664 = C914CO (r)             2678 = INB1NACO3H (r)         4692 = NPBNZ1O2 (r)           
 665 = C914OOH (r)            2679 = INB1NBCO3H (r)         4693 = TLEPOXMUC (r)          
 666 = C87OH (r)              2680 = INB1HPPAN (r)          4694 = C720O2 (r)             
 667 = NOPINBOH (r)           2681 = LIMAOOH (r)            4695 = IPCATEC1O2 (r)         
 668 = C915OH (r)             2682 = OCTNO3 (r)             4696 = NOETOL1O2 (r)          
 669 = C916OH (r)             2683 = LIMBNO3 (r)            4697 = CH3CHCLO2 (r)          
 670 = M2PEAOH (r)            2684 = LIMBOOH (r)            4698 = C5CO14CO2 (r)          
 671 = C88CO2H (r)            2685 = LIMCNO3 (r)            4699 = MC3CODBCO2 (r)         
 672 = C88OH (r)              2686 = LIMALNO3 (r)           4700 = NIPBNZ1O2 (r)          
 673 = NOPINCO (r)            2687 = CYHXONANO3 (r)         4701 = DMPHO2 (r)             
 674 = HO14MC5 (r)            2688 = C923NO3 (r)            4702 = TM123O2 (r)            
 675 = C619OH (r)             2689 = ETHO2HNO3 (r)          4703 = T123CAT1O2 (r)         
 676 = NOPINDOH (r)           2690 = C924OOH (r)            4704 = DIIPRETO2 (r)          
 677 = NOPINDCO (r)           2691 = C74O (r)               4705 = SBUACETBO2 (r)         
 678 = NOPINDOOH (r)          2692 = C924CO (r)             4706 = NT123L1O2 (r)          
 679 = C89OH (r)              2693 = C817CO (r)             4707 = MCATEC1O2 (r)          
 680 = C89O (r)               2694 = KLIMONONIC (r)         4708 = NCRES1O2 (r)           
 681 = C810OH (r)             2695 = C817NO3 (r)            4709 = EBZPOXMUC (r)          
 682 = C8BCOH (r)             2696 = C6COCHOOOH (r)         4710 = PXYOLO (r)             
 683 = C918OH (r)             2697 = C818OOH (r)            4711 = C6MOHCOCO3 (r)         
 684 = C918O (r)              2698 = HO3C5OOH (r)           4712 = MXYBIPERO2 (r)         
 685 = C919OH (r)             2699 = C819OOH (r)            4713 = MXYBIPERO (r)          
 686 = PINIC (r)              2700 = NO3CH2CO3H (r)         4714 = MXYEPOXMUC (r)         
 687 = C811OH (r)             2701 = C727OOH (r)            4715 = C6DCARBBO (r)          
 688 = C813OH (r)             2702 = C820OOH (r)            4716 = C6145COO2 (r)          
 689 = NORPINIC (r)           2703 = C53NO32OOH (r)         4717 = MXYL1O2 (r)            
 690 = NMBOBCO (r)            2704 = C622O (r)              4718 = TOL1OHNO2 (r)          
 691 = BUT2CO2H (r)           2705 = C622NO3 (r)            4719 = TM124OXMUC (r)         
 692 = CH2BROH (r)            2706 = HYPROPO (r)            4720 = MGLOOB (r)             
 693 = CH3CHCLOH (r)          2707 = C728NO3 (r)            4721 = MET1O2 (r)             
 694 = CH2CLCH2OH (r)         2708 = CY6DIONO (r)           4722 = HM22C3O2 (r)           
 695 = CHCL2CHOH (r)          2709 = C517O (r)              4723 = EGLYOOB (r)            
 696 = CL12PRAOH (r)          2710 = C517NO3 (r)            4724 = TM135BPRO2 (r)         
 697 = CL12CO2H (r)           2711 = NONNO3 (r)             4725 = C719O2 (r)             
 698 = CLETO2H (r)            2712 = C623NO3 (r)            4726 = OETLBIPRO2 (r)         
 699 = BRETO2H (r)            2713 = M2HEXANO3 (r)          4727 = PRONFORMO2 (r)         
 700 = CHCL2CO2H (r)          2714 = PROPGLY (r)            4728 = CHOC4OHO2 (r)          
 701 = CL12PRCOH (r)          2715 = CY6DIONOH (r)          4729 = NPETOL1O2 (r)          
 702 = OCCOHCOH (r)           2716 = LMKAOOH (r)            4730 = MTCATEC1O2 (r)         
 703 = C2OHOCO2H (r)          2717 = C6135COOOH (r)         4731 = TM135OXMUC (r)         
 704 = CNO3CLOH (r)           2718 = LMKBNO3 (r)            4732 = NOXYOL1O2 (r)          
 705 = CCLNO3COH (r)          2719 = LMKBOOH (r)            4733 = PRONEMOXO2 (r)         
 706 = IEPOXA (r)             2720 = CH3CHOOA (r)           4734 = ACCOC3H6O2 (r)         
 707 = HO2C54CO2H (r)         2721 = LIMALAOOH (r)          4735 = ACCOMCOMO2 (r)         
 708 = INAOH (r)              2722 = LIMALACO (r)           4736 = OXYBIPERO2 (r)         
 709 = HO24C5 (r)             2723 = LIMALBOOH (r)          4737 = NMETOL1O2 (r)          
 710 = INB2O (r)              2724 = C4MNO32OOH (r)         4738 = MXY1O2 (r)             
 711 = INCOH (r)              2725 = LIMALBCO (r)           4739 = PHIC3O2 (r)            
 712 = INDOH (r)              2726 = H2M5C65O (r)           4740 = EBENZO2 (r)            
 713 = C923OH (r)             2727 = C823NO3 (r)            4741 = MXCATEC1O2 (r)         
 714 = C924OH (r)             2728 = C413COOOH (r)          4742 = ECATEC1O2 (r)          
 715 = C622CO2H (r)           2729 = C825OOH (r)            4743 = C3MCOCO2H (r)          
 716 = C622OH (r)             2730 = C822NO3 (r)            4744 = C45O2 (r)              
 717 = C517CO2H (r)           2731 = C824CO (r)             4745 = NMXYOL1O2 (r)          
 718 = C517OH (r)             2732 = HO3C96O (r)            4746 = NEBNZ1O2 (r)           
 719 = C518CO2H (r)           2733 = C729NO3 (r)            4747 = C43OHCOCHO (r)         
 720 = HMVKBCO2H (r)          2734 = C826NO3 (r)            4748 = DM124O2 (r)            
 721 = C822CO2H (r)           2735 = HO3C96NO3 (r)          4749 = DETLPOXMUC (r)         
 722 = LIMONIC (r)            2736 = C624NO3 (r)            4750 = CLCOCLMEO2 (r)         
 723 = C823OH (r)             2737 = C5124COOOH (r)         4751 = CLCOCH2O2 (r)          
 724 = C825OH (r)             2738 = C625OOH (r)            4752 = NPXYQO2 (r)            
 725 = C822OH (r)             2739 = C730NO3 (r)            4753 = C5DBCO2CO3 (r)         
 726 = C824OH (r)             2740 = PR1O2HNO3 (r)          4754 = SBUACETAO2 (r)         
 727 = C826OH (r)             2741 = ALCOCH2OOH (r)         4755 = PHCOMEO2 (r)           
 728 = C624CO2H (r)           2742 = C626NO3 (r)            4756 = IC7DCCO2 (r)           
 729 = C624OH (r)             2743 = C519OOH (r)            4757 = PET1O2 (r)             
 730 = C519CO2H (r)           2744 = C627OOH (r)            4758 = OTCATEC1O2 (r)         
 731 = LMKOOA (r)             2745 = PRNO3CO3H (r)          4759 = PHCOETO2 (r)           
 732 = C731CO2H (r)           2746 = LMLKAOOH (r)           4760 = PHCOCOCO2 (r)          
 733 = KLIMONIC (r)           2747 = ME3BUOLNO3 (r)         4761 = PTCATEC1O2 (r)         
 734 = C732OH (r)             2748 = LMLKACO (r)            4762 = NPROACEAO2 (r)         
 735 = C734OH (r)             2749 = LMLKBOOH (r)           4763 = C7DCCO2 (r)            
 736 = C731OH (r)             2750 = LMLKBCO (r)            4764 = OET1O2 (r)             
 737 = C733OH (r)             2751 = C6COALCO3H (r)         4765 = DMEBPOXMUC (r)         
 738 = HO124C5 (r)            2752 = C732NO3 (r)            4766 = IPBZPOXMUC (r)         
 739 = NC826OH (r)            2753 = C6COALCO2H (r)         4767 = PBZPOXMUC (r)          
 740 = CO1H63OH (r)           2754 = C734OOH (r)            4768 = C4CONO3CO (r)          
 741 = CH3SCH2OH (r)          2755 = C5COCHOOOH (r)         4769 = CCLOHCH2O2 (r)         
 742 = DMSO (r)               2756 = C731NO3 (r)            4770 = ETBEBO2 (r)            
 743 = DMSO2 (r)              2757 = CO24C53O (r)           4771 = TBOCOCH2O2 (r)         
 744 = C141OH (r)             2758 = CHOC2H4OOH (r)         4772 = MTBEACHOO2 (r)         
 745 = C142O (r)              2759 = C76OOH (r)             4773 = CCLNO3O2 (r)           
 746 = C143OH (r)             2760 = C733CO (r)             4774 = PRCOOMCO3 (r)          
 747 = C630OH (r)             2761 = M3PEBNO3 (r)           4775 = MIBK3COO2 (r)          
 748 = C928CO2H (r)           2762 = C628OOH (r)            4776 = ISOPAOOH (r)           
 749 = C928OH (r)             2763 = HO24C4CO3H (r)         4777 = TMBCO3 (r)             
 750 = C929OH (r)             2764 = C735OOH (r)            4778 = MXYOHNO2O2 (r)         
 751 = C827CO2H (r)           2765 = PR2O2HNO3 (r)          4779 = C612O2 (r)             
 752 = C827OOH (r)            2766 = NLIMOOH (r)            4780 = ETBECCO3 (r)           
 753 = C131OH (r)             2767 = IPROPOLO (r)           4781 = C65NO36CHO (r)         
 754 = C126CO2H (r)           2768 = PROLNO3 (r)            4782 = CHCL2O2 (r)            
 755 = C126OH (r)             2769 = CH3COCH2O (r)          4783 = C3MNO3CHO (r)          
 756 = C127O (r)              2770 = NLMKAOOH (r)           4784 = ETHENO3O2 (r)          
 757 = C128OH (r)             2771 = HO3C4O (r)             4785 = ACBUONEBO2 (r)         
 758 = C136CO2H (r)           2772 = IPROPOLPER (r)         4786 = ACCOCOETO2 (r)         
 759 = C137CO2H (r)           2773 = NBUTOLAO (r)           4787 = C74O2 (r)              
 760 = C137OH (r)             2774 = HO3C4NO3 (r)           4788 = C6COCHOO2 (r)          
 761 = C139O (r)              2775 = BUFORMOOH (r)          4789 = M2HEXBO2 (r)           
 762 = C1310OH (r)            2776 = CH3SCH2OOH (r)         4790 = BRETO3 (r)             
 763 = C136OH (r)             2777 = CH3SCHO (r)            4791 = M3PECO2 (r)            
 764 = HO2M2C5OH (r)          2778 = CH3SOO2NO2 (r)         4792 = CO24C6O2 (r)           
 765 = C1311OH (r)            2779 = NBUTOLBNO3 (r)         4793 = C52NO31CO (r)          
 766 = C1312OH (r)            2780 = CH3SO4NO2 (r)          4794 = BOXMCO3 (r)            
 767 = C736OH (r)             2781 = NBUTOLBOOH (r)         4795 = HO4CO7C9 (r)           
 768 = BCALOOA (r)            2782 = CH3SO2CHO (r)          4796 = C519O2 (r)             
 769 = C146OH (r)             2783 = BCAOOH (r)             4797 = C733O2 (r)             
 770 = C1011CO2H (r)          2784 = HO3C3CO3H (r)          4798 = HO7CO10C12 (r)         
 771 = C1011OH (r)            2785 = BCBNO3 (r)             4799 = C6O4KETO2 (r)          
 772 = C1012OH (r)            2786 = BCBOOH (r)             4800 = NC730O2 (r)            
 773 = C141OOA (r)            2787 = BCCNO3 (r)             4801 = METLMUCCO3 (r)         
 774 = C147OH (r)             2788 = C2H5CHOOA (r)          4802 = CO234C65O2 (r)         
 775 = BCBOOA (r)             2789 = BCALNO3 (r)            4803 = C62O2 (r)              
 776 = C126OOA (r)            2790 = C141NO3 (r)            4804 = C141CO (r)             
 777 = C129OH (r)             2791 = C77NO3 (r)             4805 = C630O2 (r)             
 778 = C830CO2H (r)           2792 = HO3C86O (r)            4806 = C513O2 (r)             
 779 = C830OH (r)             2793 = C142NO3 (r)            4807 = H2M2C4CHO (r)          
 780 = C831OH (r)             2794 = IBUTOLCNO3 (r)         4808 = HO5CO8C10 (r)          
 781 = C148OH (r)             2795 = C143NO3 (r)            4809 = PR2OHMOXO2 (r)         
 782 = C1013CO2H (r)          2796 = IBUTOLCO2H (r)         4810 = C521O2 (r)             
 783 = C1013OH (r)            2797 = C927O (r)              4811 = C135O2 (r)             
 784 = C1014OH (r)            2798 = TBUTOLO (r)            4812 = C6H5CH2CO3 (r)         
 785 = M2PEBOH (r)            2799 = M2PEBNO3 (r)           4813 = C5CO23O2 (r)           
 786 = C116CO2H (r)           2800 = C630OOH (r)            4814 = C128O2 (r)             
 787 = C116OH (r)             2801 = C46CO3H (r)            4815 = TM124BPRO2 (r)         
 788 = C117O (r)              2802 = PRCOFOROOH (r)         4816 = C614CO (r)             
 789 = C118OH (r)             2803 = ME3BUOLO (r)           4817 = C736O2 (r)             
 790 = C1210CO2H (r)          2804 = C928NO3 (r)            4818 = BUTDBO2 (r)            
 791 = C1211CO2H (r)          2805 = C929OOH (r)            4819 = C129O2 (r)             
 792 = C1211OH (r)            2806 = H2M3C4OOH (r)          4820 = C67O2 (r)              
 793 = C1212O (r)             2807 = C78CO (r)              4821 = C4NO32M2O2 (r)         
 794 = C1213OH (r)            2808 = BCKAOOH (r)            4822 = MIBKAOHBO2 (r)         
 795 = C1210OH (r)            2809 = BCKBNO3 (r)            4823 = C118O2 (r)             
 796 = C1214OH (r)            2810 = BCKBOOH (r)            4824 = C6CO34O2 (r)           
 797 = C1215OH (r)            2811 = C56O (r)               4825 = HOCO3C54O2 (r)         
 798 = C524OH (r)             2812 = HO2M2C5NO3 (r)         4826 = MO2EOLAO2 (r)          
 799 = NC524OH (r)            2813 = C131NO3 (r)            4827 = C5CO234O2 (r)          
 800 = HIEPOXB (r)            2814 = C3ME3CHOO (r)          4828 = IC7DCO2 (r)            
 801 = CO2C3OOB (r)           2815 = C79O (r)               4829 = C3MDIALOOH (r)         
 802 = M3FOOA (r)             2816 = BOXPROLAO (r)          4830 = BOX2EOHBO2 (r)         
 803 = HOBUT2CO2H (r)         2817 = C133NO3 (r)            4831 = BOXFORMO2 (r)          
 804 = NEOP (r)               2818 = C829O (r)              4832 = PRCOFORMO2 (r)         
 805 = H2 (r)                 2819 = HO3C86NO3 (r)          4833 = MPRANO3O2 (r)          
 806 = HONO (r)               2820 = COC4NO3OOH (r)         4834 = C4M2NO33O2 (r)         
 807 = HOC4H8OH (r)           2821 = C521OOH (r)            4835 = HIEB2O2 (r)            
 808 = HOC3H6CO2H (r)         2822 = C134OH (r)             4836 = OETLBIPRO (r)          
 809 = HOC3H6OH (r)           2823 = BCOOA (r)              4837 = C41O2 (r)              
 810 = HOC2H4CO2H (r)         2824 = BCSOZO (r)             4838 = ISOP34NO3 (r)          
 811 = TBUTOL (r)             2825 = BCSOZNO3 (r)           4839 = C534O2 (r)             
 812 = PEAOH (r)              2826 = BCSOZOOH (r)           4840 = CH3COCO3H (r)          
 813 = HO2C4CO2H (r)          2827 = C151O (r)              4841 = TM124BCO3 (r)          
 814 = HO13C4OH (r)           2828 = C151NO3 (r)            4842 = EMPOHNO2O (r)          
 815 = HO2C3CO2H (r)          2829 = C151OOH (r)            4843 = C531O2 (r)             
 816 = PEBOH (r)              2830 = CO3C4NO3OH (r)         4844 = MPRBNO3CHO (r)         
 817 = CO2C4CO2H (r)          2831 = C152O (r)              4845 = C4NO3CHO (r)           
 818 = C81O (r)               2832 = C152NO3 (r)            4846 = DETLBIPRO2 (r)         
 819 = CO36C8 (r)             2833 = C152OOH (r)            4847 = C7CODBCO3 (r)          
 820 = HO34CO6C8 (r)          2834 = BCALAOOH (r)           4848 = PXYLCO3 (r)            
 821 = C84O (r)               2835 = C3MNO3CO3H (r)         4849 = TL4OHNO2O2 (r)         
 822 = C92O (r)               2836 = BCALACO (r)            4850 = CL2OHCH2O2 (r)         
 823 = CO36C9 (r)             2837 = PRCOOPROL (r)          4851 = IPRMEETO2 (r)          
 824 = C93OH (r)              2838 = C127NO3 (r)            4852 = C53O2 (r)              
 825 = C94O (r)               2839 = PROL11MO (r)           4853 = CH2OHCL2O2 (r)         
 826 = C102O (r)              2840 = C128O (r)              4854 = CL2OHCO3 (r)           
 827 = CO36C10 (r)            2841 = BCALBOOH (r)           4855 = NBZQO2 (r)             
 828 = C103OH (r)             2842 = BCALBCO (r)            4856 = HO6CO9C11 (r)          
 829 = C104O (r)              2843 = HO13C5NO3 (r)          4857 = C7DDCCO2H (r)          
 830 = C112O (r)              2844 = H2M2C65NO3 (r)         4858 = C7DCO2 (r)             
 831 = CO36C11 (r)            2845 = HEXANO3 (r)            4859 = HO1CO24C5 (r)          
 832 = C113OH (r)             2846 = C137NO3 (r)            4860 = MTBEACHO13 (r)         
 833 = C114O (r)              2847 = HEXAOOH (r)            4861 = MCOOTBO2 (r)           
 834 = C122O (r)              2848 = C139NO3 (r)            4862 = OXNCATECO2 (r)         
 835 = CO36C12 (r)            2849 = M2PEBOOH (r)           4863 = C3NO3COO2 (r)          
 836 = C123OH (r)             2850 = C1310O (r)             4864 = C5M2OHOCO3 (r)         
 837 = C124O (r)              2851 = PROL11MNO3 (r)         4865 = C61CO3 (r)             
 838 = CYHEXOL (r)            2852 = HO2M2C5OOH (r)         4866 = CO45C5CHO (r)          
 839 = HCOOH (r)              2853 = C136NO3 (r)            4867 = C5CO2OHCO3 (r)         
 840 = CH3CO2H (r)            2854 = C1311NO3 (r)           4868 = NC3OO (r)              
 841 = PROPACID (r)           2855 = C1312O (r)             4869 = NC4OHCO3 (r)           
 842 = CO3C4NO3O (r)          2856 = PRONFORM (r)           4870 = INDHCO3 (r)            
 843 = C5OH2CO4O (r)          2857 = C1010OOH (r)           4871 = CO2N3CO3 (r)           
 844 = BUTACID (r)            2858 = NBUTOLANO3 (r)         4872 = NC4OO (r)              
 845 = C5NO3COAO (r)          2859 = C736OOH (r)            4873 = HC3CCHO (r)            
 846 = C52OH (r)              2860 = M3HEXANO3 (r)          4874 = C729O2 (r)             
 847 = C53NO324CO (r)         2861 = C522CO3H (r)           4875 = CH2CLO2 (r)            
 848 = IBUTACID (r)           2862 = C146OOH (r)            4876 = LIMONENE (r)           
 849 = C4MCONO3OH (r)         2863 = H2M4C65O (r)           4877 = HEX3ONCOH (r)          
 850 = CH3CHOOC (r)           2864 = C146CO (r)             4878 = OXNNCATCO2 (r)         
 851 = C4COMOH3O (r)          2865 = PROL1MCO3H (r)         4879 = HO5C5CO3 (r)           
 852 = PENTACID (r)           2866 = C92OOH (r)             4880 = NCATECO2 (r)           
 853 = MNO3COC4O (r)          2867 = C1012NO3 (r)           4881 = NNCATECO2 (r)          
 854 = C3NO3COO (r)           2868 = HOC4CHOO (r)           4882 = EPXMEDLCO3 (r)         
 855 = C6NO3CO5O (r)          2869 = PRNFORMOOH (r)         4883 = DNPHENO2 (r)           
 856 = C4ME2NO3O (r)          2870 = C129OOH (r)            4884 = PEN2ONE1O2 (r)         
 857 = NBUTDAO (r)            2871 = C129CO (r)             4885 = DNPXYOLO2 (r)          
 858 = HNMVKO (r)             2872 = C831NO3 (r)            4886 = CHOC3COO2 (r)          
 859 = CH2OOD (r)             2873 = CHOC4DOLO (r)          4887 = CO2OH3MCO3 (r)         
 860 = HMVKBO (r)             2874 = BCKOOA (r)             4888 = C42CO3 (r)             
 861 = MACO2H (r)             2875 = C148OOH (r)            4889 = PXNCATECO2 (r)         
 862 = CH2OOE (r)             2876 = C148CO (r)             4890 = PNCATECO2 (r)          
 863 = MVKO (r)               2877 = MTBEBNO3 (r)           4891 = OTNNCATCO2 (r)         
 864 = MGLYOOB (r)            2878 = C6DIALOOH (r)          4892 = C67CHO (r)             
 865 = NOAOOA (r)             2879 = C1014NO3 (r)           4893 = C5DBECO3 (r)           
 866 = HO1CO3C4O (r)          2880 = BCLKAOOH (r)           4894 = C3M3OH2CO3 (r)         
 867 = HOCO3C54O (r)          2881 = BCLKACO (r)            4895 = HO2CO5C6 (r)           
 868 = C53O (r)               2882 = C1313NO3 (r)           4896 = C734O2 (r)             
 869 = C66O (r)               2883 = C711OOH (r)            4897 = T124NCATO2 (r)         
 870 = CO24C6O (r)            2884 = C117NO3 (r)            4898 = C628O2 (r)             
 871 = HEX3ONBO (r)           2885 = MIBKAOHAO (r)          4899 = IPNCATECO2 (r)         
 872 = C6HO1CO3O (r)          2886 = C118O (r)              4900 = HO24C4CO3 (r)          
 873 = MIBKHO4O (r)           2887 = MIBKAOH3CO (r)         4901 = T124NNCTO2 (r)         
 874 = MIBKBO (r)             2888 = BCLKBOOH (r)           4902 = C735O2 (r)             
 875 = MTBKOH (r)             2889 = BCLKBCO (r)            4903 = IPNNCATCO2 (r)         
 876 = C612OH (r)             2890 = HO2M2C4NO3 (r)         4904 = PNNCATECO2 (r)         
 877 = C6COCHOO (r)           2891 = C1211NO3 (r)           4905 = T123NCATO2 (r)         
 878 = C6135COO (r)           2892 = C1212NO3 (r)           4906 = T123NNCTO2 (r)         
 879 = CHOC3COO (r)           2893 = C1213O (r)             4907 = PTNNCATCO2 (r)         
 880 = C5124COO (r)           2894 = C1210NO3 (r)           4908 = HO3C3CO3 (r)           
 881 = CHOCOCH2O (r)          2895 = C1215O (r)             4909 = PXNNCATCO2 (r)         
 882 = C5COCHOO (r)           2896 = MIBKAOHBO (r)          4910 = C6CO2OHCO3 (r)         
 883 = CHOC2H4O (r)           2897 = BOXPROANO3 (r)         4911 = PTNCATECO2 (r)         
 884 = BUT2OLAO (r)           2898 = C930OOH (r)            4912 = DNT123LO2 (r)          
 885 = CYHEXOLAO (r)          2899 = BUT2OLNO3 (r)          4913 = DNIPBNZLO2 (r)         
 886 = CYC6DIONE (r)          2900 = ME2BUOLO (r)           4914 = HO1CO3CHO (r)          
 887 = PRONEMOX (r)           2901 = NBCOOH (r)             4915 = C3EDIALO2 (r)          
 888 = PRONEMOXO (r)          2902 = NBCKOOH (r)            4916 = DNPBNZLO2 (r)          
 889 = MCOCOMOXO (r)          2903 = C524NO3 (r)            4917 = MVKOO (r)              
 890 = PRCOOMO (r)            2904 = C524CO (r)             4918 = C79O2 (r)              
 891 = PRCOFORM (r)           2905 = C525OOH (r)            4919 = HO8C9O2 (r)            
 892 = BOX2MO (r)             2906 = C713OOH (r)            4920 = MNCATECO2 (r)          
 893 = BUFORMO (r)            2907 = HPNC524CO (r)          4921 = MNNCATECO2 (r)         
 894 = PRCOFORMO (r)          2908 = HIEB1O (r)             4922 = DNCRESO2 (r)           
 895 = PRONFORMO (r)          2909 = HIEB2O (r)             4923 = IECCO3 (r)             
 896 = PRONOCOPO (r)          2910 = BCALCO (r)             4924 = DNPETOLO2 (r)          
 897 = PRONOCOMO (r)          2911 = BCALCCO (r)            4925 = HM2C43O2 (r)           
 898 = BOXPRONBO (r)          2912 = BCLKCO (r)             4926 = C152O2 (r)             
 899 = BOXCOCOME (r)          2913 = BCLKCCO (r)            4927 = C511O2 (r)             
 900 = BOXCOCOMO (r)          2914 = CH3OCH2O (r)           4928 = C827O2 (r)             
 901 = MECOACETO (r)          2915 = CH3OCH2NO3 (r)         4929 = OTNCATECO2 (r)         
 902 = ACPRONEO (r)           2916 = TBUTOLNO3 (r)          4930 = C139O2 (r)             
 903 = ACCOETO (r)            2917 = CISOPAO (r)            4931 = PROL1MCO3 (r)          
 904 = ACCOMCOMO (r)          2918 = C526O (r)              4932 = CHOC4O2 (r)            
 905 = ACBUONEBO (r)          2919 = C527O (r)              4933 = HM33C3CHO (r)          
 906 = ACETCOC3H7 (r)         2920 = PRNOCOPOOH (r)         4934 = BCALOO (r)             
 907 = SBUACONEO (r)          2921 = C534O (r)              4935 = C126OO (r)             
 908 = SBUACCOH (r)           2922 = C535O (r)              4936 = C4COMOHCO3 (r)         
 909 = CH2CLO (r)             2923 = C64OH (r)              4937 = C831O2 (r)             
 910 = CHCL2O (r)             2924 = HPC52O (r)             4938 = MTNCATECO2 (r)         
 911 = C69OH (r)              2925 = HPC52CO3H (r)          4939 = C2H5MECOO (r)          
 912 = CCL3CH2O (r)           2926 = CO2C3OOA (r)           4940 = MTNNCATCO2 (r)         
 913 = C2CL2OHO (r)           2927 = CH2CHCH2O (r)          4941 = C3DIOLO2 (r)           
 914 = MVKOHBO (r)            2928 = CH2CHCH2NO3 (r)        4942 = C7OHCO2CO3 (r)         
 915 = APINAO (r)             2929 = C45O (r)               4943 = HO6C7O2 (r)            
 916 = C610OH (r)             2930 = C45NO3 (r)             4944 = HO7C8O2 (r)            
 917 = C716O (r)              2931 = PRNOCOMOOH (r)         4945 = C1212O2 (r)            
 918 = C96OH (r)              2932 = DIETETO (r)            4946 = C713O2 (r)             
 919 = C614OH (r)             2933 = HC4CO3H (r)            4947 = ETOMEO2 (r)            
 920 = CO24M3CHO (r)          2934 = C58AO (r)              4948 = C45IC5CHO (r)          
 921 = H3C25C6O (r)           2935 = C47CHO (r)             4949 = C7CO2OHCO3 (r)         
 922 = C86O (r)               2936 = C57AO (r)              4950 = CH3OCH2O2 (r)          
 923 = C511O (r)              2937 = HMML (r)               4951 = HMGLYOO (r)            
 924 = CO235C6O (r)           2938 = IPEBNO3 (r)            4952 = NC61CO3 (r)            
 925 = APINBO (r)             2939 = IPEBOOH (r)            4953 = DNMETOLO2 (r)          
 926 = NAPINAO (r)            2940 = BOXPROBOOH (r)         4954 = C721O2 (r)             
 927 = NC102O (r)             2941 = C715O (r)              4955 = MXNCATECO2 (r)         
 928 = NC71CO (r)             2942 = CH3O (r)               4956 = HOACETETO2 (r)         
 929 = COO2C4O (r)            2943 = CH3OOH (r)             4957 = MXNNCATCO2 (r)         
 930 = C717OH (r)             2944 = C2H5O (r)              4958 = HPC52CO3 (r)           
 931 = C922O (r)              2945 = C2H5NO3 (r)            4959 = M3BU3ECO3 (r)          
 932 = MALDIALO (r)           2946 = C2H5OOH (r)            4960 = DNT124LO2 (r)          
 933 = BZEMUCOH (r)           2947 = NC3H7NO3 (r)           4961 = ENNCATECO2 (r)         
 934 = BZFUO (r)              2948 = NC3H7OOH (r)           4962 = ENCATECO2 (r)          
 935 = CATECOOA (r)           2949 = BOX2COMOOH (r)         4963 = DNMXYOLO2 (r)          
 936 = TLEMUCOH (r)           2950 = IC3H7NO3 (r)           4964 = HC4CO3 (r)             
 937 = MCATECOOA (r)          2951 = IC3H7OOH (r)           4965 = C58NO3 (r)             
 938 = C5MCO2OHO (r)          2952 = NC4H9NO3 (r)           4966 = DNEBNZLO2 (r)          
 939 = C6CO3MOH (r)           2953 = CHOOCH2NO3 (r)         4967 = DNOXYOLO2 (r)          
 940 = MXYMUCOH (r)           2954 = HO1C4NO3 (r)           4968 = C7MJPCO3 (r)           
 941 = C726CO5O (r)           2955 = NC4H9OOH (r)           4969 = C73O2 (r)              
 942 = MXCATECOOA (r)         2956 = CHOOCH2OOH (r)         4970 = H13CO2CO3 (r)          
 943 = C23O3MO (r)            2957 = HO1C4OOH (r)           4971 = NOPINOO (r)            
 944 = BZFUONOOA (r)          2958 = C55OOH (r)             4972 = NOAOO (r)              
 945 = NBZQO (r)              2959 = M3PEBOOH (r)           4973 = PETLPOXMUC (r)         
 946 = NTLFUO (r)             2960 = HO1C3NO3 (r)           4974 = MC7CO2O2 (r)           
 947 = TLFUONOOA (r)          2961 = HO1C3OOH (r)           4975 = C4CO2DBCO3 (r)         
 948 = NPTLQO (r)             2962 = C4NO3M1OOH (r)         4976 = C4OHCO3 (r)            
 949 = NMXYQO (r)             2963 = SC4H9NO3 (r)           4977 = HO2C4CHO (r)           
 950 = NMXYFUO (r)            2964 = SC4H9OOH (r)           4978 = CO2C5OH (r)            
 951 = PXYMUCOH (r)           2965 = MPRNO3CO3H (r)         4979 = H13C43CO3 (r)          
 952 = C61OH (r)              2966 = MTBEBOOH (r)           4980 = HO13C3CO3 (r)          
 953 = NPXYQO (r)             2967 = IC4H9NO3 (r)           4981 = DNOETOLO2 (r)          
 954 = PXCATECOOA (r)         2968 = IC4H9OOH (r)           4982 = H3M3C5O2 (r)           
 955 = NPXYFUO (r)            2969 = TC4H9O (r)             4983 = C8CO2OHCO3 (r)         
 956 = OXYMUCOH (r)           2970 = H3M3C6NO3 (r)          4984 = NC5MDCO2H (r)          
 957 = MC6CO2O (r)            2971 = C4OHCO3H (r)           4985 = BOXPROLAO2 (r)         
 958 = NOXYQO (r)             2972 = PEANO3 (r)             4986 = PRONOCOPO2 (r)         
 959 = OXCATECOOA (r)         2973 = HO1C5O (r)             4987 = PRCOOMO2 (r)           
 960 = CO25C6O (r)            2974 = PEAOOH (r)             4988 = ACBUONEAO2 (r)         
 961 = C6OTKETO (r)           2975 = HO2C4NO3 (r)           4989 = C526O2 (r)             
 962 = NOXYFUO (r)            2976 = HO13C4O (r)            4990 = DIETETO2 (r)           
 963 = C67OH (r)              2977 = MTBEANO3 (r)           4991 = TM124OLO (r)           
 964 = C7M2CO5O (r)           2978 = MTBEAOOH (r)           4992 = NTM124QO2 (r)          
 965 = TM135O (r)             2979 = HO2C4OOH (r)           4993 = C7MOHCOCO3 (r)         
 966 = NTMB1FUO (r)           2980 = HO13C3CO3H (r)         4994 = DMKCOOH (r)            
 967 = NTM124QO (r)           2981 = PEBNO3 (r)             4995 = C727O2 (r)             
 968 = TM124MUCOH (r)         2982 = PEBOOH (r)             4996 = C7ADCCO2 (r)           
 969 = T124CTCOOA (r)         2983 = IPRHOCO3H (r)          4997 = C114O2 (r)             
 970 = NTMB2FUO (r)           2984 = C51NO3 (r)             4998 = CPENT2ENE (r)          
 971 = TM123MUCOH (r)         2985 = MTBEAALNO3 (r)         4999 = CH3CHOOB (r)           
 972 = T123CTCOOA (r)         2986 = PECNO3 (r)             5000 = CNO3CLO (r)            
 973 = EBFUO (r)              2987 = MTBEAALOOH (r)         5001 = MC4CONO3O2 (r)         
 974 = NPEBQO (r)             2988 = IPEANO3 (r)            5002 = C124O2 (r)             
 975 = EBZMUCOH (r)           2989 = IPEAOOH (r)            5003 = MC5CO2OHO2 (r)         
 976 = ECATECOOA (r)          2990 = C51NO324CO (r)         5004 = PRONO3AO2 (r)          
 977 = PHCOETO (r)            2991 = C6M5CO2OH (r)          5005 = MEMOXYCO3 (r)          
 978 = C7DCOH (r)             2992 = NAOOA (r)              5006 = PRONO3BO2 (r)          
 979 = PBFUO (r)              2993 = C614CO23OH (r)         5007 = HO13C5O2 (r)           
 980 = NPPRBQO (r)            2994 = C6O132OH (r)           5008 = C84O2 (r)              
 981 = PBZMUCOH (r)           2995 = C5MO132OH (r)          5009 = M2BKAO2 (r)            
 982 = PCATECOOA (r)          2996 = HCC7CO (r)             5010 = MBO (r)                
 983 = C63OH (r)              2997 = MACROOA (r)            5011 = COCCOH2CO2 (r)         
 984 = PHCOMEO (r)            2998 = MGLOOA (r)             5012 = DETLMUCO2 (r)          
 985 = IC7DCOH (r)            2999 = C8236CO (r)            5013 = TM124NO2O2 (r)         
 986 = IPBFUO (r)             3000 = MMCF (r)               5014 = C56O2 (r)              
 987 = M23C4 (r)              3001 = C4MCONO3O (r)          5015 = C142O2 (r)             
 988 = NIPRBQO (r)            3002 = BUOX2ETOH (r)          5016 = C143O2 (r)             
 989 = IPBZMUCOH (r)          3003 = BOX2ECHO (r)           5017 = C6HO1CO3O2 (r)         
 990 = IPCATECOOA (r)         3004 = MALANHY (r)            5018 = IPBZMUCO2 (r)          
 991 = MPHCOMEO (r)           3005 = C4M2ALOHNO3 (r)        5019 = CHCL2CO3 (r)           
 992 = NOETLQO (r)            3006 = MACRNOOA (r)           5020 = HEX2ONCO2 (r)          
 993 = OETLMUCOH (r)          3007 = MMALANHY (r)           5021 = IPROC21O2 (r)          
 994 = OTCATECOOA (r)         3008 = C629OH (r)             5022 = C3ME3CO3 (r)           
 995 = NMETLQO (r)            3009 = C520OH (r)             5023 = HO2CO4C5 (r)           
 996 = METLMUCOH (r)          3010 = C6CO2M2OH (r)          5024 = DMEBMUCO2 (r)          
 997 = MTCATECOOA (r)         3011 = MO2EOL (r)             5025 = C6CO243OH (r)          
 998 = C7EDCOH (r)            3012 = HNC524CO (r)           5026 = C615O2 (r)             
 999 = NPETLQO (r)            3013 = MEMOXYCHO (r)          5027 = CO23C4NO3 (r)          
1000 = PETLMUCOH (r)          3014 = IPECO (r)              5028 = MALDIALO2 (r)          
1001 = PTCATECOOA (r)         3015 = PXYBIPENO3 (r)         5029 = MXYLCO3 (r)            
1002 = DMPHCOMO (r)           3016 = MOXCOCH2OH (r)         5030 = C6DIALO2 (r)           
1003 = DMEOBPROH (r)          3017 = PXYMUCPAN (r)          5031 = C1010O2 (r)            
1004 = C23O3EO (r)            3018 = C6M5CO2O (r)           5032 = APINENE (r)            
1005 = NMEBFUO (r)            3019 = C6MOHCOPAN (r)         5033 = NMBOBO2 (r)            
1006 = C8M2CO6O (r)           3020 = C6MOCOCO3H (r)         5034 = C42NO33O2 (r)          
1007 = DMEPH1O (r)            3021 = C5DBCO2PAN (r)         5035 = PBZMUCO2 (r)           
1008 = EMPHCOMO (r)           3022 = C5DCO2CO3H (r)         5036 = ACRO2 (r)              
1009 = DETLOBPROH (r)         3023 = BUTDCO (r)             5037 = PBZMUCO (r)            
1010 = C9M2CO6O (r)           3024 = C105O (r)              5038 = TBUACCO3 (r)           
1011 = C3EDIALOH (r)          3025 = PXNCATECO (r)          5039 = C68O2 (r)              
1012 = CO24C63O (r)           3026 = PXNNCATCO (r)          5040 = IPBZMUCO (r)           
1013 = DEMPHSMS1O (r)         3027 = DNPXYOLO (r)           5041 = ACETC2CO3 (r)          
1014 = PHCOOH (r)             3028 = C4PAN8 (r)             5042 = ACETC2H4O2 (r)         
1015 = C87O (r)               3029 = IPRACNO3 (r)           5043 = H13CO2C3 (r)           
1016 = C9DCCO (r)             3030 = NPXYOLO (r)            5044 = C5CO23CHO (r)          
1017 = C9DCOOH (r)            3031 = C23O3CPAN (r)          5045 = HEX3ONBO2 (r)          
1018 = C615OH (r)             3032 = C6PAN14 (r)            5046 = C624O2 (r)             
1019 = NOPINBCO (r)           3033 = C6PAN22 (r)            5047 = C625O2 (r)             
1020 = NOPINBOOH (r)          3034 = CHOCOMOXO (r)          5048 = TM123BCO3 (r)          
1021 = C616OH (r)             3035 = HNBIACET (r)           5049 = DM123O2 (r)            
1022 = C88CO (r)              3036 = C98NO3 (r)             5050 = HPC52O2 (r)            
1023 = C88OOH (r)             3037 = MC5CO2OHO (r)          5051 = HYPERACET (r)          
1024 = C718OH (r)             3038 = C614O (r)              5052 = STYRENE (r)            
1025 = C618O (r)              3039 = MC4CODBPAN (r)         5053 = BZEPOXMUC (r)          
1026 = C617OH (r)             3040 = PINALNO3 (r)           5054 = PHENOL (r)             
1027 = C512OH (r)             3041 = C5M2OHOPAN (r)         5055 = MALDALCO2H (r)         
1028 = C513OH (r)             3042 = ACECOCOCH3 (r)         5056 = BZBIPERO2 (r)          
1029 = NOPINOOA (r)           3043 = H1MC5NO3 (r)           5057 = HEX3ONCO2 (r)          
1030 = C514OH (r)             3044 = C106NO3 (r)            5058 = C716O2 (r)             
1031 = C8BCCO (r)             3045 = C4DBM2PAN (r)          5059 = NC526O2 (r)            
1032 = C8BCOOH (r)            3046 = OXNCATECO (r)          5060 = H1C23C4CHO (r)         
1033 = C620OH (r)             3047 = OXNNCATCO (r)          5061 = MVKOHBO2 (r)           
1034 = C55O (r)               3048 = C10PAN2 (r)            5062 = CO1H63O2 (r)           
1035 = C722O (r)              3049 = DNOXYOLO (r)           5063 = C715O2 (r)             
1036 = C44O (r)               3050 = C4PAN9 (r)             5064 = CARENE (r)             
1037 = MBOCOCO (r)            3051 = NC3CO3H (r)            5065 = EOX2EOLAO2 (r)         
1038 = C71O (r)               3052 = NOXYOLO (r)            5066 = C94O2 (r)              
1039 = CH2BRO (r)             3053 = DIIPRETNO3 (r)         5067 = C57NO3 (r)             
1040 = CH3CHCLO (r)           3054 = C6O4KETO (r)           5068 = HO1CO34C5 (r)          
1041 = CH2CLCH2O (r)          3055 = IPRACBPAN (r)          5069 = HO13C4O2 (r)           
1042 = CHCL2CH2O (r)          3056 = EPXMKTPAN (r)          5070 = VINCL (r)              
1043 = CLCOCCL2O (r)          3057 = NTM135OLO (r)          5071 = EIPEO2 (r)             
1044 = CL12PRAO (r)           3058 = M33C4O (r)             5072 = C104O2 (r)             
1045 = C72OH (r)              3059 = TM124BPAN (r)          5073 = INCNCO3 (r)            
1046 = CH2CLCOCH3 (r)         3060 = C1210PAN (r)           5074 = C95O2 (r)              
1047 = CH3COCCLO (r)          3061 = TM124BPNO3 (r)         5075 = C4CODIAL (r)           
1048 = CL12PRCO (r)           3062 = GLYOOB (r)             5076 = C1013CO3 (r)           
1049 = A2PANO (r)             3063 = C7BDCOOH (r)           5077 = C115O2 (r)             
1050 = C73O (r)               3064 = CHOOMPAN (r)           5078 = TMB2FUO2 (r)           
1051 = CH2OOG (r)             3065 = HEXCO (r)              5079 = NDNOETOLO2 (r)         
1052 = CO25C73O (r)           3066 = HO1CO3C5 (r)           5080 = ECOCO2H (r)            
1053 = IEPOXC (r)             3067 = C7MOHCOPAN (r)         5081 = C43NO3CO3 (r)          
1054 = CO25C74O (r)           3068 = T124NCATO (r)          5082 = HO8C9CO3 (r)           
1055 = NC2OOA (r)             3069 = T124NNCTO (r)          5083 = HO5C6CO3 (r)           
1056 = NC3OOA (r)             3070 = DNT124LO (r)           5084 = PRNO3CO3 (r)           
1057 = NC4OOA (r)             3071 = C57O (r)               5085 = C828CO3 (r)            
1058 = LIMAO (r)              3072 = NTM124OLO (r)          5086 = NC3CO3 (r)             
1059 = LIMBO (r)              3073 = H3C2C4PAN (r)          5087 = C6EO2OHCO3 (r)         
1060 = LIMCOH (r)             3074 = HC4CCO3H (r)           5088 = H3M2C4CO3 (r)          
1061 = LIMALOH (r)            3075 = C5PAN13 (r)            5089 = OXCATEC1O (r)          
1062 = LIMONONIC (r)          3076 = H3C25C6PAN (r)         5090 = ACCOMECO3 (r)          
1063 = C924O (r)              3077 = HM22C4NO3 (r)          5091 = C3MNO3CO3 (r)          
1064 = C817OH (r)             3078 = C6PAN23 (r)            5092 = C5EDBCO3 (r)           
1065 = C818O (r)              3079 = C7ADCO (r)             5093 = TM123O (r)             
1066 = C819O (r)              3080 = CO2OH3MPAN (r)         5094 = C615CO2O2 (r)          
1067 = C727O (r)              3081 = NDMMALYO (r)           5095 = M3C4CO3 (r)            
1068 = C820O (r)              3082 = MEMOXYPAN (r)          5096 = CH3S (r)               
1069 = M2HEX (r)              3083 = HO3C6NO3 (r)           5097 = NOXYFUO2 (r)           
1070 = C728OH (r)             3084 = EPXKTMPAN (r)          5098 = HM22C3CO3 (r)          
1071 = C623OH (r)             3085 = T123NCATO (r)          5099 = HM22CHO (r)            
1072 = LMKAO (r)              3086 = T123NNCTO (r)          5100 = CRESO (r)              
1073 = LMKBO (r)              3087 = C522PAN (r)            5101 = MCATEC1O (r)           
1074 = LIMOOA (r)             3088 = DNT123LO (r)           5102 = NDNIPBZLO2 (r)         
1075 = LIMOOB (r)             3089 = NTM123OLO (r)          5103 = IPMALNHYO2 (r)         
1076 = LIMALAO (r)            3090 = HM22C4OOH (r)          5104 = C125O2 (r)             
1077 = LIMALBO (r)            3091 = C6H5CH2PAN (r)         5105 = IPCATEC1O (r)          
1078 = C825O (r)              3092 = C6DCARBPAN (r)         5106 = IPBENZO (r)            
1079 = C625O (r)              3093 = ECO3PAN (r)            5107 = NDNPHENO2 (r)          
1080 = C625OH (r)             3094 = CO3H4PAN (r)           5108 = CLCOCLO2 (r)           
1081 = C730OH (r)             3095 = C4PAN6 (r)             5109 = NDNPBNZLO2 (r)         
1082 = C519O (r)              3096 = HO3C6OOH (r)           5110 = PMALANHYO2 (r)         
1083 = C627O (r)              3097 = HM33C3NO3 (r)          5111 = H1C23C4CO3 (r)         
1084 = LMKOOB (r)             3098 = C7OHCO2PAN (r)         5112 = NDNCRESO2 (r)          
1085 = LMLKAO (r)             3099 = C7OHO2CO3H (r)         5113 = OXYFUO2 (r)            
1086 = LMLKBO (r)             3100 = C7CO2DBPAN (r)         5114 = OET1O (r)              
1087 = C76O (r)               3101 = HO7C8O (r)             5115 = HEX1ENE (r)            
1088 = C734O (r)              3102 = EBZMUCPAN (r)          5116 = MET1O (r)              
1089 = NLIMO (r)              3103 = C715CO2OOH (r)         5117 = MC4CODBCO2 (r)         
1090 = NLIMALOH (r)           3104 = C7CO2DBAL (r)          5118 = C4NO3CO3 (r)           
1091 = NLMKAO (r)             3105 = C7CO3OHO (r)           5119 = C6TRONOHO2 (r)         
1092 = NC728OH (r)            3106 = C58O (r)               5120 = PXYBIPERO2 (r)         
1093 = NC623OH (r)            3107 = ENCATECO (r)           5121 = C828O2 (r)             
1094 = NC730OH (r)            3108 = ENNCATECO (r)          5122 = ECO3CO3 (r)            
1095 = CH3SCH2O (r)           3109 = DNEBNZLO (r)           5123 = IPROACETO2 (r)         
1096 = MSA (r)                3110 = HC4ACO3H (r)           5124 = C515O2 (r)             
1097 = DMSO2OH (r)            3111 = C7PAN3 (r)             5125 = CHOC4CO3 (r)           
1098 = BCAO (r)               3112 = C66OOH (r)             5126 = INB1HPCO3 (r)          
1099 = BCBO (r)               3113 = C63O (r)               5127 = HO4C5CO3 (r)           
1100 = BCCOH (r)              3114 = ACCOCOMOOH (r)         5128 = CH3SO2 (r)             
1101 = BCALOH (r)             3115 = NEBNZOLO (r)           5129 = HO7C8CO3 (r)           
1102 = C78O (r)               3116 = ACBUONANO3 (r)         5130 = HO6C7CO3 (r)           
1103 = C630O (r)              3117 = ACBUOAOOH (r)          5131 = CLETO3 (r)             
1104 = C77OH (r)              3118 = PHCOCOCO (r)           5132 = C1012O2 (r)            
1105 = C929O (r)              3119 = ISOPDO (r)             5133 = C105O2 (r)             
1106 = C827O (r)              3120 = C7DCPAN (r)            5134 = C141OO (r)             
1107 = BCKAO (r)              3121 = C7DCO (r)              5135 = C515CO3 (r)            
1108 = BCKBO (r)              3122 = C61CPAN (r)            5136 = C620O2 (r)             
1109 = C133OH (r)             3123 = C5PAN11 (r)            5137 = MTCATEC1O (r)          
1110 = C829OH (r)             3124 = C5O45OHPAN (r)         5138 = CHOOMCO3 (r)           
1111 = C521O (r)              3125 = C8OHCO2PAN (r)         5139 = C726CO5O2 (r)          
1112 = BCSOZOH (r)            3126 = C8OHO2CO3H (r)         5140 = TMB1FUONE (r)          
1113 = C151OH (r)             3127 = C8CO2DBPAN (r)         5141 = C3DBCO3 (r)            
1114 = C152OH (r)             3128 = PBZMUCPAN (r)          5142 = CCLOHCO3 (r)           
1115 = BCALAO (r)             3129 = C815CO2OOH (r)         5143 = ME2BU2OLO2 (r)         
1116 = BCALBO (r)             3130 = C8CO2DBAL (r)          5144 = ME2BUT2ENE (r)         
1117 = M3HEX (r)              3131 = C8CO3OHO (r)           5145 = HCOCH2OOH (r)          
1118 = C1010OH (r)            3132 = C4NO3PAN (r)           5146 = BOXPRONAO2 (r)         
1119 = C736O (r)              3133 = PC3ODBCO2H (r)         5147 = CHOOCH2O2 (r)          
1120 = C146O (r)              3134 = PNCATECO (r)           5148 = INANCO3 (r)            
1121 = C147O (r)              3135 = H2M3C4O (r)            5149 = C7CO2DBCO3 (r)         
1122 = H25M3C6 (r)            3136 = PNNCATECO (r)          5150 = CO25C6O2 (r)           
1123 = C129O (r)              3137 = DNPBNZLO (r)           5151 = C617O2 (r)             
1124 = C148O (r)              3138 = C66CO (r)              5152 = NMGLYOX (r)            
1125 = C711O (r)              3139 = CO35C5CHO (r)          5153 = MEPROPENE (r)          
1126 = BCLKAO (r)             3140 = NPBNZOLO (r)           5154 = PCATEC1O (r)           
1127 = BCLKBO (r)             3141 = EOX2EOLAO (r)          5155 = H1C23C4O2 (r)          
1128 = C930OH (r)             3142 = PHIC3NO3 (r)           5156 = C627O2 (r)             
1129 = NBCO (r)               3143 = C113O (r)              5157 = HC3CO3 (r)             
1130 = NBCALOH (r)            3144 = C65NO36O (r)           5158 = HM2C43CO3 (r)          
1131 = NBCKO (r)              3145 = CO1H63NO3 (r)          5159 = MIPKBOH (r)            
1132 = NC1313OH (r)           3146 = IC7DCPAN (r)           5160 = C62CO3 (r)             
1133 = C714O (r)              3147 = IC7DCO (r)             5161 = TPENT2ENE (r)          
1134 = C525O (r)              3148 = C62CPAN (r)            5162 = PE2ENEAO2 (r)          
1135 = HMGLYOOA (r)           3149 = NC6PAN1 (r)            5163 = PBENZO (r)             
1136 = CISOPA (r)             3150 = C4MOHOPAN (r)          5164 = MXY1O (r)              
1137 = TISOPA (r)             3151 = APINCNO3 (r)           5165 = NTMB2FUO2 (r)          
1138 = CISOPC (r)             3152 = C5PAN16 (r)            5166 = MC6OTKETO2 (r)         
1139 = TISOPC (r)             3153 = M23C4O (r)             5167 = ACETMECO3 (r)          
1140 = C531O (r)              3154 = C8CO2OHPAN (r)         5168 = EBENZO (r)             
1141 = C531CO (r)             3155 = C8O2OHCO3H (r)         5169 = MXYOLO (r)             
1142 = NC41OOA (r)            3156 = C8DBCO2PAN (r)         5170 = C5CO2DBCO3 (r)         
1143 = IPECOH (r)             3157 = IPBZMUCPAN (r)         5171 = C5CO3OH (r)            
1144 = H3M3C6O (r)            3158 = C510O (r)              5172 = C5CO14OH (r)           
1145 = BUT2OL (r)             3159 = C7MCO2OOH (r)          5173 = MXCATEC1O (r)          
1146 = IC4H10 (r)             3160 = ACEETOHO (r)           5174 = CO3C54CO3 (r)          
1147 = C54O (r)               3161 = C7MCO2DBAL (r)         5175 = PTCATEC1O (r)          
1148 = HO12C5 (r)             3162 = C7MCO3OHO (r)          5176 = C5MEJCO3 (r)           
1149 = OCTOOH (r)             3163 = C5PAN18 (r)            5177 = EBENZOLO (r)           
1150 = C4NO3CO2H (r)          3164 = NC4CO3H (r)            5178 = C6DCRBBOH (r)          
1151 = C523OH (r)             3165 = C65NO3PAN (r)          5179 = ECATEC1O (r)           
1152 = C5NO3O4OOH (r)         3166 = IP3ODBCO2H (r)         5180 = CH2OOB (r)             
1153 = HO3C86OOH (r)          3167 = C3MNO3PAN (r)          5181 = C626O2 (r)             
1154 = C5ONO34OOH (r)         3168 = IPNCATECO (r)          5182 = PET1O (r)              
1155 = M2BUOL2OOH (r)         3169 = C82O (r)               5183 = CATEC1O (r)            
1156 = M2BUOL2OH (r)          3170 = IPNNCATCO (r)          5184 = NDNMETOLO2 (r)         
1157 = M3C4CO3H (r)           3171 = DNIPBNZLO (r)          5185 = NDNMXYOLO2 (r)         
1158 = C4NO32MOOH (r)         3172 = MVKOOH (r)             5186 = PXCATEC1O (r)          
1159 = C43NO3CO2H (r)         3173 = NIPBNZOLO (r)          5187 = NDNEBNZLO2 (r)         
1160 = C4ME3HO12 (r)          3174 = NPRACBNO3 (r)          5188 = EMALANHYO2 (r)         
1161 = C5CONO3OOH (r)         3175 = C6PAN2 (r)             5189 = NDNPETOLO2 (r)         
1162 = C3MNO3CO2H (r)         3176 = C5MEJPAN (r)           5190 = NC4MDCO2H (r)          
1163 = C4ME3HO23 (r)          3177 = C4DBMEPAN (r)          5191 = MPAN (r)               
1164 = HO1C6OOH (r)           3178 = HOACETETO (r)          5192 = OXY1O (r)              
1165 = C4M2NO3OOH (r)         3179 = OETLMUCPAN (r)         5193 = COO2C4O2 (r)           
1166 = C656OH (r)             3180 = OTNCATECO (r)          5194 = COO2C4CO3 (r)          
1167 = C65NO36OOH (r)         3181 = C610O (r)              5195 = IBUTOLCO2 (r)          
1168 = C65NO3CO2H (r)         3182 = OTNNCATCO (r)          5196 = HOIBUTCO3 (r)          
1169 = C645OH (r)             3183 = C108NO3 (r)            5197 = OTCATEC1O (r)          
1170 = CO3C85OOH (r)          3184 = DNOETOLO (r)           5198 = NDNOXYOLO2 (r)         
1171 = CO234C6OOH (r)         3185 = PAN (r)                5199 = M22C3CO3 (r)           
1172 = C4ME2OHOOH (r)         3186 = NOETOLOOH (r)          5200 = C23C54CO3 (r)          
1173 = C5H11CO3H (r)          3187 = EOX2OLBNO3 (r)         5201 = MPRBNO3CO3 (r)         
1174 = BUTDAOOH (r)           3188 = PPN (r)                5202 = ME3BUT1ENE (r)         
1175 = C41NO3 (r)             3189 = C6EO2OHPAN (r)         5203 = C5DIALO2 (r)           
1176 = C41OOH (r)             3190 = C115O (r)              5204 = C65NO36CO3 (r)         
1177 = BUTDBNO3 (r)           3191 = C5DBEPAN (r)           5205 = C83O2 (r)              
1178 = BUTDBOOH (r)           3192 = C5DBECO3H (r)          5206 = NC4CO3 (r)             
1179 = BUTDBOH (r)            3193 = PBN (r)                5207 = PXY1O (r)              
1180 = BUTDCOOH (r)           3194 = METLMUCPAN (r)         5208 = TM124O (r)             
1181 = HO4C5CO3H (r)          3195 = ETACETOH (r)           5209 = CONM2CHO (r)           
1182 = NBUTDAOOH (r)          3196 = MTNCATECO (r)          5210 = NDNPXYOLO2 (r)         
1183 = NBUTDBOOH (r)          3197 = MTNNCATCO (r)          5211 = IEACO3 (r)             
1184 = HC4CCO2H (r)           3198 = PIPN (r)               5212 = C7EDCCO (r)            
1185 = HMVKAOOH (r)           3199 = DNMETOLO (r)           5213 = NORPINAL (r)           
1186 = ISOPDOH (r)            3200 = NMETOLO (r)            5214 = H3M3C4CHO (r)          
1187 = CO1C6OOH (r)           3201 = C109OOH (r)            5215 = HC3CCO3 (r)            
1188 = NISOPOOH (r)           3202 = IBUDIALPAN (r)         5216 = BCSOZO2 (r)            
1189 = C510OOH (r)            3203 = C7MJPPAN (r)           5217 = C55O2 (r)              
1190 = C82OOH (r)             3204 = C7MJPCO3H (r)          5218 = CHOCOMOXO2 (r)         
1191 = CH3CO3H (r)            3205 = C5EDBPAN (r)           5219 = CHOMOHCO3 (r)          
1192 = PERPROACID (r)         3206 = PETLMUCPAN (r)         5220 = C5MCO2OHO2 (r)         
1193 = PERBUACID (r)          3207 = PTNCATECO (r)          5221 = C5COCHOO2 (r)          
1194 = PERIBUACID (r)         3208 = PTNNCATCO (r)          5222 = EPXM2C4DAL (r)         
1195 = PRPAL2CO3H (r)         3209 = PPEN (r)               5223 = C4OH2CO3 (r)           
1196 = PRPAL2CO2H (r)         3210 = DNPETOLO (r)           5224 = MBOBO2 (r)             
1197 = PERPENACID (r)         3211 = C7PAN1 (r)             5225 = C8OHCO2CO3 (r)         
1198 = CO2C3CO3H (r)          3212 = NPETOLO (r)            5226 = C5134CO2OH (r)         
1199 = CO23C54OOH (r)         3213 = C621O (r)              5227 = C4DBM2CO3 (r)          
1200 = MIPKBOOH (r)           3214 = MEKAO (r)              5228 = CH3CCH3OO (r)          
1201 = HOIPRCO3H (r)          3215 = H1C23C4O (r)           5229 = MCOCOMOXO2 (r)         
1202 = CO2HOC6OOH (r)         3216 = ACETMEPAN (r)          5230 = BCLKCO2 (r)            
1203 = C83OOH (r)             3217 = H1C23C4PAN (r)         5231 = C918CHO (r)            
1204 = CO23C65OOH (r)         3218 = M2BKAO (r)             5232 = NC41OO (r)             
1205 = C6CO34OOH (r)          3219 = C7DDCO (r)             5233 = ETHFORMO2 (r)          
1206 = C3COCCO3H (r)          3220 = C920PAN (r)            5234 = C65O2 (r)              
1207 = PE2ONE1OOH (r)         3221 = C23O3ECPAN (r)         5235 = HOC3H6CHO (r)          
1208 = C6CO134OOH (r)         3222 = HOCO3C4OOH (r)         5236 = TBUTCHO (r)            
1209 = C5CO23OOH (r)          3223 = ACCOCOETO (r)          5237 = ACLOO (r)              
1210 = MIBKAOOH (r)           3224 = C23O3ECOOH (r)         5238 = C722O2 (r)             
1211 = MIBK3COOOH (r)         3225 = CO356OCO (r)           5239 = ME3BUOLO2 (r)          
1212 = MTBKOOH (r)            3226 = C4M2NO33O (r)          5240 = MBOAO2 (r)             
1213 = CO2M33CO3H (r)         3227 = CO2C3PAN (r)           5241 = BU1ENO3O2 (r)          
1214 = CYHXONAOOH (r)         3228 = DMEBMUPAN (r)          5242 = C43NO34O2 (r)          
1215 = VINOH (r)              3229 = MEKBOOH (r)            5243 = GLYOOA (r)             
1216 = CHOC3COOOH (r)         3230 = NBUACCNO3 (r)          5244 = C133O2 (r)             
1217 = C6CYTONOOH (r)         3231 = MEKCOOH (r)            5245 = C134O2 (r)             
1218 = C5TRONCO3H (r)         3232 = HO1MC5NO3 (r)          5246 = NMBOAO2 (r)            
1219 = C312COCO3H (r)         3233 = NDMEPHOLO (r)          5247 = HEX2ONAO2 (r)          
1220 = NONOOH (r)             3234 = DMMAO (r)              5248 = H2M2C65O2 (r)          
1221 = CHOC2CO3H (r)          3235 = MPRKAOOH (r)           5249 = EOX2EOLBO2 (r)         
1222 = IBUTOLBO2H (r)         3236 = NBUACCOOH (r)          5250 = M3HEXAO2 (r)           
1223 = IBUTOLOHB (r)          3237 = CO23C54O (r)           5251 = C6OH5O2 (r)            
1224 = C3ME3CO3H (r)          3238 = C7CODBPAN (r)          5252 = TM135MUCO2 (r)         
1225 = C3M3CHOOOH (r)         3239 = DETLMUPAN (r)          5253 = EPXMALKT (r)           
1226 = CYHXOLANO3 (r)         3240 = HOCO4C5OOH (r)         5254 = BUTDCO2 (r)            
1227 = C56NO3 (r)             3241 = C3EDIALOOH (r)         5255 = M2PECO2 (r)            
1228 = HO3C96OOH (r)          3242 = EPXEKTPAN (r)          5256 = C64O2 (r)              
1229 = CY6DIONOOH (r)         3243 = ETOMEPAN (r)           5257 = C72O2 (r)              
1230 = C6145COOOH (r)         3244 = DMMBO (r)              5258 = CL12CO3 (r)            
1231 = C6TONOHOOH (r)         3245 = NDEMPHOLO (r)          5259 = HEX3ONAO2 (r)          
1232 = CHOC4CO3H (r)          3246 = DIEKAOOH (r)           5260 = NC524O2 (r)            
1233 = HO3C5CO3H (r)          3247 = STYRENO (r)            5261 = CO25C73O2 (r)          
1234 = CHOC4OOH (r)           3248 = BPINAO (r)             5262 = CO25C74O2 (r)          
1235 = CHOC4OHOOH (r)         3249 = C6PAN12 (r)            5263 = HIEB1O2 (r)            
1236 = C3DIOLOOH (r)          3250 = C615O (r)              5264 = BUT2OLO (r)            
1237 = MBKCOOHOOH (r)         3251 = C6PAN18 (r)            5265 = MTBEAALCO3 (r)         
1238 = C5CO234OOH (r)         3252 = HO8C9O (r)             5266 = C6NO3CO5O2 (r)         
1239 = MIBKAOHNO3 (r)         3253 = C6PAN19 (r)            5267 = C51NO32O2 (r)          
1240 = CH3OCH2OOH (r)         3254 = C5PAN12 (r)            5268 = C614O2 (r)             
1241 = DIETETOOH (r)          3255 = C87PAN (r)             5269 = MVKOHAO2 (r)           
1242 = H2M3C4CO3H (r)         3256 = MIPKBO (r)             5270 = C66NO35O2 (r)          
1243 = MTBEALCO3H (r)         3257 = C615PAN (r)            5271 = MIBKBO2 (r)            
1244 = HO13M2C4 (r)           3258 = CO1M22PAN (r)          5272 = HO12CO3C4 (r)          
1245 = IPRFORMOOH (r)         3259 = MMCFO (r)              5273 = OXYLCO3 (r)            
1246 = METHACET (r)           3260 = C5PAN14 (r)            5274 = OXYL1O2 (r)            
1247 = MTBEBCO3H (r)          3261 = C4PAN4 (r)             5275 = OETLMUCO2 (r)          
1248 = IPRMETOOH (r)          3262 = C915O (r)              5276 = EPXMEC4DAL (r)         
1249 = DIIPRETOOH (r)         3263 = DFC (r)                5277 = PE1ENEAO2 (r)          
1250 = H2M2C4CO3H (r)         3264 = C916NO3 (r)            5278 = HNMVKO2 (r)            
1251 = C68OOH (r)             3265 = C5PAN7 (r)             5279 = ME2BUT1ENE (r)         
1252 = ETBEACO3H (r)          3266 = C41CO3H (r)            5280 = THEX2ENE (r)           
1253 = EIPEOOH (r)            3267 = ETOC2NO3 (r)           5281 = CHEX2ENE (r)           
1254 = HO13C5OOH (r)          3268 = C88PAN (r)             5282 = C64OH5O2 (r)           
1255 = C54NO3 (r)             3269 = IPROMC2NO3 (r)         5283 = C65OH4O2 (r)           
1256 = MO2EOLANO3 (r)         3270 = C613OOH (r)            5284 = C33CO (r)              
1257 = MO2EOLAOOH (r)         3271 = C718PAN (r)            5285 = PHENO (r)              
1258 = ALCOMOXOOH (r)         3272 = C83O (r)               5286 = PBENZOLO (r)           
1259 = MO2EOLBNO3 (r)         3273 = C123O (r)              5287 = C8CO2DBCO3 (r)         
1260 = MO2EOLBOOH (r)         3274 = IPROC21O (r)           5288 = C537O2 (r)             
1261 = CHOOMCO3H (r)          3275 = C617PAN (r)            5289 = ISOPBNO3 (r)           
1262 = MEMOXYCO3H (r)         3276 = C5PAN9 (r)             5290 = C617CO3 (r)            
1263 = HOACETEOOH (r)         3277 = NOPINCNO3 (r)          5291 = IPRACBCO3 (r)          
1264 = EOX2OLBOOH (r)         3278 = C917NO3 (r)            5292 = NDNT123LO2 (r)         
1265 = ACETMECO3H (r)         3279 = CO24C6OOH (r)          5293 = PROPALO2 (r)           
1266 = ETOMECO3H (r)          3280 = C6PAN5 (r)             5294 = PETLMUCCO3 (r)         
1267 = ETOMEOOH (r)           3281 = IPROMCPAN (r)          5295 = NOXYOL1O (r)           
1268 = PR2OHMONO3 (r)         3282 = C512PAN (r)            5296 = C5CO34CO3 (r)          
1269 = HO2C43CO3H (r)         3283 = HEX2ONCOOH (r)         5297 = C137CO3 (r)            
1270 = PRCOOMCO3H (r)         3284 = BPINBO (r)             5298 = NOETOL1O (r)           
1271 = BOX2OHBOOH (r)         3285 = C918PAN (r)            5299 = DMEBMUCO3 (r)          
1272 = BOXCOALOOH (r)         3286 = BPINCNO3 (r)           5300 = PXYMUCCO3 (r)          
1273 = BOXMCO3H (r)           3287 = NBPINAO (r)            5301 = CO2M3C4CO3 (r)         
1274 = BOXMOOH (r)            3288 = NBPINBO (r)            5302 = C7M15CO2O2 (r)         
1275 = C91OOH (r)             3289 = NC91PAN (r)            5303 = CO14O3CHO (r)          
1276 = MECOFOROOH (r)         3290 = C6PAN3 (r)             5304 = EBFUONE (r)            
1277 = BOXPOLAOOH (r)         3291 = C89NO3 (r)             5305 = TLEMUCCO3 (r)          
1278 = BOXPOLBNO3 (r)         3292 = ETBECNO3 (r)           5306 = IPBFUONE (r)           
1279 = BOXPOLBOOH (r)         3293 = C810NO3 (r)            5307 = HOBUT2CO3 (r)          
1280 = BOXCOEOL (r)           3294 = ETBECPAN (r)           5308 = C46CO3 (r)             
1281 = BOXCOOLOOH (r)         3295 = HO3C76NO3 (r)          5309 = COO2C3CO3 (r)          
1282 = BOXPROOOH (r)          3296 = PR2OHMOOOH (r)         5310 = PBZMUCCO3 (r)          
1283 = HO5C6CO3H (r)          3297 = ETOHCO2M (r)           5311 = C1211CO3 (r)           
1284 = H13M3C5NO3 (r)         3298 = C6CO3OHOOH (r)         5312 = CH3SOO2 (r)            
1285 = HO2M2C4OH (r)          3299 = C6PAN6 (r)             5313 = CH3SO2O2 (r)           
1286 = NPRACBOOH (r)          3300 = C918NO3 (r)            5314 = H2M3C4CO3 (r)          
1287 = C93OOH (r)             3301 = C919NO3 (r)            5315 = NAOO (r)               
1288 = ACCOMECO3H (r)         3302 = HEX3ONBOOH (r)         5316 = BUTALAO2 (r)           
1289 = NPRACCOOH (r)          3303 = C515O (r)              5317 = H2M2C4CO3 (r)          
1290 = ACETC2CO3H (r)         3304 = C515PAN (r)            5318 = CHOC4DOLO2 (r)         
1291 = IPRACOOH (r)           3305 = C6CO34O (r)            5319 = ME2BUOLO2 (r)          
1292 = IPRACBCO3H (r)         3306 = ACCOMEPAN (r)          5320 = BCKAOO (r)             
1293 = H3M3C5CO3H (r)         3307 = HEX3ONCOOH (r)         5321 = BCKBOO (r)             
1294 = ACEETOHOOH (r)         3308 = C811PAN (r)            5322 = C6OTKETO2 (r)          
1295 = ACCOCOEOOH (r)         3309 = HO1C6NO3 (r)           5323 = BUT2CO3 (r)            
1296 = SBUACAOOH (r)          3310 = C125O (r)              5324 = C7BDCO2 (r)            
1297 = M2BKAOOH (r)           3311 = MCOOTBNO3 (r)          5325 = HO3C5CO3 (r)           
1298 = TBUACCO3H (r)          3312 = MCOOTBOOH (r)          5326 = NBUTOLAO2 (r)          
1299 = C69OOH (r)             3313 = M3PECNO3 (r)           5327 = C4ECO2O2 (r)           
1300 = HOIBUTCO3H (r)         3314 = PHPTN (r)              5328 = CO23C5 (r)             
1301 = CCL3OOH (r)            3315 = C4OH2CPAN (r)          5329 = IPRFORMO2 (r)          
1302 = CCL3CO3H (r)           3316 = NC4OHCPAN (r)          5330 = EPXMDLCO3 (r)          
1303 = TCEOHOOH (r)           3317 = C6HOCOOOH (r)          5331 = C715CO2O2 (r)          
1304 = C2CL3OHOOH (r)         3318 = C6CO34HO1 (r)          5332 = EPXEKTCO3 (r)          
1305 = C2CL32OH (r)           3319 = CLETPAN (r)            5333 = EPXALMKT (r)           
1306 = C2CL3HOOOH (r)         3320 = HO2C54O (r)            5334 = IC4CHOAO2 (r)          
1307 = M2BKBOOH (r)           3321 = BRETPAN (r)            5335 = DETLMUCO3 (r)          
1308 = MVKOHANO3 (r)          3322 = C3COCPAN (r)           5336 = NMETOL1O (r)           
1309 = MVKOHAOOH (r)          3323 = CH3CHCLOOH (r)         5337 = INAHCO3 (r)            
1310 = C95OOH (r)             3324 = CLCOCH2O (r)           5338 = INAHPCO3 (r)           
1311 = APINBOH (r)            3325 = C54OOH (r)             5339 = BZEMUCCO3 (r)          
1312 = C610OOH (r)            3326 = CHCL2PAN (r)           5340 = C815CO2O2 (r)          
1313 = PERPINONIC (r)         3327 = C72O (r)               5341 = NMXYOL1O (r)           
1314 = C97OOH (r)             3328 = C5CO23O (r)            5342 = EPXMKTCO3 (r)          
1315 = C98OOH (r)             3329 = CHEXO (r)              5343 = C3MCODBCO3 (r)         
1316 = C614OOH (r)            3330 = C6CO134PAN (r)         5344 = NPXYOL1O (r)           
1317 = PINALOOH (r)           3331 = CL12PAN (r)            5345 = NPETOL1O (r)           
1318 = C106OOH (r)            3332 = MALDIALPAN (r)         5346 = NDNT124LO2 (r)         
1319 = H3C2C4CO3H (r)         3333 = C6PAN4 (r)             5347 = NC2OO (r)              
1320 = H3C2C4CO2H (r)         3334 = CLCOCLMEO (r)          5348 = CO25C6CO3 (r)          
1321 = H3C25CCO3H (r)         3335 = MIBKANO3 (r)           5349 = T123CAT1O (r)          
1322 = H3C25CCO2H (r)         3336 = MIBKAO (r)             5350 = H3C25C6CO3 (r)         
1323 = HO3C4CO3H (r)          3337 = HCOCOHPAN (r)          5351 = C61O2 (r)              
1324 = DECOOH (r)             3338 = C43NO3PAN (r)          5352 = HMVKBCO3 (r)           
1325 = C85CO3H (r)            3339 = BOXEOHANO3 (r)         5353 = C4CHOAO2 (r)           
1326 = C235C6CO3H (r)         3340 = BOX2OHAOOH (r)         5354 = C6H5CO3 (r)            
1327 = HO3C106OOH (r)         3341 = PRCOOETOH (r)          5355 = C6H5O2 (r)             
1328 = NC101OOH (r)           3342 = OCCOHCOOH (r)          5356 = T124CAT1O (r)          
1329 = NC71OOH (r)            3343 = A2PAN (r)              5357 = CH3COCO2H (r)          
1330 = NC72OOH (r)            3344 = CHOCOHCO (r)           5358 = C5CODBCO2H (r)         
1331 = APINCOOH (r)           3345 = C5PAN5 (r)             5359 = OETLMUCCO3 (r)         
1332 = C720OOH (r)            3346 = C3DBPAN (r)            5360 = C520O2 (r)             
1333 = C719NO3 (r)            3347 = C3DBCO3H (r)           5361 = C3COCCO3 (r)           
1334 = C719OOH (r)            3348 = COCCOHCOOH (r)         5362 = TLFUONOO (r)           
1335 = HO14C6 (r)             3349 = C4OCCOHCOH (r)         5363 = C82O2 (r)              
1336 = C107OOH (r)            3350 = C4OCCOHCO (r)          5364 = CO3C4NO3O2 (r)         
1337 = C108OOH (r)            3351 = C4CONO3O (r)           5365 = BUTALO2 (r)            
1338 = C717OOH (r)            3352 = CLOHPAN (r)            5366 = C113O2 (r)             
1339 = HC23C4CO3H (r)         3353 = CCLCONO3 (r)           5367 = C7EDCO2 (r)            
1340 = H1C23C4OOH (r)         3354 = HYETHO2H (r)           5368 = IPROMCCO3 (r)          
1341 = C920CO3H (r)           3355 = IEAPAN (r)             5369 = IPRACBO2 (r)           
1342 = HOPINONIC (r)          3356 = MIBK3COO (r)           5370 = ETHACETO2 (r)          
1343 = C920OOH (r)            3357 = PHAN (r)               5371 = TLEMUCO2 (r)           
1344 = C921OOH (r)            3358 = C5NO3CO4O (r)          5372 = EPXC4DIAL (r)          
1345 = C621OOH (r)            3359 = IECPAN (r)             5373 = OXYMUCO2 (r)           
1346 = DMMAOOH (r)            3360 = PRCOOMPAN (r)          5374 = C32OH13CO (r)          
1347 = C51CO3H (r)            3361 = INANPAN (r)            5375 = BZEMUCO2 (r)           
1348 = MMFOOH (r)             3362 = MTBKO (r)              5376 = C512O2 (r)             
1349 = DMMBOOH (r)            3363 = C3DIALOOH (r)          5377 = C3COCCHO (r)           
1350 = ETOC2OOH (r)           3364 = BZEMUCPAN (r)          5378 = METLMUCO2 (r)          
1351 = IPROMC2OOH (r)         3365 = INANCOPAN (r)          5379 = C42O2 (r)              
1352 = IPROC21OOH (r)         3366 = INANCOCO2H (r)         5380 = HO1CO3C4O2 (r)         
1353 = IPROMCCO3H (r)         3367 = INANCOCO3H (r)         5381 = PETLMUCO2 (r)          
1354 = ETBECOOH (r)           3368 = C5DIALOOH (r)          5382 = MXYMUCO2 (r)           
1355 = ETBECCO3H (r)          3369 = INB2OOH (r)            5383 = MTBEBCO3 (r)           
1356 = H2C3OCOOH (r)          3370 = EPXDLPAN (r)           5384 = MOCOCH2O2 (r)          
1357 = CO23C4CO3H (r)         3371 = MACRNPAN (r)           5385 = METHACETO2 (r)         
1358 = EIPKBOOH (r)           3372 = H13M3C5O (r)           5386 = C1014O2 (r)            
1359 = BZBIPEROOH (r)         3373 = C57NO3PAN (r)          5387 = C103O2 (r)             
1360 = M3PECOOH (r)           3374 = BOX2EOHBO (r)          5388 = M2PEAO2 (r)            
1361 = MALDALCO3H (r)         3375 = INCNPAN (r)            5389 = C145O2 (r)             
1362 = MALANHYOOH (r)         3376 = C5PAN3 (r)             5390 = DMKOHO2 (r)            
1363 = MALNHYOHCO (r)         3377 = MACRNBCO2H (r)         5391 = C930O2 (r)             
1364 = BZEMUCOOH (r)          3378 = INDHPPAN (r)           5392 = C123O2 (r)             
1365 = BZEMUCCO3H (r)         3379 = INDHPAN (r)            5393 = C6H13CHO (r)           
1366 = BZEMUCCO2H (r)         3380 = C58NO3PAN (r)          5394 = MIBKHO4O2 (r)          
1367 = EPXDLCO3H (r)          3381 = C58NO3CO3H (r)         5395 = C4M2NO32O2 (r)         
1368 = EPXDLCO2H (r)          3382 = INB1NAPAN (r)          5396 = C535O2 (r)             
1369 = BZFUCO (r)             3383 = HO6C7O (r)             5397 = C63NO32O2 (r)          
1370 = NPHEN1OOH (r)          3384 = INB1NBPAN (r)          5398 = PXYMUCO2 (r)           
1371 = C101OOH (r)            3385 = C93O (r)               5399 = EPXMC4DIAL (r)         
1372 = CATEC1OOH (r)          3386 = LIMCO (r)              5400 = C57AO2 (r)             
1373 = NCATECOOH (r)          3387 = LIMALO (r)             5401 = C52NO33O2 (r)          
1374 = NNCATECOOH (r)         3388 = CYHXONAO (r)           5402 = C4OCCOHCO2 (r)         
1375 = DNPHENOOH (r)          3389 = C923PAN (r)            5403 = C63O2 (r)              
1376 = NDNPHENOOH (r)         3390 = CHCL2OOH (r)           5404 = C93O2 (r)              
1377 = PHENOOH (r)            3391 = C62NO335CO (r)         5405 = CNO3CLO2 (r)           
1378 = C6H5CH2OOH (r)         3392 = C816PAN (r)            5406 = CH2OHCCLO2 (r)         
1379 = TLBIPEROOH (r)         3393 = C817PAN (r)            5407 = CCLOHCHO (r)           
1380 = C5CO14OOH (r)          3394 = HCOCH2O (r)            5408 = CHOCL (r)              
1381 = MMALNHYOOH (r)         3395 = NO3CH2PAN (r)          5409 = EIPK (r)               
1382 = TLEMUCOOH (r)          3396 = C727PAN (r)            5410 = C4M3NO31O2 (r)         
1383 = TLEMUCCO3H (r)         3397 = NCATECO (r)            5411 = C6CONO34O2 (r)         
1384 = TLEMUCCO2H (r)         3398 = NO3CH2CO2H (r)         5412 = C69O2 (r)              
1385 = TLFUOOH (r)            3399 = C622PAN (r)            5413 = H2M5C65O2 (r)          
1386 = HO6C7CO3H (r)          3400 = C74OOH (r)             5414 = C610O2 (r)             
1387 = MCATEC1OOH (r)         3401 = NNCATECO (r)           5415 = C146O2 (r)             
1388 = NCRES1OOH (r)          3402 = C728O (r)              5416 = C127O2 (r)             
1389 = MNCATECOOH (r)         3403 = C517PAN (r)            5417 = INB1NBCO3 (r)          
1390 = MNNCATCOOH (r)         3404 = DNPHENO (r)            5418 = C116CO3 (r)            
1391 = DNCRESOOH (r)          3405 = C518PAN (r)            5419 = CO3H4CHO (r)           
1392 = NDNCRESOOH (r)         3406 = C623O (r)              5420 = EPXM2DLCO3 (r)         
1393 = CRESOOH (r)            3407 = HMVKBPAN (r)           5421 = C312COCO3 (r)          
1394 = MXYLOOH (r)            3408 = C821O (r)              5422 = BCBOCOO (r)            
1395 = MXYLCO3H (r)           3409 = CY6COCOOOH (r)         5423 = BCLKBO2 (r)            
1396 = MXYBPEROOH (r)         3410 = NPHENO (r)             5424 = C5H11CO3 (r)           
1397 = C5CODBCO3H (r)         3411 = NPHENOOH (r)           5425 = HO2C43CHO (r)          
1398 = HO6C7OOH (r)           3412 = BOXCOCHOO (r)          5426 = C117O2 (r)             
1399 = MXYMUCOOH (r)          3413 = C822PAN (r)            5427 = C144O2 (r)             
1400 = MXYMUCCO3H (r)         3414 = CHOC3COPAN (r)         5428 = OXYOLO (r)             
1401 = MXYMUCCO2H (r)         3415 = C823PAN (r)            5429 = ACCOCOMEO2 (r)         
1402 = EPXMDLCO3H (r)         3416 = C6PAN7 (r)             5430 = INB1NACO3 (r)          
1403 = EPXMDLCO2H (r)         3417 = C824O (r)              5431 = IBUTALCO2 (r)          
1404 = HO2C6OOH (r)           3418 = C729PAN (r)            5432 = BCALCO2 (r)            
1405 = MXYQOOH (r)            3419 = C826O (r)              5433 = ISOPCOOH (r)           
1406 = MXY1OOH (r)            3420 = C624PAN (r)            5434 = MEK2OO (r)             
1407 = MXNCATCOOH (r)         3421 = C5124COPAN (r)         5435 = IPBENZOLO (r)          
1408 = MXNNCATOOH (r)         3422 = C730O (r)              5436 = C8DBCO2CO3 (r)         
1409 = MXCTEC1OOH (r)         3423 = C5COO2NO2 (r)          5437 = C527O2 (r)             
1410 = NMXYOL1OOH (r)         3424 = C312COPAN (r)          5438 = DHPMPAL (r)            
1411 = DNMXYOLOOH (r)         3425 = C626PAN (r)            5439 = C533O2 (r)             
1412 = NDNMXYLOOH (r)         3426 = C519PAN (r)            5440 = C3DIALO2 (r)           
1413 = MXYOLOOH (r)           3427 = PROPALO (r)            5441 = C536O2 (r)             
1414 = MXOHNO2OOH (r)         3428 = PROPALOOH (r)          5442 = BCALBO2 (r)            
1415 = MXYFUOOH (r)           3429 = C511PAN (r)            5443 = CH2OOF (r)             
1416 = C23O3MCO3H (r)         3430 = C627PAN (r)            5444 = OETOLO (r)             
1417 = M22C3CO3H (r)          3431 = BOXMPAN (r)            5445 = C4DBMECO3 (r)          
1418 = NBZFUOOH (r)           3432 = PRNO3PAN (r)           5446 = IC4H9O2 (r)            
1419 = C103OOH (r)            3433 = M3PEBO (r)             5447 = BCALAO2 (r)            
1420 = PXYLOOH (r)            3434 = C731PAN (r)            5448 = CO356OCO2 (r)          
1421 = PXYLCO3H (r)           3435 = C732PAN (r)            5449 = C517CO3 (r)            
1422 = TL4ONO2OOH (r)         3436 = M2PEDNO3 (r)           5450 = CO2M33CO3 (r)          
1423 = PXYBPEROOH (r)         3437 = M2PEDO (r)             5451 = C5NO3COAO2 (r)         
1424 = C61OOH (r)             3438 = CHOC2PAN (r)           5452 = C6134CO2OH (r)         
1425 = PXYMUCOOH (r)          3439 = C733O (r)              5453 = ACROO (r)              
1426 = PXYMUCCO3H (r)         3440 = C4M2ALOHO (r)          5454 = CO235C5CHO (r)         
1427 = PXYMUCCO2H (r)         3441 = C5PAN10 (r)            5455 = MXYFUONE (r)           
1428 = PXYQOOH (r)            3442 = C3MCODBPAN (r)         5456 = H2M4C65O2 (r)          
1429 = PXY1OOH (r)            3443 = NLIMALO (r)            5457 = H2M3CO5C6 (r)          
1430 = PXNCATCOOH (r)         3444 = NC728O (r)             5458 = CO24C5 (r)             
1431 = PXNNCATOOH (r)         3445 = NC623O (r)             5459 = TM124MUCO2 (r)         
1432 = PCATEC1OOH (r)         3446 = IPROPOLPAN (r)         5460 = M2BUOL2O2 (r)          
1433 = NPXYOL1OOH (r)         3447 = NC826O (r)             5461 = HCOCO3H (r)            
1434 = DNPXYOLOOH (r)         3448 = C6PAN20 (r)            5462 = C53NO32O2 (r)          
1435 = NDNPXYLOOH (r)         3449 = NC730O (r)             5463 = NEBNZ1O (r)            
1436 = PXYOLOOH (r)           3450 = C1H4C5PAN (r)          5464 = C61CHO (r)             
1437 = PXYFUOOH (r)           3451 = C1H4C5CO3H (r)         5465 = CHOC2H4O2 (r)          
1438 = C23O3CCO3H (r)         3452 = TLEMUCPAN (r)          5466 = CYHEXOLAO2 (r)         
1439 = C105OOH (r)            3453 = CO234C65O (r)          5467 = C23O3CCO3 (r)          
1440 = OXYLOOH (r)            3454 = C77O (r)               5468 = C62CHO (r)             
1441 = OXYLCO3H (r)           3455 = C615CO2OOH (r)         5469 = MIBKAOHAO2 (r)         
1442 = OXYBPEROOH (r)         3456 = MSIA (r)               5470 = CO235C6CHO (r)         
1443 = OXYMUCOOH (r)          3457 = HO3C3PAN (r)           5471 = C712O2 (r)             
1444 = OXYMUCCO3H (r)         3458 = BUT2OLOOH (r)          5472 = PETOLO (r)             
1445 = OXYMUCCO2H (r)         3459 = HM33C4NO3 (r)          5473 = CO24C63O2 (r)          
1446 = EPXM2DLPAN (r)         3460 = BCCO (r)               5474 = C4NO32M1O2 (r)         
1447 = C5DBCOCO3H (r)         3461 = IBUTOLBO (r)           5475 = OXYMUCCO3 (r)          
1448 = HM22C3CO3H (r)         3462 = BCALO (r)              5476 = NT124L1O (r)           
1449 = C67OOH (r)             3463 = C141PAN (r)            5477 = NCRES1O (r)            
1450 = OXNCATCOOH (r)         3464 = C5PAN8 (r)             5478 = HCOCO2H (r)            
1451 = OXNNCATOOH (r)         3465 = M2PEBO (r)             5479 = NIPBNZ1O (r)           
1452 = OCATEC1OOH (r)         3466 = HO13C5O (r)            5480 = COHM2CO3 (r)           
1453 = NOXYOL1OOH (r)         3467 = C927NO3 (r)            5481 = NPBNZ1O (r)            
1454 = DNOXYOLOOH (r)         3468 = C46PAN (r)             5482 = C5O45OHCO3 (r)         
1455 = NDNOXYLOOH (r)         3469 = MECOFORMO (r)          5483 = C4MOHOCO3 (r)          
1456 = OXYOLOOH (r)           3470 = C928PAN (r)            5484 = METOLO (r)             
1457 = OXYFUOOH (r)           3471 = C929CO (r)             5485 = EBZMUCCO3 (r)          
1458 = C6O4KETOOH (r)         3472 = C827PAN (r)            5486 = HM22C3CHO (r)          
1459 = TMBOOH (r)             3473 = CO3C4NO3 (r)           5487 = C714O2 (r)             
1460 = TMBCO3H (r)            3474 = C828PAN (r)            5488 = ETOC2O2 (r)            
1461 = TM135BPOOH (r)         3475 = C828O (r)              5489 = EOX2MECO3 (r)          
1462 = HM22CO3H (r)           3476 = C3ME3PAN (r)           5490 = LMKBOO (r)             
1463 = TM135MUOOH (r)         3477 = M2BUOL2O (r)           5491 = HMACO3 (r)             
1464 = TM135MUO3H (r)         3478 = MNCATECO (r)           5492 = MPRBNO3O2 (r)          
1465 = TM135MUO2H (r)         3479 = C131PAN (r)            5493 = HEX2ONBO2 (r)          
1466 = UDECOOH (r)            3480 = MNNCATECO (r)          5494 = ME3BU3ECHO (r)         
1467 = EPXMKTCO3H (r)         3481 = DNCRESO (r)            5495 = C929O2 (r)             
1468 = EPXMKTCO2H (r)         3482 = PHXN (r)               5496 = BPINENE (r)            
1469 = TM135OLOOH (r)         3483 = C829NO3 (r)            5497 = HC4ACO3 (r)            
1470 = TM124BOOH (r)          3484 = C134O (r)              5498 = ETBEACO3 (r)           
1471 = TM124BCO3H (r)         3485 = C134CO (r)             5499 = EOCOCH2O2 (r)          
1472 = TM124NOOH (r)          3486 = C135O (r)              5500 = ACETETCHO (r)          
1473 = TM124BPOOH (r)         3487 = NCRESO (r)             5501 = MEBFUONE (r)           
1474 = TMB1FUOOH (r)          3488 = C2CL3OHAO (r)          5502 = MACROHO2 (r)           
1475 = TM124QOOH (r)          3489 = C6CO2OHPAN (r)         5503 = CY6DIONO2 (r)          
1476 = HO3C116OOH (r)         3490 = C6COOHCO3H (r)         5504 = HEPTO2 (r)             
1477 = TM124MUOOH (r)         3491 = C5CO2OHPAN (r)         5505 = C31CO3 (r)             
1478 = TM124OOH (r)           3492 = C5COOHCO3H (r)         5506 = M3FOO (r)              
1479 = T124NCTOOH (r)         3493 = C126PAN (r)            5507 = HMGLOO (r)             
1480 = T124NNCOOH (r)         3494 = CYHXOLAOOH (r)         5508 = C47CO3 (r)             
1481 = T124CT1OOH (r)         3495 = C79OOH (r)             5509 = C522CO3 (r)            
1482 = NT124L1OOH (r)         3496 = C6PAN9 (r)             5510 = IPBZMUCCO3 (r)         
1483 = DNT124LOOH (r)         3497 = M2HEXBNO3 (r)          5511 = C629O2 (r)             
1484 = NDNT124OOH (r)         3498 = HO2MC5NO3 (r)          5512 = MVKO2 (r)              
1485 = TM124OLOOH (r)         3499 = C128NO3 (r)            5513 = NT123L1O (r)           
1486 = TM123BOOH (r)          3500 = C67O (r)               5514 = MNO3COC4O2 (r)         
1487 = TM123BCO3H (r)         3501 = C136PAN (r)            5515 = BZFUONOO (r)           
1488 = TM123BPOOH (r)         3502 = C137PAN (r)            5516 = C5DICARBO2 (r)         
1489 = C7ADCCO3H (r)          3503 = C3M3OH2PAN (r)         5517 = TM135MUCO3 (r)         
1490 = C7ADCOOH (r)           3504 = C6PAN1 (r)             5518 = C6CO3OH5O2 (r)         
1491 = DMMALYOOH (r)          3505 = MXYLPAN (r)            5519 = PECO2 (r)              
1492 = NDMMALYOOH (r)         3506 = C6TRONOHO (r)          5520 = C54O2 (r)              
1493 = TMB2FUOOH (r)          3507 = HM33C4OOH (r)          5521 = INANCOCO3 (r)          
1494 = MC6OTKTOOH (r)         3508 = C1310NO3 (r)           5522 = C9M2CO6O2 (r)          
1495 = HEXCOOH (r)            3509 = C1310CO (r)            5523 = C618CO3 (r)            
1496 = TM123MUOOH (r)         3510 = C2CL3OHBO (r)          5524 = PE2ENEBO2 (r)          
1497 = EPXKTMCO3H (r)         3511 = C1312NO3 (r)           5525 = ISOPDNO3 (r)           
1498 = EPXKTMCO2H (r)         3512 = C1312CO (r)            5526 = HO24C5O2 (r)           
1499 = TM123OOH (r)           3513 = C1010NO3 (r)           5527 = C5124COCO3 (r)         
1500 = H13M3C5OOH (r)         3514 = CHOC4PAN (r)           5528 = M33C3CO3 (r)           
1501 = T123NCTOOH (r)         3515 = PROL1MPAN (r)          5529 = C52O2 (r)              
1502 = T123NNCOOH (r)         3516 = C1011PAN (r)           5530 = H3C2C4CO3 (r)          
1503 = T123CT1OOH (r)         3517 = H2M4C65NO3 (r)         5531 = A2PANOO (r)            
1504 = NT123L1OOH (r)         3518 = HOC4CHOOOH (r)         5532 = MALDIALCO3 (r)         
1505 = DNT123LOOH (r)         3519 = CHOMOHPAN (r)          5533 = IPRCHOO (r)            
1506 = NDNT123OOH (r)         3520 = C830PAN (r)            5534 = C827CO3 (r)            
1507 = TM123OLOOH (r)         3521 = C4OHPAN (r)            5535 = CHOPRNO3 (r)           
1508 = C6H5C2OOH (r)          3522 = BOXPROLBO (r)          5536 = C4ALDB (r)             
1509 = C6H5C2CO3H (r)         3523 = C4COMOHPAN (r)         5537 = TBUTCO3 (r)            
1510 = EBZBPEROOH (r)         3524 = C831CO (r)             5538 = DIEKAO2 (r)            
1511 = C6DCRBBOOH (r)         3525 = C1013PAN (r)           5539 = C511CO3 (r)            
1512 = EBFUCO (r)             3526 = C1014CO (r)            5540 = CO234C6 (r)            
1513 = NEBFUOOH (r)           3527 = COO2C4PAN (r)          5541 = C6H13CO3 (r)           
1514 = M33C3CO3H (r)          3528 = ALC4DOLOOH (r)         5542 = MIPKAO2 (r)            
1515 = EBZMUCOOH (r)          3529 = COO2C3PAN (r)          5543 = CO3C5CO3 (r)           
1516 = EBZMUCCO3H (r)         3530 = C1313O (r)             5544 = HM33C3O2 (r)           
1517 = EBZMUCCO2H (r)         3531 = C3DIOLO (r)            5545 = LIMBOO (r)             
1518 = C7CO3OHOOH (r)         3532 = C116PAN (r)            5546 = EPXKTMCO3 (r)          
1519 = EBENZOOH (r)           3533 = HO2M2C4O (r)           5547 = C5OH2CO4O2 (r)         
1520 = ECATEC1OOH (r)         3534 = BOXCOEOLO (r)          5548 = C4M2ALOHO2 (r)         
1521 = NEBNZ1OOH (r)          3535 = C6PAN21 (r)            5549 = H13CO2CHO (r)          
1522 = ENCATECOOH (r)         3536 = HO2MC5OOH (r)          5550 = NPHEN1O (r)            
1523 = ENNCATCOOH (r)         3537 = C5PAN4 (r)             5551 = C23O3MO2 (r)           
1524 = DNEBNZLOOH (r)         3538 = C118NO3 (r)            5552 = C830CO3 (r)            
1525 = NDNEBZLOOH (r)         3539 = C95O (r)               5553 = HO2C4CO3 (r)           
1526 = EMALNHYOOH (r)         3540 = C1211PAN (r)           5554 = EPXDLCO3 (r)           
1527 = EBENZOLOOH (r)         3541 = MIBKCOOHO (r)          5555 = CO1M22CO3 (r)          
1528 = PHC3OOH (r)            3542 = C712NO3 (r)            5556 = NC4H9CHOO (r)          
1529 = C111OOH (r)            3543 = C712O (r)              5557 = MPRKAO2 (r)            
1530 = PHCOCOCOOH (r)         3544 = EPXMDLPAN (r)          5558 = H3M3C4CO3 (r)          
1531 = PBZBPEROOH (r)         3545 = C1213NO3 (r)           5559 = CHOCOCH2O2 (r)         
1532 = HM33C3CO3H (r)         3546 = C1213CO (r)            5560 = NBUTOLBO2 (r)          
1533 = C7DCCO3H (r)           3547 = C5CO234O (r)           5561 = HO3C4CHO (r)           
1534 = C7DCOOH (r)            3548 = C4NO32M2O (r)          5562 = C5HPALD1 (r)           
1535 = HO7C8CO3H (r)          3549 = C1215NO3 (r)           5563 = CO23C65O2 (r)          
1536 = PBFUCO (r)             3550 = C2CL2OHOOH (r)         5564 = HO5C5CHO (r)           
1537 = HM33C3OOH (r)          3551 = C1215CO (r)            5565 = BCKSZOO (r)            
1538 = NPBFUOOH (r)           3552 = C930NO3 (r)            5566 = HO2CO4C5O2 (r)         
1539 = C63OOH (r)             3553 = NBCALO (r)             5567 = EBZMUCO2 (r)           
1540 = PBZMUCOOH (r)          3554 = PE1ENEBO (r)           5568 = M3HEXBO2 (r)           
1541 = HO7C8OOH (r)           3555 = NC1313O (r)            5569 = C6DIAL (r)             
1542 = PBZMUCCO3H (r)         3556 = C6PAN10 (r)            5570 = C6DIALOH (r)           
1543 = PBZMUCCO2H (r)         3557 = C524O (r)              5571 = C4M3NO32O2 (r)         
1544 = C83COOHOOH (r)         3558 = C7CO2OHPAN (r)         5572 = EIPKBO2 (r)            
1545 = PGLYOXOH (r)           3559 = DNC524CO (r)           5573 = C65NO36O2 (r)          
1546 = PBENZOOH (r)           3560 = H2MC5NO3 (r)           5574 = C62NO33O2 (r)          
1547 = HCOCH2CO3H (r)         3561 = HMACROH (r)            5575 = C6DICARBO2 (r)         
1548 = PRCATC1OOH (r)         3562 = BCALCOOH (r)           5576 = H3M3C5CO3 (r)          
1549 = NPBNZ1OOH (r)          3563 = BCLKCOOH (r)           5577 = PROL11MO2 (r)          
1550 = PNCATECOOH (r)         3564 = C7PAN2 (r)             5578 = H13M3C5O2 (r)          
1551 = PNNCATCOOH (r)         3565 = MPRANO3O (r)           5579 = MACROO (r)             
1552 = DNPBNZLOOH (r)         3566 = C103O (r)              5580 = MMALANHYO2 (r)         
1553 = NDNPBZLOOH (r)         3567 = ISOP34O (r)            5581 = C7M6CO2O2 (r)          
1554 = PMALNHYOOH (r)         3568 = C64NO3 (r)             5582 = C58O2 (r)              
1555 = PBENZOLOOH (r)         3569 = MXNCATECO (r)          5583 = C4COMOH3O2 (r)         
1556 = PHIC3OOH (r)           3570 = HMAC (r)               5584 = NEOPO2 (r)             
1557 = IPBZBPROOH (r)         3571 = C64OOH (r)             5585 = TC4H9O2 (r)            
1558 = H2M2C3CO3H (r)         3572 = C41O (r)               5586 = C7CO2M5O2 (r)          
1559 = IC7DCCO3H (r)          3573 = MXNNCATCO (r)          5587 = MXYMUCCO3 (r)          
1560 = IC7DCOOH (r)           3574 = HPC52PAN (r)           5588 = C7ADCCO3 (r)           
1561 = C113OOH (r)            3575 = C4PAN7 (r)             5589 = C826CO3O2 (r)          
1562 = IPBFUCO (r)            3576 = NC51O (r)              5590 = HC4CCO3 (r)            
1563 = NIPBFUOOH (r)          3577 = C68NO3 (r)             5591 = C6M5CO2O2 (r)          
1564 = IPRBQOOH (r)           3578 = C68O (r)               5592 = C77O2 (r)              
1565 = IPBZMUCOOH (r)         3579 = C714OOH (r)            5593 = PBFUONE (r)            
1566 = IPBZMUCO3H (r)         3580 = HC3CO3H (r)            5594 = MC4CODBCO3 (r)         
1567 = IPBZMUCO2H (r)         3581 = M3BU3EPAN (r)          5595 = MC6CO2O2 (r)           
1568 = C7MO3OHOOH (r)         3582 = C530NO3 (r)            5596 = BIACET (r)             
1569 = IPGLYOXOH (r)          3583 = C530O (r)              5597 = IPEBO2 (r)             
1570 = IPBENZOOH (r)          3584 = DIETETNO3 (r)          5598 = PE4E2CO (r)            
1571 = IPCATC1OOH (r)         3585 = HC4PAN (r)             5599 = C6COCHOCO3 (r)         
1572 = NIPBNZ1OOH (r)         3586 = C531OOH (r)            5600 = CH3CHOHCO3 (r)         
1573 = IPNCATCOOH (r)         3587 = C533O (r)              5601 = NOPINONE (r)           
1574 = IPNNCATOOH (r)         3588 = C31CO3H (r)            5602 = PHCHOO (r)             
1575 = DNIPBZLOOH (r)         3589 = DNMXYOLO (r)           5603 = C131CO3 (r)            
1576 = NDNIPBLOOH (r)         3590 = C6PAN11 (r)            5604 = C23O3EO2 (r)           
1577 = CO3C4CO3H (r)          3591 = M3CO245C6 (r)          5605 = MBOOO (r)              
1578 = CO3C4CO2H (r)          3592 = NMXYOLO (r)            5606 = MECOACETO2 (r)         
1579 = IPMLNHYOOH (r)         3593 = IPECNO3 (r)            5607 = NOA (r)                
1580 = IPBZOLOOH (r)          3594 = M2PROPAL2O (r)         5608 = CHCLOO (r)             
1581 = ETOLOOH (r)            3595 = IBUTALO2H (r)          5609 = IBUDIALCO3 (r)         
1582 = OETLBPROOH (r)         3596 = NEOPNO3 (r)            5610 = PXYFUONE (r)           
1583 = OETLMUCOOH (r)         3597 = ETHFORMNO3 (r)         5611 = C615CO3 (r)            
1584 = OETLMUCO3H (r)         3598 = NEOPOOH (r)            5612 = C4CO2O2 (r)            
1585 = OETLMUCO2H (r)         3599 = CH4 (r)                5613 = APINBOO (r)            
1586 = EPXMEDLPAN (r)         3600 = MXYOHNO2O (r)          5614 = IC7DCCO3 (r)           
1587 = EPXMEDCO3H (r)         3601 = ETHFORMOOH (r)         5615 = IPRGLYOX (r)           
1588 = EPXMEDCO2H (r)         3602 = C2H6 (r)               5616 = C23O3MCO3 (r)          
1589 = OET1OOH (r)            3603 = MO2EOLAO (r)           5617 = OCCOHCO2 (r)           
1590 = OTNCATCOOH (r)         3604 = NC4H9O (r)             5618 = C721CHO (r)            
1591 = OTNNCATOOH (r)         3605 = MVKOHAO (r)            5619 = MEKAOH (r)             
1592 = OTCTEC1OOH (r)         3606 = C23O3MCOOH (r)         5620 = EPXEALKT (r)           
1593 = NOETOL1OOH (r)         3607 = C6PAN17 (r)            5621 = C7DCCO3 (r)            
1594 = DNOETOLOOH (r)         3608 = C4PAN1 (r)             5622 = PGLYOX (r)             
1595 = NDNOETLOOH (r)         3609 = M3HEXBNO3 (r)          5623 = C4NO3COO2 (r)          
1596 = OETOLOOH (r)           3610 = C4PAN10 (r)            5624 = C4CONO3O2 (r)          
1597 = CO3C5CO3H (r)          3611 = C3PAN1 (r)             5625 = INANO3 (r)             
1598 = METLBPROOH (r)         3612 = ACETC2PAN (r)          5626 = C3M3OH2CHO (r)         
1599 = CO3C5CO2H (r)          3613 = BUTDBO (r)             5627 = MACRO2 (r)             
1600 = METLQOOH (r)           3614 = MPRBNO3PAN (r)         5628 = C1H4C5CO3 (r)          
1601 = METLMUCOOH (r)         3615 = C61O (r)               5629 = C7DDCCO3 (r)           
1602 = C115OOH (r)            3616 = C3PAN2 (r)             5630 = C131O2 (r)             
1603 = METLMUCO3H (r)         3617 = METACETNO3 (r)         5631 = C4MCO2O2 (r)           
1604 = METLMUCO2H (r)         3618 = TC4H9NO3 (r)           5632 = TM124MUCO3 (r)         
1605 = MET1OOH (r)            3619 = METACETO2H (r)         5633 = CH3CHOO (r)            
1606 = MTNCATCOOH (r)         3620 = C4CO2DBPAN (r)         5634 = CO2C3OO (r)            
1607 = MTNNCATOOH (r)         3621 = C4CO2DCO3H (r)         5635 = HMVKANO3 (r)           
1608 = MTCTEC1OOH (r)         3622 = HO1C5NO3 (r)           5636 = HOIPRCO3 (r)           
1609 = NMETOL1OOH (r)         3623 = HO2C4O (r)             5637 = HEXAO2 (r)             
1610 = DNMETOLOOH (r)         3624 = C5PAN1 (r)             5638 = C618O2 (r)             
1611 = NDNMETLOOH (r)         3625 = C4PAN5 (r)             5639 = C3H7CHOO (r)           
1612 = METOLOOH (r)           3626 = C4PAN2 (r)             5640 = C2H5CHOO (r)           
1613 = PETLBIPNO3 (r)         3627 = C4PAN3 (r)             5641 = HO2C54CO3 (r)          
1614 = PETLBPROOH (r)         3628 = C6PAN8 (r)             5642 = C518CO3 (r)            
1615 = C7EDCOOH (r)           3629 = PEBO (r)               5643 = PROL1MCHO (r)          
1616 = PETLQOOH (r)           3630 = HO2C5NO3 (r)           5644 = BENZAL (r)             
1617 = PETLMUCOOH (r)         3631 = HO2C5OOH (r)           5645 = C6H5O (r)              
1618 = PETLMUCO3H (r)         3632 = C51O (r)               5646 = CO3H4CO3 (r)           
1619 = PETLMUCO2H (r)         3633 = C5CO2DBPAN (r)         5647 = HOC3H6CO3 (r)          
1620 = PET1OOH (r)            3634 = C5PAN2 (r)             5648 = C7M2CO5O2 (r)          
1621 = PTNCATCOOH (r)         3635 = ETACETNO3 (r)          5649 = TM123BPRO (r)          
1622 = PTNNCATOOH (r)         3636 = ETHACETOOH (r)         5650 = C78O2 (r)              
1623 = PTCTEC1OOH (r)         3637 = IPEAO (r)              5651 = OXYBIPERO (r)          
1624 = NPETOL1OOH (r)         3638 = C52NO3 (r)             5652 = BZFUONE (r)            
1625 = DNPETOLOOH (r)         3639 = H2MC5OOH (r)           5653 = TLFUONE (r)            
1626 = NDNPETLOOH (r)         3640 = C52OOH (r)             5654 = ACO3 (r)               
1627 = PETOLOOH (r)           3641 = PXYL (r)               5655 = C4H9CO3 (r)            
1628 = DM35EBOOH (r)          3642 = NC101CO (r)            5656 = CO24C4CHO (r)          
1629 = DMEBIPNO3 (r)          3643 = PNCATECH (r)           5657 = C141CO2H (r)           
1630 = DMEBPROOH (r)          3644 = PBNZOHNO2 (r)          5658 = TM123MUCO2 (r)         
1631 = C7DDCOOH (r)           3645 = DNPBNZOL (r)           5659 = M2PEBO2 (r)            
1632 = MEBFUOOH (r)           3646 = OXYMUCCO (r)           5660 = IBUTOLBO2 (r)          
1633 = C23O3ECO3H (r)         3647 = OXYMUCNO3 (r)          5661 = HEX3ONDO2 (r)          
1634 = CO356OCOOH (r)         3648 = IPBENZ (r)             5662 = HO2C54CHO (r)          
1635 = DDECOOH (r)            3649 = IPBENZOL (r)           5663 = C52NO31O2 (r)          
1636 = DMEBMUOOH (r)          3650 = IPBZOBPROH (r)         5664 = C5HPALD2 (r)           
1637 = DMEBMUO3H (r)          3651 = CO356C11 (r)           5665 = C3MDIALO2 (r)          
1638 = DMEBMUO2H (r)          3652 = PXYLOL (r)             5666 = C23O3ECO3 (r)          
1639 = DMEPHOLOOH (r)         3653 = IPNCATECH (r)          5667 = C4MCODBCO3 (r)         
1640 = DE35TOOH (r)           3654 = IPBNZOHNO2 (r)         5668 = C5CO14O2 (r)           
1641 = HO3C126OOH (r)         3655 = DNIPBNZOL (r)          5669 = C6DCARBBO2 (r)         
1642 = EMPHCO3H (r)           3656 = MVKOOA (r)             5670 = C827CHO (r)            
1643 = EMPONO2OOH (r)         3657 = OETHTOL (r)            5671 = CO2C54CO3 (r)          
1644 = DETLBIPNO3 (r)         3658 = OETOH (r)              5672 = C67CO3 (r)             
1645 = DETLBPROOH (r)         3659 = MPHGLYOX (r)           5673 = CO2C43CHO (r)          
1646 = H1MC5OOH (r)           3660 = ACO2H (r)              5674 = BCARY (r)              
1647 = DETLMUOOH (r)          3661 = OETLMUCCO (r)          5675 = C136CO3 (r)            
1648 = DETLMUO3H (r)          3662 = OETLMUCNO3 (r)         5676 = MC3CODBCO3 (r)         
1649 = DETLMUO2H (r)          3663 = OTNCATECH (r)          5677 = C8M2CO6O2 (r)          
1650 = EPXEKTCO3H (r)         3664 = OET1OHNO2 (r)          5678 = CO24C53O2 (r)          
1651 = EPXEKTCO2H (r)         3665 = DNOETOL (r)            5679 = CO2MC5OH (r)           
1652 = DEMPHOLOOH (r)         3666 = OXNCATECH (r)          5680 = M2C43CO3 (r)           
1653 = C7DDCCO3H (r)          3667 = METHTOL (r)            5681 = HO1C3O2 (r)            
1654 = STYRENOOH (r)          3668 = METOH (r)              5682 = C6CODIAL (r)           
1655 = NSTYRENEO (r)          3669 = OXY1OHNO2 (r)          5683 = C54CO3 (r)             
1656 = BPINAOOH (r)           3670 = MTNCATECH (r)          5684 = CO23C54O2 (r)          
1657 = BPINAOH (r)            3671 = DNOXYOL (r)            5685 = GAOO (r)               
1658 = NOPINAOOH (r)          3672 = MET1OHNO2 (r)          5686 = PGLOO (r)              
1659 = C9DCNO3 (r)            3673 = DNMETOL (r)            5687 = MMALNBCO3 (r)          
1660 = C121OOH (r)            3674 = DMKOHO (r)             5688 = C4OHCHO (r)            
1661 = M2C43CO3H (r)          3675 = PETHTOL (r)            5689 = ISOPANO3 (r)           
1662 = C87CO3H (r)            3676 = PETOH (r)              5690 = IPGLOO (r)             
1663 = C87CO2H (r)            3677 = C109CO (r)             5691 = C126CO3 (r)            
1664 = HM2C43CO3H (r)         3678 = PTNCATECH (r)          5692 = BUT2OLO2 (r)           
1665 = C615CO3H (r)           3679 = PET1OHNO2 (r)          5693 = HO2C43CO3 (r)          
1666 = C615CO2H (r)           3680 = DNPETOL (r)            5694 = MMALNACO3 (r)          
1667 = C615OOH (r)            3681 = DIME35EB (r)           5695 = INCO2 (r)              
1668 = CO1M22CO3H (r)         3682 = EGLYOOD (r)            5696 = C66O2 (r)              
1669 = CO1M22CO2H (r)         3683 = TM135B (r)             5697 = C5CO234 (r)            
1670 = NOPINBNO3 (r)          3684 = DDEC3ONE (r)           5698 = TM124BPRO (r)          
1671 = HO8C9CO3H (r)          3685 = DIET35TOL (r)          5699 = CHOC2CO3 (r)           
1672 = C915OOH (r)            3686 = CO356C9 (r)            5700 = HMVKBO2 (r)            
1673 = HM2C43OOH (r)          3687 = PHCHOOA (r)            5701 = ACCOMECHO (r)          
1674 = C916OOH (r)            3688 = TM135OBPOH (r)         5702 = BCLKAO2 (r)            
1675 = C616OOH (r)            3689 = BPINANO3 (r)           5703 = HMACR (r)              
1676 = HO8C9OOH (r)           3690 = CO346C8 (r)            5704 = HOCH2COCHO (r)         
1677 = C88CO3H (r)            3691 = MIPKAOH (r)            5705 = H3C25C6O2 (r)          
1678 = M23C43OOH (r)          3692 = UDEC3ONE (r)           5706 = HMVKAO2 (r)            
1679 = C718CO3H (r)           3693 = TM124B (r)             5707 = C624CO3 (r)            
1680 = C718CO2H (r)           3694 = TM124OL (r)            5708 = C626CO3 (r)            
1681 = C718OOH (r)            3695 = CO356C12 (r)           5709 = C147O2 (r)             
1682 = C617CO3H (r)           3696 = HEPT3ONE (r)           5710 = ME3BU2OLO2 (r)         
1683 = C617CO2H (r)           3697 = PXNCATECH (r)          5711 = C136O2 (r)             
1684 = C617OOH (r)            3698 = BZOBIPEROH (r)         5712 = MACRNBCO3 (r)          
1685 = C123OOH (r)            3699 = CO235C7 (r)            5713 = H2M2C3CHO (r)          
1686 = C618CO3H (r)           3700 = C4M2NO3ONE (r)         5714 = C58AO2 (r)             
1687 = C618CO2H (r)           3701 = M3BU2OLNO3 (r)         5715 = C512CO3 (r)            
1688 = HO1MC5OOH (r)          3702 = CCOCOCOH (r)           5716 = HCOCOHCO3 (r)          
1689 = NOPINCOOH (r)          3703 = T124NCATEC (r)         5717 = C4DBDIKET (r)          
1690 = C917OOH (r)            3704 = INANCO (r)             5718 = MACRNOO (r)            
1691 = C619OOH (r)            3705 = TM124OHNO2 (r)         5719 = BUT2CHO (r)            
1692 = C512CO3H (r)           3706 = DNT124BOL (r)          5720 = MEK (r)                
1693 = C512CO2H (r)           3707 = INCNCHO (r)            5721 = INDO2 (r)              
1694 = C512OOH (r)            3708 = TM123B (r)             5722 = MIBKAO2 (r)            
1695 = C513OOH (r)            3709 = TM123BOL (r)           5723 = M2PEDO2 (r)            
1696 = BPINBOOH (r)           3710 = PXY1OHNO2 (r)          5724 = IPRHOCO3 (r)           
1697 = BPINCOOH (r)           3711 = HOC6H4NO2 (r)          5725 = M22C43O2 (r)           
1698 = NBPINAOOH (r)          3712 = DNPHEN (r)             5726 = BUT1ENE (r)            
1699 = NBPINBOOH (r)          3713 = NCATECHOL (r)          5727 = H2O2 (r)               
1700 = C54CO3H (r)            3714 = DNPXYOL (r)            5728 = HC3CHO (r)             
1701 = C89CO3H (r)            3715 = TM123OBPOH (r)         5729 = NC3CHO (r)             
1702 = C89CO2H (r)            3716 = CRESOL (r)             5730 = BCAOO (r)              
1703 = C89OOH (r)             3717 = M2CO5C6 (r)            5731 = MALDIAL (r)            
1704 = C810OOH (r)            3718 = T123NCATEC (r)         5732 = MALANHYO2 (r)          
1705 = HEPTOOH (r)            3719 = NON3ONE (r)            5733 = HM22CO3 (r)            
1706 = C514OOH (r)            3720 = TM123OHNO2 (r)         5734 = HO2C3CHO (r)           
1707 = C8BCNO3 (r)            3721 = DNT123BOL (r)          5735 = C519CO3 (r)            
1708 = HO3C76OOH (r)          3722 = MNCATECH (r)           5736 = C1210CO3 (r)           
1709 = C918OOH (r)            3723 = C77CO (r)              5737 = C617CHO (r)            
1710 = C919OOH (r)            3724 = DNCRES (r)             5738 = HO3C3CHO (r)           
1711 = C620OOH (r)            3725 = EBENZ (r)              5739 = DDECO2 (r)             
1712 = C515CO3H (r)           3726 = C4ME2OHNO3 (r)         5740 = IC7DICARB (r)          
1713 = C515OOH (r)            3727 = EBENZOL (r)            5741 = MC5DICARB (r)          
1714 = CO3C54CO3H (r)         3728 = M2BUOL2NO3 (r)         5742 = LIMKET (r)             
1715 = C811CO3H (r)           3729 = MXYL (r)               5743 = HOIPRCHO (r)           
1716 = C811OOH (r)            3730 = MXYLOL (r)             5744 = INB1O2 (r)             
1717 = C812OOH (r)            3731 = EBZOBPEROH (r)         5745 = EGLYOO (r)             
1718 = C813OOH (r)            3732 = MGLOOC (r)             5746 = C7DICARB (r)           
1719 = C721CO3H (r)           3733 = M3CO5C6 (r)            5747 = C57NO3CO3 (r)          
1720 = C6H5CO3H (r)           3734 = DEC3ONE (r)            5748 = CYHXONAO2 (r)          
1721 = MBOAOH (r)             3735 = BUTDANO3 (r)           5749 = BIACETOH (r)           
1722 = C125OOH (r)            3736 = OCT3ONE (r)            5750 = C622CO3 (r)            
1723 = BUT2CO3H (r)           3737 = ME2BUOLNO3 (r)         5751 = PINAL (r)              
1724 = DICLETO2H (r)          3738 = CCLOHCOCL (r)          5752 = HO2C54O2 (r)           
1725 = CLETO3H (r)            3739 = CLGLYOX (r)            5753 = CO23C4CO3 (r)          
1726 = DIBRETO2H (r)          3740 = CLCOCLOOH (r)          5754 = CH3CHOHCHO (r)         
1727 = BRETO3H (r)            3741 = OXYL (r)               5755 = CO24C6 (r)             
1728 = C6H13CO3H (r)          3742 = MXNCATECH (r)          5756 = C5MDICARB (r)          
1729 = CO3C75OOH (r)          3743 = ENCATECH (r)           5757 = CO2H3CO3 (r)           
1730 = CLCOCH2OOH (r)         3744 = MXY1OHNO2 (r)          5758 = NC4CHO (r)             
1731 = TBUTCO3H (r)           3745 = EBNZOHNO2 (r)          5759 = C141CO3 (r)            
1732 = CHCL2CO3H (r)          3746 = DNEBNZOL (r)           5760 = BCBOO (r)              
1733 = CH2CL3OOH (r)          3747 = DNMXYOL (r)            5761 = MIPKBO2 (r)            
1734 = CH3CCL2OOH (r)         3748 = OXYLOL (r)             5762 = PE1ENEBO2 (r)          
1735 = CCL2CL2OOH (r)         3749 = IBUTOLBNO3 (r)         5763 = MVKOH (r)              
1736 = HO24C5NO3 (r)          3750 = IPROPOL (r)            5764 = C524O2 (r)             
1737 = CL12CO3H (r)           3751 = NC4H10 (r)             5765 = CO2C4CHO (r)           
1738 = C72OOH (r)             3752 = PBENZ (r)              5766 = MGLOO (r)              
1739 = CHEXOOH (r)            3753 = PBENZOL (r)            5767 = C7EDICARB (r)          
1740 = CL12PRBOOH (r)         3754 = CO356C10 (r)           5768 = IPRCO3 (r)             
1741 = CLCOCLMOOH (r)         3755 = PBZOBPEROH (r)         5769 = C927O2 (r)             
1742 = CH2OHCL2O2H (r)        3756 = ACRPAN (r)             5770 = C517CHO (r)            
1743 = CL2OHPAN (r)           3757 = ACO3H (r)              5771 = M3PEBO2 (r)            
1744 = OCCOHCO (r)            3758 = C62OOH (r)             5772 = H2M3C4CHO (r)          
1745 = C2OHOCOOH (r)          3759 = IPGLOOB (r)            5773 = CO2M3C5OH (r)          
1746 = HOCHOCOOH (r)          3760 = ME3BU2OLO (r)          5774 = H2M3C4O2 (r)           
1747 = ETHOXOOH (r)           3761 = NIPBZOLOOH (r)         5775 = C41CO3 (r)             
1748 = C4OCCOHOOH (r)         3762 = METLMUCNO3 (r)         5776 = SC4H9O2 (r)            
1749 = C4NO3OCO (r)           3763 = C2H5CHOOB (r)          5777 = MEKBO2 (r)             
1750 = CH2OHCCLOH (r)         3764 = C9PAN1 (r)             5778 = DECO2 (r)              
1751 = CLOHCO2H (r)           3765 = NMETOLOOH (r)          5779 = HO3C76O2 (r)           
1752 = HO2C54CO3H (r)         3766 = PETLMUCNO3 (r)         5780 = CO3C4CHO (r)           
1753 = CNO3CLOOH (r)          3767 = NOXYOLOOH (r)          5781 = CO235C6 (r)            
1754 = CCLNO3COOH (r)         3768 = MTBEAALPAN (r)         5782 = NONO2 (r)              
1755 = IEACO3H (r)            3769 = NPETOLOOH (r)          5783 = HYPROPO2 (r)           
1756 = HO2C54OOH (r)          3770 = DMEPHOH (r)            5784 = C829O2 (r)             
1757 = IECCO3H (r)            3771 = C6OTKETOOH (r)         5785 = C1210O2 (r)            
1758 = INANCO2H (r)           3772 = C59OOH (r)             5786 = CO13C4OH (r)           
1759 = INAHPCO2H (r)          3773 = C8M3CO (r)             5787 = UDECO2 (r)             
1760 = INAHPCO3H (r)          3774 = TM135BZOL (r)          5788 = HO3C5CHO (r)           
1761 = INAHCO2H (r)           3775 = NDMEPLOOH (r)          5789 = EGLYOX (r)             
1762 = C57NO3CO2H (r)         3776 = DMEPHOLO (r)           5790 = C6DICARB (r)           
1763 = INCNCO2H (r)           3777 = DEMPHOH (r)            5791 = HO5C6O2 (r)            
1764 = INDHPCO3H (r)          3778 = EMPHPAN (r)            5792 = C5DICARB (r)           
1765 = CO2N3PAN (r)           3779 = C52OH3OOH (r)          5793 = M3F (r)                
1766 = C58NO3CO2H (r)         3780 = MPRKBOOH (r)           5794 = C7DDICARB (r)          
1767 = INB1NACO2H (r)         3781 = C9M3CO (r)             5795 = MGLYOO (r)             
1768 = INB1NBCO2H (r)         3782 = TMBPAN (r)             5796 = C5PACALD2 (r)          
1769 = INB1HPCO3H (r)         3783 = C5PAN15 (r)            5797 = C624CHO (r)            
1770 = LIMANO3 (r)            3784 = NDEMPLOOH (r)          5798 = C5PACALD1 (r)          
1771 = LIMAOH (r)             3785 = DEMPHOLO (r)           5799 = C148O2 (r)             
1772 = LIMCOOH (r)            3786 = C7DDCPAN (r)           5800 = C2H4 (r)               
1773 = LIMALOOH (r)           3787 = C3H7CHOOB (r)          5801 = C51O2 (r)              
1774 = C923CO3H (r)           3788 = C53OOH (r)             5802 = CO235C6CO3 (r)         
1775 = C923OOH (r)            3789 = TM135MUPAN (r)         5803 = HO3C4CO3 (r)           
1776 = NORLIMOOH (r)          3790 = C7M3CO (r)             5804 = ISOP34O2 (r)           
1777 = C816CO3H (r)           3791 = CO12C4CHO (r)          5805 = CONM2CO3 (r)           
1778 = C816OOH (r)            3792 = C10PAN1 (r)            5806 = OCTO2 (r)              
1779 = C925OOH (r)            3793 = SBUACANO3 (r)          5807 = IC3H7O2 (r)            
1780 = C817CO3H (r)           3794 = PR2OHMOX (r)           5808 = HM33C3CO3 (r)          
1781 = C817OOH (r)            3795 = NTM135LOOH (r)         5809 = TBUTOLO2 (r)           
1782 = C727CO3H (r)           3796 = TM135OLO (r)           5810 = C928CO3 (r)            
1783 = C622CO3H (r)           3797 = C618PAN (r)            5811 = CO2C54O2 (r)           
1784 = C622OOH (r)            3798 = HCOCH2CO2H (r)         5812 = HO1CO4C6 (r)           
1785 = C728OOH (r)            3799 = C53OH2OOH (r)          5813 = DIEKBO2 (r)            
1786 = C517CO3H (r)           3800 = C89PAN (r)             5814 = CO3C4CO3 (r)           
1787 = C517OOH (r)            3801 = HEX3ONAOOH (r)         5815 = C2H5O2 (r)             
1788 = C518CO3H (r)           3802 = C515CHO (r)            5816 = M33C4O2 (r)            
1789 = CO2C54CO3H (r)         3803 = C65OH4OOH (r)          5817 = IPECO2 (r)             
1790 = C623OOH (r)            3804 = C721PAN (r)            5818 = C3MDIALOH (r)          
1791 = HMVKBCO3H (r)          3805 = PBZN (r)               5819 = NO3CH2CO3 (r)          
1792 = C821OOH (r)            3806 = MBOAOOH (r)            5820 = C4H6 (r)               
1793 = LMKANO3 (r)            3807 = MBOBOOH (r)            5821 = INB2O2 (r)             
1794 = LMKAOH (r)             3808 = NMBOAOOH (r)           5822 = MACRNCO3 (r)           
1795 = C822CO3H (r)           3809 = NMBOBOOH (r)           5823 = M2HEXAO2 (r)           
1796 = C823CO3H (r)           3810 = C5PAN6 (r)             5824 = IPEAO2 (r)             
1797 = C823OOH (r)            3811 = C64OH5OOH (r)          5825 = MEKCO2 (r)             
1798 = C825CO (r)             3812 = TM124MUNO3 (r)         5826 = HEXBO2 (r)             
1799 = C822OOH (r)            3813 = CL2OHOOH (r)           5827 = C3H7CO3 (r)            
1800 = M2HEXAOOH (r)          3814 = CH2OHCL2O (r)          5828 = HO3C4O2 (r)            
1801 = C824OOH (r)            3815 = TM124MUPAN (r)         5829 = HO2C4O2 (r)            
1802 = C729CO3H (r)           3816 = TM124MUO2H (r)         5830 = C716OH (r)             
1803 = C729CO2H (r)           3817 = TBUACPAN (r)           5831 = HO3C5O2 (r)            
1804 = C23C54CO3H (r)         3818 = MIBKHO4OOH (r)         5832 = C5H8 (r)               
1805 = C729OOH (r)            3819 = COHCCLOOH (r)          5833 = CO2C3CHO (r)           
1806 = C826OOH (r)            3820 = CH2OHCOCL (r)          5834 = HO2M2C4O2 (r)          
1807 = C624CO3H (r)           3821 = BZEMUCNO3 (r)          5835 = C58NO3CO3 (r)          
1808 = H2M5C65OOH (r)         3822 = MIBKBOOH (r)           5836 = H2M2C3CO3 (r)          
1809 = C624OOH (r)            3823 = INAHPAN (r)            5837 = GLYOO (r)              
1810 = H25M2C6 (r)            3824 = MACRNCO3H (r)          5838 = HO2C3CO3 (r)           
1811 = C730OOH (r)            3825 = C57NO3CO3H (r)         5839 = LMLKET (r)             
1812 = C626CO3H (r)           3826 = INCOOH (r)             5840 = C5H11CHO (r)           
1813 = C626CO2H (r)           3827 = NTM124LOOH (r)         5841 = PEAO2 (r)              
1814 = C626OOH (r)            3828 = C51OH2OOH (r)          5842 = C4H9CHO (r)            
1815 = C519CO3H (r)           3829 = MACRNBCO3H (r)         5843 = C2H5CO3 (r)            
1816 = C511CO3H (r)           3830 = C612OOH (r)            5844 = CH3COCO3 (r)           
1817 = C926OOH (r)            3831 = HO5C6OOH (r)           5845 = INAO2 (r)              
1818 = CO25C6CO3H (r)         3832 = C65O (r)               5846 = C57O2 (r)              
1819 = CO25C6CO2H (r)         3833 = C6PAN16 (r)            5847 = C59O2 (r)              
1820 = PRNO3CO2H (r)          3834 = C5PAN19 (r)            5848 = HEXCO2 (r)             
1821 = C731CO3H (r)           3835 = TM123BPAN (r)          5849 = CH3O2 (r)              
1822 = C732CO3H (r)           3836 = ETBEAPAN (r)           5850 = MACO3 (r)              
1823 = C732OOH (r)            3837 = C7ADCPAN (r)           5851 = C126CHO (r)            
1824 = C734CO (r)             3838 = PROPOLNO3 (r)          5852 = HOC2H4CHO (r)          
1825 = C731OOH (r)            3839 = HYPROPO2H (r)          5853 = NO3CH2CHO (r)          
1826 = C75OOH (r)             3840 = C823CO (r)             5854 = ISOPCNO3 (r)           
1827 = C733OOH (r)            3841 = H2M5C65NO3 (r)         5855 = PENT1ENE (r)           
1828 = H3M2C4CO3H (r)         3842 = HO24C5OOH (r)          5856 = CO23C4CHO (r)          
1829 = NLIMALOOH (r)          3843 = C5DICAROOH (r)         5857 = ACR (r)                
1830 = NC728OOH (r)           3844 = PXYLPAN (r)            5858 = IPRCHO (r)             
1831 = NC623OOH (r)           3845 = TM123MUNO3 (r)         5859 = IPROPOLO2 (r)          
1832 = NC826OOH (r)           3846 = ISOPBO (r)             5860 = PEBO2 (r)              
1833 = NC730OOH (r)           3847 = C732CO (r)             5861 = C2H5CHO (r)            
1834 = CO1H63OOH (r)          3848 = MC3CODBPAN (r)         5862 = CO2C3CO3 (r)           
1835 = C1H4C5CO2H (r)         3849 = IPROPOLO2H (r)         5863 = CO13C4CHO (r)          
1836 = CH3SOOOH (r)           3850 = NBUTOLAOOH (r)         5864 = C141O2 (r)             
1837 = CH3SO2OOH (r)          3851 = HO3C4OOH (r)           5865 = HOCH2CH2O2 (r)         
1838 = NBUTOLAOH (r)          3852 = ETBEBNO3 (r)           5866 = NC3H7O2 (r)            
1839 = BCANO3 (r)             3853 = DMSO2OOH (r)           5867 = CH3CHO (r)             
1840 = BCAOH (r)              3854 = ETBEBOOH (r)           5868 = C3ME3CHOO2 (r)         
1841 = BCCOOH (r)             3855 = M3BUTAL2O (r)          5869 = NC4H9O2 (r)            
1842 = BCALOOH (r)            3856 = TBUTOLOOH (r)          5870 = C3H6 (r)               
1843 = C141CO3H (r)           3857 = C144O (r)              5871 = CHEXO2 (r)             
1844 = C141OOH (r)            3858 = HMVKAO (r)             5872 = ACETOL (r)             
1845 = C142OOH (r)            3859 = ME3BUOLOOH (r)         5873 = CISOPCO2 (r)           
1846 = C143OOH (r)            3860 = NPXYOLOOH (r)          5874 = ISOPCO2 (r)            
1847 = C77OOH (r)             3861 = NTM123LOOH (r)         5875 = C4MDIAL (r)            
1848 = C927OOH (r)            3862 = TM123OLO (r)           5876 = HC4ACHO (r)            
1849 = C46CO2H (r)            3863 = BOXPOLANO3 (r)         5877 = HCOCO3 (r)             
1850 = C144OOH (r)            3864 = NCRESOOH (r)           5878 = MACRNO3 (r)            
1851 = C145OOH (r)            3865 = C4CHO2O (r)            5879 = CISOPAO2 (r)           
1852 = C928CO3H (r)           3866 = C4MCNO3OOH (r)         5880 = ISOPAO2 (r)            
1853 = C928OOH (r)            3867 = C137CO (r)             5881 = ISOPBO2 (r)            
1854 = C827CO3H (r)           3868 = PROL11MOOH (r)         5882 = HC4CCHO (r)            
1855 = C828CO3H (r)           3869 = CHOC2CO2H (r)          5883 = MVKNO3 (r)             
1856 = C828OOH (r)            3870 = C4MCODBPAN (r)         5884 = CO2H3CHO (r)           
1857 = BU1ENO3OOH (r)         3871 = BUTAL2O (r)            5885 = ISOPDO2 (r)            
1858 = BCKANO3 (r)            3872 = BUTAL2NO3 (r)          5886 = CH2OO (r)              
1859 = BCKAOH (r)             3873 = C8PAN1 (r)             5887 = MVK (r)                
1860 = C131CO3H (r)           3874 = C6CO2OHOOH (r)         5888 = IBUTALOH (r)           
1861 = C131OOH (r)            3875 = C5OHCO4OOH (r)         5889 = C3H7CHO (r)            
1862 = C132OOH (r)            3876 = OXYMUCPAN (r)          5890 = HCOCH2O2 (r)           
1863 = C133OOH (r)            3877 = M3CO25C6 (r)           5891 = C116CHO (r)            
1864 = C829OOH (r)            3878 = CO3H4CO3H (r)          5892 = MGLYOX (r)             
1865 = C134OOH (r)            3879 = C9PAN2 (r)             5893 = MACR (r)               
1866 = C135OOH (r)            3880 = C62O (r)               5894 = CO2C4CO3 (r)           
1867 = C126CO3H (r)           3881 = C6PAN15 (r)            5895 = HMVKBCHO (r)           
1868 = M2PEDOOH (r)           3882 = MXYMUCPAN (r)          5896 = HOC2H4CO3 (r)          
1869 = C126OOH (r)            3883 = C1211CO (r)            5897 = BCKET (r)              
1870 = C127OOH (r)            3884 = C64O (r)               5898 = C132O2 (r)             
1871 = C128OOH (r)            3885 = MIBKOHBOOH (r)         5899 = C1011CO3 (r)           
1872 = C136CO3H (r)           3886 = NPBNZOLOOH (r)         5900 = BCAL (r)               
1873 = C137CO3H (r)           3887 = HIEB1OOH (r)           5901 = BCLKET (r)             
1874 = C137OOH (r)            3888 = HIEB2OOH (r)           5902 = C622CHO (r)            
1875 = M2HEXBOOH (r)          3889 = HMPAN (r)              5903 = CH3COCH2O2 (r)         
1876 = C139OOH (r)            3890 = HMACO3H (r)            5904 = CL (r)                 
1877 = C1310OOH (r)           3891 = HMACROOH (r)           5905 = MEKAO2 (r)             
1878 = H2M2C65OOH (r)         3892 = HMACRO (r)             5906 = LIMAL (r)              
1879 = C136OOH (r)            3893 = HC4CHO (r)             5907 = C626CHO (r)            
1880 = C1311OOH (r)           3894 = C526NO3 (r)            5908 = C729CHO (r)            
1881 = C1312OOH (r)           3895 = C527NO3 (r)            5909 = HNO3 (r)               
1882 = C67CO3H (r)            3896 = C527OOH (r)            5910 = CHOC3COCO3 (r)         
1883 = C43NO34OOH (r)         3897 = C534OOH (r)            5911 = HCOCH2CHO (r)          
1884 = C522CO2H (r)           3898 = RGDCO2H (r)            5912 = C518CHO (r)            
1885 = C1011CO3H (r)          3899 = C31PAN (r)             5913 = CO23C3CHO (r)          
1886 = C1011OOH (r)           3900 = C5PAN17 (r)            5914 = C717O2 (r)             
1887 = C1012OOH (r)           3901 = C58AOOH (r)            5915 = HOCH2CO3 (r)           
1888 = M3HEXAOOH (r)          3902 = C47PAN (r)             5916 = GLYOX (r)              
1889 = C147CO (r)             3903 = C47CO3H (r)            5917 = HOCH2CHO (r)           
1890 = C147OOH (r)            3904 = C57AOOH (r)            5918 = BIACETO2 (r)           
1891 = H2M4C65OOH (r)         3905 = NMXYOLOOH (r)          5919 = CH3CO3 (r)             
1892 = C830CO3H (r)           3906 = C715OOH (r)            5920 = HCHO (r)               
1893 = C830OOH (r)            3907 = OXYLPAN (r)            5921 = HCOCH2CO3 (r)          
1894 = C831OOH (r)            3908 = NEBNZOLOOH (r)         5922 = CH3COCH3 (r)           
1895 = C1013CO3H (r)          3909 = C23O3MCPAN (r)         5923 = SO2 (r)                
1896 = C1013OOH (r)           3910 = C6OH5OOH (r)           5924 = C921O2 (r)             
1897 = C1014OOH (r)           3911 = C6PAN13 (r)            5925 = C823O2 (r)             
1898 = COO2C4CO3H (r)         3912 = HO13C4OOH (r)          5926 = C107O2 (r)             
1899 = COO2C3CO3H (r)         3913 = C56OOH (r)             5927 = C9DCO2 (r)             
1900 = C1313OOH (r)           3914 = C4ECO2O (r)            5928 = NC101O2 (r)            
1901 = C710OOH (r)            3915 = C4M3NO3ONE (r)         5929 = C8BCO2 (r)             
1902 = C116CO3H (r)           3916 = NDNOETOLO (r)          5930 = C914O2 (r)             
1903 = C116OOH (r)            3917 = MTBK (r)               5931 = C812O2 (r)             
1904 = H3M3C4CO3H (r)         3918 = C66NO35CO (r)          5932 = C97O2 (r)              
1905 = C117OOH (r)            3919 = METLMUCCO (r)          5933 = NC102O2 (r)            
1906 = C118OOH (r)            3920 = BUTALO (r)             5934 = C87O2 (r)              
1907 = C42NO33OOH (r)         3921 = NPROACEAO (r)          5935 = C813O2 (r)             
1908 = C1210CO3H (r)          3922 = NDNMETOLO (r)          5936 = C916O2 (r)             
1909 = C1211CO3H (r)          3923 = NDNOXYOLO (r)          5937 = BPINCO2 (r)            
1910 = C1211OOH (r)           3924 = PETLMUCCO (r)          5938 = C108O2 (r)             
1911 = C1212OOH (r)           3925 = NDNPETOLO (r)          5939 = C106O2 (r)             
1912 = C1213OOH (r)           3926 = DMPHCOME (r)           5940 = LIMALBO2 (r)           
1913 = C1210OOH (r)           3927 = C23O3EHO (r)           5941 = C922O2 (r)             
1914 = C1214OOH (r)           3928 = PBZMUCCO (r)           5942 = APINCO2 (r)            
1915 = C1215OOH (r)           3929 = PBZMUCNO3 (r)          5943 = C98O2 (r)              
1916 = NBCALOOH (r)           3930 = EMPHCOME (r)           5944 = C810O2 (r)             
1917 = NC1313OOH (r)          3931 = DETLBIPRO (r)          5945 = C919O2 (r)             
1918 = NC524NO3 (r)           3932 = H13M3CO4C5 (r)         5946 = C918O2 (r)             
1919 = HMACO2H (r)            3933 = CO24C53OOH (r)         5947 = C925O2 (r)             
1920 = C516OOH (r)            3934 = TM135BPRO (r)          5948 = C917O2 (r)             
1921 = MPRANO3OOH (r)         3935 = ETBEAO (r)             5949 = C88O2 (r)              
1922 = ISOP34OOH (r)          3936 = NOPINAO (r)            5950 = C818O2 (r)             
1923 = CH2CHCH2OOH (r)        3937 = DMCO (r)               5951 = C811O2 (r)             
1924 = NC51OOH (r)            3938 = ACCOC3H6O (r)          5952 = C87CO3 (r)             
1925 = C45OOH (r)             3939 = C87CO (r)              5953 = C89O2 (r)              
1926 = M3BU3ECO3H (r)         3940 = NIPBFUO (r)            5954 = C821O2 (r)             
1927 = C530OOH (r)            3941 = SBUACETBO (r)          5955 = LMLKBO2 (r)            
1928 = NC526OOH (r)           3942 = HEX2ONBO (r)           5956 = C732CO3 (r)            
1929 = MPRBNO3OOH (r)         3943 = CO23C65O (r)           5957 = C721CO3 (r)            
1930 = C533OOH (r)            3944 = SBUACEONE (r)          5958 = C820O2 (r)             
1931 = C536O (r)              3945 = DM124OOH (r)           5959 = C811CO3 (r)            
1932 = C537O (r)              3946 = TM124NO2O (r)          5960 = NAPINAO2 (r)           
1933 = HOBUT2CO3H (r)         3947 = HO3CO6C7 (r)           5961 = C915O2 (r)             
1934 = IPECOOH (r)            3948 = MCOCOMOX (r)           5962 = C109O2 (r)             
1935 = HO2NO2 (r)             3949 = C515CO (r)             5963 = APINAO2 (r)            
1936 = CH3OH (r)              3950 = BZBIPERO (r)           5964 = APINBO2 (r)            
1937 = HOC3H6CO3H (r)         3951 = C52NO33CO (r)          5965 = C88CO3 (r)             
1938 = HOC2H4CO3H (r)         3952 = TM124MUCCO (r)         5966 = C718CO3 (r)            
1939 = TC4H9OOH (r)           3953 = IPBZMUCCO (r)          5967 = C85O2 (r)              
1940 = HO1C5OOH (r)           3954 = IPBZMUCNO3 (r)         5968 = C823CO3 (r)            
1941 = HO2C5OH (r)            3955 = C62NO33CO (r)          5969 = C920O2 (r)             
1942 = HO13C4NO3 (r)          3956 = IPRMEETO (r)           5970 = C920CO3 (r)            
1943 = HO2C4CO3H (r)          3957 = IEPOXB (r)             5971 = NORLIMO2 (r)           
1944 = M3HEXBOOH (r)          3958 = BZEMUCCO (r)           5972 = C85CO3 (r)             
1945 = HO2C4OH (r)            3959 = ISOPAOH (r)            5973 = C86O2 (r)              
1946 = HO2C3CO3H (r)          3960 = ACEPROPONE (r)         5974 = C819O2 (r)             
1947 = H3M3C6OOH (r)          3961 = NDNT124LO (r)          5975 = C89CO3 (r)             
1948 = C51OOH (r)             3962 = MACRNCO2H (r)          5976 = NAPINBO2 (r)           
1949 = MPRNO3CO2H (r)         3963 = CONM2PAN (r)           5977 = NLMKAO2 (r)            
1950 = CO2C4CO3H (r)          3964 = MMALNBPAN (r)          5978 = LMKBO2 (r)             
1951 = PECOOH (r)             3965 = C51NO32CO (r)          5979 = LMKAO2 (r)             
1952 = MTBEBO (r)             3966 = COHM2CO2H (r)          5980 = C816CO3 (r)            
1953 = DIIPRETHER (r)         3967 = COHM2PAN (r)           5981 = BPINBO2 (r)            
1954 = EIPEO (r)              3968 = BOXCHO (r)             5982 = NBPINAO2 (r)           
1955 = ETBEBO (r)             3969 = ETHENO3O (r)           5983 = NBPINBO2 (r)           
1956 = MO2EOLBO (r)           3970 = NORLIMO (r)            5984 = BPINAO2 (r)            
1957 = M3PE (r)               3971 = C816O (r)              5985 = C918CO3 (r)            
1958 = PRONEMOXOH (r)         3972 = C925O (r)              5986 = NC91CO3 (r)            
1959 = BOX2EOHAO (r)          3973 = C53NO32CO (r)          5987 = C727CO3 (r)            
1960 = BOXCOCHO (r)           3974 = BOX2COMOH (r)          5988 = LIMAO2 (r)             
1961 = BOXPRONE (r)           3975 = H3C25C5CHO (r)         5989 = NLIMO2 (r)             
1962 = H2MC5O (r)             3976 = C727CO (r)             5990 = C824O2 (r)             
1963 = BOXPRONBOH (r)         3977 = C63NO32CO (r)          5991 = LIMBO2 (r)             
1964 = METHACETO (r)          3978 = CY6TRION (r)           5992 = C924O2 (r)             
1965 = ETHACETO (r)           3979 = NDNPHENO (r)           5993 = NOPINDO2 (r)           
1966 = ACETC2H4O (r)          3980 = NBUACETAO (r)          5994 = C825O2 (r)             
1967 = C69O (r)               3981 = C64NO335CO (r)         5995 = NOPINBO2 (r)           
1968 = IPRACBO (r)            3982 = TLOBIPEROH (r)         5996 = LMLKAO2 (r)            
1969 = ACBUONEAO (r)          3983 = C624O (r)              5997 = LIMCO2 (r)             
1970 = ACBUONAOH (r)          3984 = C3MCODBCO2 (r)         5998 = NOPINAO2 (r)           
1971 = ACBUONBOH (r)          3985 = NDNPXYOLO (r)          5999 = PINALO2 (r)            
1972 = NBUACETCO (r)          3986 = CO2C4GLYOX (r)         6000 = C731CO3 (r)            
1973 = MCOOTBO (r)            3987 = C6COCHOPAN (r)         6001 = NOPINCO2 (r)           
1974 = C94OH (r)              3988 = TLEMUCCO (r)           6002 = LIMALAO2 (r)           
1975 = CCL3O (r)              3989 = TLEMUCNO3 (r)          6003 = C96O2 (r)              
1976 = TCEOHO (r)             3990 = NBUTOLBO (r)           6004 = C96CO3 (r)             
1977 = M2BKBOH (r)            3991 = CO24M3C5 (r)           6005 = C816O2 (r)             
1978 = M2BKBO (r)             3992 = C143O (r)              6006 = C822O2 (r)             
1979 = C4COMOH3OH (r)         3993 = C630CO (r)             6007 = NC826O2 (r)            
1980 = APINBCO (r)            3994 = NDNT123LO (r)          6008 = C926O2 (r)             
1981 = C719O (r)              3995 = C131CO (r)             6009 = C826O2 (r)             
1982 = C6NO3CO4OH (r)         3996 = BOX2PROL (r)           6010 = C822CO3 (r)            
1983 = DMM (r)                3997 = NDNIPBZLO (r)          6011 = C729CO3 (r)            
1984 = MMF (r)                3998 = ACEBUTONE (r)          6012 = LIMALO2 (r)            
1985 = DMC (r)                3999 = C133O (r)              6013 = C817O2 (r)             
1986 = C611OH (r)             4000 = NDNPBNZLO (r)          6014 = C817CO3 (r)            
1987 = C611O (r)              4001 = C133CO (r)             6015 = NLIMALO2 (r)           
1988 = BENZENE (r)            4002 = NDNCRESO (r)           6016 = C10H15O2O2 (r)         
1989 = HOHOC4DIAL (r)         4003 = CCL2OHCOCL (r)         6017 = NO2 (r)                
1990 = M22C4 (r)              4004 = C128CO (r)             6018 = C10H15O4O2 (r)         
1991 = HEX3ONCO (r)           4005 = PRCOOPRONE (r)         6019 = C10H15O3O2 (r)         
1992 = C5DIALOH (r)           4006 = H2M2C65O (r)           6020 = C10H17O8O2 (r)         
1993 = C6NO3CO5OH (r)         4007 = MXYL1OOH (r)           6021 = C923O2 (r)             
1994 = HEX2ONCO (r)           4008 = C736CO (r)             6022 = O3 (r)                 
1995 = HM33C4O (r)            4009 = C6DIALO (r)            6023 = NO (r)                 
1996 = C514CO23OH (r)         4010 = NBUACETBO (r)          6024 = NO3 (r)                
1997 = C4M2AL2OH (r)          4011 = MACROOH (r)            6025 = C10H15O7O2 (r)         
1998 = C615CO2OH (r)          4012 = C831O (r)              6026 = C10H17O4O2 (r)         
1999 = TLFUO (r)              4013 = C42NO33O (r)           6027 = C923CO3 (r)            
2000 = NCRESOH (r)            4014 = C1014O (r)             6028 = C10H15O9O2 (r)         
2001 = MXYL1O (r)             4015 = NEBFUO (r)             6029 = OH (r)                 
2002 = C726CO3OH (r)          4016 = MPHCOME (r)            6030 = HO2 (r)                
2003 = C7236CO (r)            4017 = MXYMUCCO (r)           6031 = C10H17O3O2 (r)         
2004 = C41OH (r)              4018 = MXYMUCNO3 (r)          6032 = C10H15O8O2 (r)         
2005 = NMXYOLOH (r)           4019 = C118CO (r)             6033 = C10H15O6O2 (r)         
2006 = MXYFUO (r)             4020 = EBZMUCCO (r)           6034 = CO (r)                 
2007 = HM22C3O (r)            4021 = EBZMUCNO3 (r)          6035 = C10H17O5O2 (r)         
2008 = C5NO3CO4OH (r)         4022 = NPBFUO (r)             6036 = C10H15O11O2 (r)        
2009 = DMK2OH (r)             4023 = TL4OHNO2O (r)          6037 = C10H15O10O2 (r)        
2010 = C104OH (r)             4024 = ACEBUTBONE (r)         6038 = C10H17O6O2 (r)         
2011 = NPXYOLOH (r)           4025 = CH3OCH3 (r)            6039 = C10H15O5O2 (r)         
2012 = PXYFUO (r)             4026 = C516O (r)              6040 = C10H15O12O2 (r)        
2013 = HNMVKOH (r)            4027 = PHCOME (r)             6041 = C10H17O7O2 (r)         
2014 = MC52CO2OH (r)          4028 = NDNMXYOLO (r)          

Fixed species


### Subroutines ---------------------------------------

SUBROUTINE Fun ( V, F, RCT, Vdot, Aout )
SUBROUTINE Fun_SPLIT ( V, F, RCT, Vdot, P_VAR, D_VAR, Aout )
SUBROUTINE CalcStoichNum ( StoichNum )
SUBROUTINE Jac_SP ( V, F, RCT, JVS )
SUBROUTINE Jac_SP_Vec ( JVS, UV, JUV )
SUBROUTINE JacTR_SP_Vec ( JVS, UV, JTUV )
SUBROUTINE KppSolve ( JVS, X )
SUBROUTINE KppSolveTR ( JVS, X, XX )
SUBROUTINE Initialize ( )
SUBROUTINE Shuffle_user2kpp ( V_USER, V )
SUBROUTINE Shuffle_kpp2user ( V, V_USER )
SUBROUTINE Update_PHOTO ( )
SUBROUTINE GetMass ( CL, Mass )
SUBROUTINE ReactantProd ( V, F, ARP )
SUBROUTINE JacReactantProd ( V, F, JVRP )
