! ~~~~~~~~~~~~~~~~~~~~~~~~~~~~~~~~~~~~~~~~~~~~~~~~~~~~~~~~~~~~~~~~~~~~~~~~~
! 
! Log File with Human-Readable Information
! 
! Generated by KPP-3.3.0 symbolic chemistry Kinetics PreProcessor
!       (https:/github.com/KineticPreProcessor/KPP)
! KPP is distributed under GPL, the general public licence
!       (http://www.gnu.org/copyleft/gpl.html)
! (C) 1995-1997, V. Damian & A. Sandu, CGRER, Univ. Iowa
! (C) 1997-2022, A. Sandu, Michigan Tech, Virginia Tech
!     With important contributions from:
!        M. Damian,   Villanova University, Philadelphia, PA, USA
!        R. Sander,   Max-Planck Institute for Chemistry, Mainz, Germany
!        M. Long,     Renaissance Fiber, LLC, North Carolina, USA
!        H. Lin,      Harvard University, Cambridge, MA, USA
!        R. Yantosca, Harvard University, Cambridge, MA, USA
! 
! File                 : mcm.log
! Equation file        : mcm.kpp
! Output root filename : mcm
! 
! ~~~~~~~~~~~~~~~~~~~~~~~~~~~~~~~~~~~~~~~~~~~~~~~~~~~~~~~~~~~~~~~~~~~~~~~~~



### Options -------------------------------------------

#DECLARE      - OFF
#DOUBLE       - ON
#DRIVER       - general
#DUMMYINDEX   - OFF
#EQNTAGS      - OFF
#FUNCTION     - AGGREGATE
#HESSIAN      - OFF
#INTEGRATOR   - rosenbrock
#JACOBIAN     - SPARSE_LU_ROW
#LANGUAGE     - Fortran90
#MEX          - ON
#MINVERSION   - none
#REORDER      - ON
#STOCHASTIC   - OFF
#STOICMAT     - ON
#GRAPH        - edgelist
#UPPERCASEF90 - OFF

### Parameters ----------------------------------------

! NSPEC - Number of chemical species
  INTEGER, PARAMETER :: NSPEC = 5832 
! NVAR - Number of Variable species
  INTEGER, PARAMETER :: NVAR = 5832 
! NVARACT - Number of Active species
  INTEGER, PARAMETER :: NVARACT = 5828 
! NFIX - Number of Fixed species
  INTEGER, PARAMETER :: NFIX = 1 
! NREACT - Number of reactions
  INTEGER, PARAMETER :: NREACT = 16698 
! NVARST - Starting of variables in conc. vect.
  INTEGER, PARAMETER :: NVARST = 1 
! NFIXST - Starting of fixed in conc. vect.
  INTEGER, PARAMETER :: NFIXST = 5833 

### Species -------------------------------------------

Variable species
   1 = NA (n)                 1946 = C611OH (r)             3891 = C526OOH (r)            
   2 = SA (n)                 1947 = C611O (r)              3892 = HPC52OOH (r)           
   3 = SO3 (r)                1948 = CO2HO4C6 (r)           3893 = C58ANO3 (r)            
   4 = BR (n)                 1949 = BCKBCO (r)             3894 = DHPMEK (r)             
   5 = HCL (n)                1950 = IPEAOH (r)             3895 = MIPKAO (r)             
   6 = O1D (r)                1951 = IC3H7O (r)             3896 = OETOLO2 (r)            
   7 = HSO3 (r)               1952 = C521OH (r)             3897 = OETCATECH (r)          
   8 = HO2CO3C4O (r)          1953 = BCOOB (r)              3898 = MXYLO2 (r)             
   9 = C5CO24O (r)            1954 = BCALAOH (r)            3899 = C6H5C2H4O2 (r)         
  10 = IPRCOMO (r)            1955 = C126CO (r)             3900 = PXYOLO2 (r)            
  11 = CH3CL (r)              1956 = C126NO3 (r)            3901 = PXYCATECH (r)          
  12 = CH2CL2 (r)             1957 = C2H5OH (r)             3902 = METOLO2 (r)            
  13 = CHCL3 (r)              1958 = M22C4 (r)              3903 = METCATECH (r)          
  14 = CH3CCL3 (r)            1959 = BCALBOH (r)            3904 = NC4EDCO2H (r)          
  15 = TCE (r)                1960 = HEX3ONAOH (r)          3905 = PETLBIPRO2 (r)         
  16 = CDICLETH (r)           1961 = C6CO3HO25 (r)          3906 = NCO23CHO (r)           
  17 = TDICLETH (r)           1962 = HM33C4O (r)            3907 = C51OH2CO (r)           
  18 = CH2CLCH2CL (r)         1963 = C1010O (r)             3908 = PETOLO2 (r)            
  19 = DIBRET (r)             1964 = C6CO3HO4 (r)           3909 = PETCATECH (r)          
  20 = CH3BR (r)              1965 = C6CO34 (r)             3910 = TCEOHO2 (r)            
  21 = CHCL2CHCL2 (r)         1966 = C1011CO (r)            3911 = H3NCO2CHO (r)          
  22 = ETHOX (r)              1967 = C1011NO3 (r)           3912 = NPROACECO2 (r)         
  23 = C51OH (r)              1968 = C1012CO (r)            3913 = PHGLYOX (r)            
  24 = C42CHO2O (r)           1969 = HM22C3O (r)            3914 = C23O3CHO (r)           
  25 = SBUTACET (r)           1970 = C830CO (r)             3915 = C78OOH (r)             
  26 = TRICLETH (r)           1971 = C830NO3 (r)            3916 = CCL3CH2O2 (r)          
  27 = CH3CH2CL (r)           1972 = BCKOOB (r)             3917 = OXYLO2 (r)             
  28 = CH2CLCHCL2 (r)         1973 = HEX3ONDOH (r)          3918 = CO2HO3C6 (r)           
  29 = CHCL2CH3 (r)           1974 = C1013CO (r)            3919 = MO2EOLBO2 (r)          
  30 = CCL2CH2 (r)            1975 = C1013NO3 (r)           3920 = OXYFUONE (r)           
  31 = INB1HPCO2H (r)         1976 = C6CO3HO14 (r)          3921 = HMVKBOOH (r)           
  32 = M2PEDOH (r)            1977 = BCLKAOH (r)            3922 = CO2H3CO3H (r)          
  33 = M3PECOH (r)            1978 = C116CO (r)             3923 = CISOPCO (r)            
  34 = M23C43OH (r)           1979 = C116NO3 (r)            3924 = C513CO (r)             
  35 = CO3C75O (r)            1980 = BCLKBOH (r)            3925 = ACCOPRONE (r)          
  36 = C75O (r)               1981 = HM22C4O (r)            3926 = C113CO (r)             
  37 = M2HEXBOH (r)           1982 = C930O (r)              3927 = DIBRETO2 (r)           
  38 = C710O (r)              1983 = HMVKNGLYOX (r)         3928 = CH2CLCH2O2 (r)         
  39 = M3HEXBOH (r)           1984 = BCALCOH (r)            3929 = HO3CO46C8 (r)          
  40 = CO3C85O (r)            1985 = BCLKCOH (r)            3930 = MACO3H (r)             
  41 = C91O (r)               1986 = MIBKHO14 (r)           3931 = CHCL2CH2O2 (r)         
  42 = C101O (r)              1987 = C104OH (r)             3932 = CL12PRAO2 (r)          
  43 = C111O (r)              1988 = HVMK (r)               3933 = CL12PRBO2 (r)          
  44 = C121O (r)              1989 = MIBKBOH (r)            3934 = CL12PRBO (r)           
  45 = CH3O2NO2 (r)           1990 = C612O (r)              3935 = CL12PRCO2 (r)          
  46 = C4ME22OH (r)           1991 = TBUACET (r)            3936 = CH3CLCOCL (r)          
  47 = CH3CCH3OOC (r)         1992 = PR2O2HNO3 (r)          3937 = OXYOLO2 (r)            
  48 = C57OH (r)              1993 = PROLNO3 (r)            3938 = OXYCATECH (r)          
  49 = ISOPBOH (r)            1994 = CH3COCH2O (r)          3939 = C109OH (r)             
  50 = C58OH (r)              1995 = HYETHO2H (r)           3940 = ETHOXO2 (r)            
  51 = C510OH (r)             1996 = HO3C4O (r)             3941 = C4OCCOHNO3 (r)         
  52 = C6CO134 (r)            1997 = HO3C4NO3 (r)           3942 = C123CO (r)             
  53 = C6CYTONO (r)           1998 = HM2C43NO3 (r)          3943 = CNO3OCL (r)            
  54 = IBUTOLOHC (r)          1999 = HM2C43O (r)            3944 = IEC2OOH (r)            
  55 = CYC6DIONO (r)          2000 = EOX2OLANO3 (r)         3945 = INAOOH (r)             
  56 = C6145COO (r)           2001 = EOX2OLAOOH (r)         3946 = VGLYOX (r)             
  57 = CHOC4O (r)             2002 = EOX2COMEOH (r)         3947 = DMMAO2 (r)             
  58 = CHOC4OHO (r)           2003 = EOX2EOLBO (r)          3948 = DMMBO2 (r)             
  59 = IPRFORMOH (r)          2004 = HO3C3CO3H (r)          3949 = C6OTRIKET (r)          
  60 = IPRMEETOH (r)          2005 = ETOMEO (r)             3950 = CONM2CO3H (r)          
  61 = DIIPRETOH (r)          2006 = ETOMENO3 (r)           3951 = CONM2PAN (r)           
  62 = EIPEOH (r)             2007 = C2H5CHOOA (r)          3952 = MMALNAPAN (r)          
  63 = NPROACET (r)           2008 = HO2C54NO3 (r)          3953 = MMALNACO3H (r)         
  64 = IPRACOH (r)            2009 = PR2OHMOXO (r)          3954 = MMALNACO2H (r)         
  65 = NBUTACET (r)           2010 = PRONEMOOOH (r)         3955 = MMALNBCO3H (r)         
  66 = SBUACAOH (r)           2011 = C6COCHOOOH (r)         3956 = MMALNBCO2H (r)         
  67 = CCL3OH (r)             2012 = MCOCOMOOOH (r)         3957 = MMFO2 (r)              
  68 = CCL3PAN (r)            2013 = PRCOOMOOH (r)          3958 = COHM2CO3H (r)          
  69 = TCE2OH (r)             2014 = BOXEOHBNO3 (r)         3959 = INDO (r)               
  70 = C85O (r)               2015 = HO24C5O (r)            3960 = ACBUONBOOH (r)         
  71 = NC101O (r)             2016 = HOCH2CO3H (r)          3961 = INDHCHO (r)            
  72 = NC72O (r)              2017 = M2HEXANO3 (r)          3962 = TMBO2 (r)              
  73 = APINCOH (r)            2018 = BUFORMOOH (r)          3963 = MXYOLO2 (r)            
  74 = C719OH (r)             2019 = H2M5C65O (r)           3964 = BUTALO2H (r)           
  75 = C920O (r)              2020 = PRCOFOROOH (r)         3965 = MXYCATECH (r)          
  76 = C921O (r)              2021 = CY6DIONO (r)           3966 = C65OH (r)              
  77 = IPROCHO (r)            2022 = BOXPROLAO (r)          3967 = EBENZOLO2 (r)          
  78 = MOCOCH2O (r)           2023 = COC4NO3OOH (r)         3968 = H2C3OCO2 (r)           
  79 = EOCOCH2O (r)           2024 = PRCOOPROL (r)          3969 = TM124BO2 (r)           
  80 = TBOCOCH2O (r)          2025 = PRONFORM (r)           3970 = EOCOCHO (r)            
  81 = MALANHYO (r)           2026 = PRNFORMOOH (r)         3971 = TBOCOCHO (r)           
  82 = PBZQO (r)              2027 = CO3C4NO3OH (r)         3972 = C93CO (r)              
  83 = NC4DCO2 (r)            2028 = BOXPROANO3 (r)         3973 = C629OOH (r)            
  84 = PHENOH (r)             2029 = C113NO3 (r)            3974 = C520OOH (r)            
  85 = MMALNHY2OH (r)         2030 = PRNOCOPOOH (r)         3975 = CH2OOC (r)             
  86 = PTLQO (r)              2031 = PRNOCOMOOH (r)         3976 = C143CO (r)             
  87 = TLFUOH (r)             2032 = BOXPROBOOH (r)         3977 = TM124MUO3H (r)         
  88 = CRESOH (r)             2033 = NBUTOLANO3 (r)         3978 = MTBEACHO (r)           
  89 = MXYQO (r)              2034 = BOX2COMOOH (r)         3979 = TM124OLO2 (r)          
  90 = MXYQOH (r)             2035 = CHOOCH2NO3 (r)         3980 = T124CATECH (r)         
  91 = MXYOLOH (r)            2036 = CHOOCH2OOH (r)         3981 = C3M3CHONO3 (r)         
  92 = MXYFUOH (r)            2037 = MECOACEOOH (r)         3982 = C4COMEOH (r)           
  93 = CO14O3CO2H (r)         2038 = ACEC2H4NO3 (r)         3983 = BCALBOC (r)            
  94 = C24O3CCO2H (r)         2039 = ACEC2H4OOH (r)         3984 = BCLKBOC (r)            
  95 = PXYBPER2OH (r)         2040 = NPRACANO3 (r)          3985 = NC4DCO2H (r)           
  96 = PXYQO (r)              2041 = NPRACAOOH (r)          3986 = IPBENZOLO2 (r)         
  97 = PXYQOH (r)             2042 = ACPRONEOOH (r)         3987 = HO2CO35C7 (r)          
  98 = NC4MDCO2 (r)           2043 = ACCOCOMEO (r)          3988 = TM123BO2 (r)           
  99 = PXYOLOH (r)            2044 = NPROACEBO (r)          3989 = HEX2ONE (r)            
 100 = PXYFUOH (r)            2045 = HO24C4CO3H (r)         3990 = TMB2FUONE (r)          
 101 = OXYBPER2OH (r)         2046 = ACCOETOOH (r)          3991 = C54CO (r)              
 102 = OXYQO (r)              2047 = NPROACECO (r)          3992 = IPROACET (r)           
 103 = OXYOLOH (r)            2048 = NPRACCNO3 (r)          3993 = MC6OTRIKET (r)         
 104 = OXYFUOH (r)            2049 = M2PEBNO3 (r)           3994 = C103CO (r)             
 105 = TM135OLOH (r)          2050 = IPROACETO (r)          3995 = PBENZOLO2 (r)          
 106 = TM124BP2OH (r)         2051 = HO1C3NO3 (r)           3996 = CO25C6 (r)             
 107 = TMB1FUOH (r)           2052 = HOCH2CO2H (r)          3997 = NC524O (r)             
 108 = TM124QO (r)            2053 = IPRACBNO3 (r)          3998 = NC4IPDCO2H (r)         
 109 = TM124QOH (r)           2054 = IPRACBOOH (r)          3999 = TM123MUCCO (r)         
 110 = TM124OLOH (r)          2055 = NBUACANO3 (r)          4000 = C23C54CHO (r)          
 111 = DMMALYOH (r)           2056 = NBUACAOOH (r)          4001 = CH2CHCH2O2 (r)         
 112 = TMB2FUOH (r)           2057 = CY6DIONOH (r)          4002 = T123CATECH (r)         
 113 = MC6OTKETOH (r)         2058 = C6135COOOH (r)         4003 = CRESO2 (r)             
 114 = TM123OLOH (r)          2059 = ACOMCOMOOH (r)         4004 = C532CO (r)             
 115 = PEBQO (r)              2060 = BUT2OLNO3 (r)          4005 = MCATECHOL (r)          
 116 = NC4EDCO2 (r)           2061 = NBUACBNO3 (r)          4006 = NC4PDCO2H (r)          
 117 = EMALANHY (r)           2062 = NBUACBOOH (r)          4007 = PXYLO2 (r)             
 118 = EMALNHY2OH (r)         2063 = M2PEBOOH (r)           4008 = C537OOH (r)            
 119 = EBENZOLOH (r)          2064 = ACCOCOC2H5 (r)         4009 = C6CO4DB (r)            
 120 = PPRBQO (r)             2065 = CH2OOA (r)             4010 = C7EDCO (r)             
 121 = NC4PDCO2 (r)           2066 = C413COOOH (r)          4011 = PETLMUCO (r)           
 122 = PMALANHY (r)           2067 = ACCOPROOH (r)          4012 = C4CO2O (r)             
 123 = PMALNHY2OH (r)         2068 = CH3OOH (r)             4013 = MVKOHAOH (r)           
 124 = PBENZOLOH (r)          2069 = SBUACETAO (r)          4014 = C42AOH (r)             
 125 = PHIC3OH (r)            2070 = SBUACBNO3 (r)          4015 = OETLMUCO (r)           
 126 = IPRBQO (r)             2071 = SBUACBOOH (r)          4016 = DMEBMUCO (r)           
 127 = NC4IPDCO2 (r)          2072 = SBUACCOOH (r)          4017 = MXYMUCO (r)            
 128 = IPMALANHY (r)          2073 = C76OOH (r)             4018 = PRONO3BO (r)           
 129 = IPMLNHY2OH (r)         2074 = CH2CLOOH (r)           4019 = MPRBNO3O (r)           
 130 = IPBENZOLOH (r)         2075 = CCL3CH2OOH (r)         4020 = DETLMUCO (r)           
 131 = OETLBPR2OH (r)         2076 = C64OH (r)              4021 = C4M3NO32O (r)          
 132 = OETLQO (r)             2077 = TBUTOLNO3 (r)          4022 = MXYOBPEROH (r)         
 133 = OETOLOH (r)            2078 = HO1C3OOH (r)           4023 = C512O (r)              
 134 = METLBPR2OH (r)         2079 = MVKOHBOOH (r)          4024 = OXYMUCO (r)            
 135 = METLQO (r)             2080 = H14CO23C4 (r)          4025 = MBOBCO (r)             
 136 = METLQOH (r)            2081 = HMGLOOA (r)            4026 = CHOC3DIOL (r)          
 137 = METOLOH (r)            2082 = APINANO3 (r)           4027 = CHCL2COCL (r)          
 138 = PETLBPR2OH (r)         2083 = APINAOOH (r)           4028 = DIEK (r)               
 139 = PETLQO (r)             2084 = MPRNO3CO3H (r)         4029 = PXYMUCO (r)            
 140 = PETLQOH (r)            2085 = C96NO3 (r)             4030 = M2BK (r)               
 141 = PETOLOH (r)            2086 = C98O (r)               4031 = PROL2FORM (r)          
 142 = DMEBPR2OH (r)          2087 = C614NO3 (r)            4032 = ME2BU2OLO (r)          
 143 = MEBFUOH (r)            2088 = C106O (r)              4033 = C52NO31O (r)           
 144 = DMEPHOLOH (r)          2089 = PINONIC (r)            4034 = MIBK (r)               
 145 = DETLBPR2OH (r)         2090 = C96OOH (r)             4035 = TM135MUCO (r)          
 146 = DEMPHOLOH (r)          2091 = C77NO3 (r)             4036 = BOXPRONEAO (r)         
 147 = C914O (r)              2092 = PE1ENEAO (r)           4037 = BUTONENO3 (r)          
 148 = C88O (r)               2093 = PE1ENEANO3 (r)         4038 = PRONO3AO (r)           
 149 = C619O (r)              2094 = C716OOH (r)            4039 = C7BDCO (r)             
 150 = NOPINCOH (r)           2095 = PE1ENEBO (r)           4040 = C629O (r)              
 151 = C917OH (r)             2096 = H3C25C6OOH (r)         4041 = C520O (r)              
 152 = BPINCOH (r)            2097 = H3C25C6OH (r)          4042 = CO4DBC8 (r)            
 153 = C8BC (r)               2098 = M22C43NO3 (r)          4043 = BZEMUCO (r)            
 154 = NOPINDO (r)            2099 = PE1ENEBNO3 (r)         4044 = CO4DBC9 (r)            
 155 = C812OH (r)             2100 = C85OOH (r)             4045 = TM124MUCO (r)          
 156 = C721O (r)              2101 = C86OOH (r)             4046 = C6COHOCHO (r)          
 157 = N2O5 (r)               2102 = C511OOH (r)            4047 = EBZMUCO (r)            
 158 = DICLETOH (r)           2103 = CO235C6OOH (r)         4048 = CYC613DION (r)         
 159 = DIBRETOH (r)           2104 = APINBNO3 (r)           4049 = C1012O (r)             
 160 = CHCL3OH (r)            2105 = APINBOOH (r)           4050 = C4NO32M1O (r)          
 161 = CH2CL3OH (r)           2106 = C78CO (r)              4051 = HO13CO4C5 (r)          
 162 = CH3CCL2OH (r)          2107 = NAPINAOOH (r)          4052 = COO2C4CHO (r)          
 163 = CHCL2CL2OH (r)         2108 = NAPINBOOH (r)          4053 = METLMUCO (r)           
 164 = CL12PROP (r)           2109 = C79O (r)               4054 = C61CO (r)              
 165 = CL12PRBOH (r)          2110 = NC102OOH (r)           4055 = MC3ODBCO2H (r)         
 166 = CLCO2H (r)             2111 = C4OHCO3H (r)           4056 = HMVKNO3 (r)            
 167 = IEB1CHO (r)            2112 = NC61CO3H (r)           4057 = TLEMUCO (r)            
 168 = IEB4CHO (r)            2113 = APINCO (r)             4058 = TM123MUCO (r)          
 169 = INANCOCHO (r)          2114 = C3H7CHOOA (r)          4059 = NC526O (r)             
 170 = C511CHO (r)            2115 = C720O (r)              4060 = O (r)                  
 171 = LIMALOOA (r)           2116 = C720NO3 (r)            4061 = METACETHO (r)          
 172 = C628OOA (r)            2117 = CO25C73OOH (r)         4062 = BCKSOZ (r)             
 173 = C629OOA (r)            2118 = M2PECNO3 (r)           4063 = MIBKOHAOOH (r)         
 174 = C520OOA (r)            2119 = COO2C4OOH (r)          4064 = INB1OOH (r)            
 175 = C735OOA (r)            2120 = C108O (r)              4065 = CHOOCHO (r)            
 176 = C142OH (r)             2121 = C717O (r)              4066 = C7M2CO5OOH (r)         
 177 = C927OH (r)             2122 = C717NO3 (r)            4067 = ETHFORM (r)            
 178 = C145OH (r)             2123 = M2PECOOH (r)           4068 = TM123OXMUC (r)         
 179 = C827OH (r)             2124 = C51NO32OOH (r)         4069 = C524OOH (r)            
 180 = C132OH (r)             2125 = C109O (r)              4070 = NC524OOH (r)           
 181 = C127OH (r)             2126 = PEN2ONE1O (r)          4071 = C535OOH (r)            
 182 = C139OH (r)             2127 = IPEBNO3 (r)            4072 = DMEPHOLO2 (r)          
 183 = C1313OH (r)            2128 = C5NO3OAOOH (r)         4073 = NDMEPHOLO2 (r)         
 184 = C117OH (r)             2129 = C922OOH (r)            4074 = NBUTDAO2 (r)           
 185 = C1212OH (r)            2130 = DMMANO3 (r)            4075 = DEMPHOLO2 (r)          
 186 = C1214O (r)             2131 = C73OOH (r)             4076 = NDEMPHOLO2 (r)         
 187 = PGAOOB (r)             2132 = MMFO (r)               4077 = PXYLAL (r)             
 188 = PPACLOOA (r)           2133 = MMFNO3 (r)             4078 = OXYLAL (r)             
 189 = PACLOOA (r)            2134 = DMMBNO3 (r)            4079 = C615CO (r)             
 190 = PPGAOOB (r)            2135 = HO2CO4C5O (r)          4080 = MXYLAL (r)             
 191 = CO2C3CO2H (r)          2136 = M23C43O (r)            4081 = CYHXOLACO (r)          
 192 = MAE (r)                2137 = DMCNO3 (r)             4082 = CH3C2H2O2 (r)          
 193 = HEXAO (r)              2138 = DMCOOH (r)             4083 = NBUTDBO2 (r)           
 194 = HO3C5O (r)             2139 = MMCFNO3 (r)            4084 = BRETAL (r)             
 195 = HEXBO (r)              2140 = MMCFOOH (r)            4085 = CH3COCL (r)            
 196 = M2PEAO (r)             2141 = EIPKBNO3 (r)           4086 = CHCL3O2 (r)            
 197 = EIPKBO (r)             2142 = ETOC2O (r)             4087 = CH2CL3O2 (r)           
 198 = M3PEAO (r)             2143 = IPROMC2O (r)           4088 = CHCL2CHO (r)           
 199 = M22C4O (r)             2144 = IPROC21NO3 (r)         4089 = C3H8 (r)               
 200 = HEPTO (r)              2145 = C52NO31OOH (r)         4090 = NOETOLO2 (r)           
 201 = M2HEXAO (r)            2146 = IPRFORMNO3 (r)         4091 = NOETOLO (r)            
 202 = M3HEXAO (r)            2147 = IPRFORMO (r)           4092 = CL12PRCHO (r)          
 203 = H3M3C5O (r)            2148 = ETBECO (r)             4093 = NISOPO2 (r)            
 204 = OCTO (r)               2149 = C4NO3CO3H (r)          4094 = CH3COCCLO2 (r)         
 205 = NONO (r)               2150 = H2C3OCO (r)            4095 = ACEC2CHO (r)           
 206 = DECO (r)               2151 = H2C3OCNO3 (r)          4096 = CCL3CHO (r)            
 207 = UDECO (r)              2152 = EIPKAOOH (r)           4097 = C4CONO3OOH (r)         
 208 = DDECO (r)              2153 = SC4H9NO3 (r)           4098 = C4NO3COOOH (r)         
 209 = ISOPAO (r)             2154 = MOCOCH2OOH (r)         4099 = INB1CO (r)             
 210 = CO1C6O (r)             2155 = EOCOCH2OOH (r)         4100 = INCCO (r)              
 211 = C2H2 (r)               2156 = SC4H9OOH (r)           4101 = MGLYOOA (r)            
 212 = CO2C54O (r)            2157 = BOCOCH2OOH (r)         4102 = GLYOOC (r)             
 213 = DIEKBO (r)             2158 = C5124COOOH (r)         4103 = DMCO2 (r)              
 214 = HEX2ONAO (r)           2159 = BZBIPERNO3 (r)         4104 = TMBCHO (r)             
 215 = HEX3ONAO (r)           2160 = H2M2C65NO3 (r)         4105 = MMCFO2 (r)             
 216 = HEX3ONDO (r)           2161 = HCOCOHCO3H (r)         4106 = C816CO (r)             
 217 = ME3BUOL (r)            2162 = ALCOCH2OOH (r)         4107 = TM135OLO2 (r)          
 218 = MMALANHYO (r)          2163 = C3DIALO (r)            4108 = NTM135OLO2 (r)         
 219 = PEAO (r)               2164 = C5DIALO (r)            4109 = C624CO (r)             
 220 = DMMALYO (r)            2165 = PE2ENEAO (r)           4110 = TM124BCHO (r)          
 221 = EMALANHYO (r)          2166 = PE2ENEANO3 (r)         4111 = HOCOC4DIAL (r)         
 222 = PMALANHYO (r)          2167 = C5DIALCO (r)           4112 = MTBEBO2 (r)            
 223 = IPMALANHYO (r)         2168 = PBZQONE (r)            4113 = DIEKAOH (r)            
 224 = C9DCO (r)              2169 = C114OOH (r)            4114 = C828CHO (r)            
 225 = NOPINBO (r)            2170 = BZFUOOH (r)            4115 = C131CO2H (r)           
 226 = C8BCO (r)              2171 = PE2ENEBO (r)           4116 = CO3C5CHO (r)           
 227 = C811O (r)              2172 = C6H5OOH (r)            4117 = BCSOZ (r)              
 228 = C812O (r)              2173 = PE2ENEBNO3 (r)         4118 = TM123BCHO (r)          
 229 = DIBRETO (r)            2174 = C52NO33OOH (r)         4119 = C6H5CH2CHO (r)         
 230 = C923O (r)              2175 = NPHENOH (r)            4120 = TM123OLO2 (r)          
 231 = C817O (r)              2176 = C6H5CH2O (r)           4121 = NTM123OLO2 (r)         
 232 = C823O (r)              2177 = C6H5CH2NO3 (r)         4122 = C7ADCCO2H (r)          
 233 = C822O (r)              2178 = TLBIPERNO3 (r)         4123 = MEBFUO2 (r)            
 234 = C729O (r)              2179 = C5DICARBO (r)          4124 = NMEBFUO2 (r)           
 235 = C626O (r)              2180 = CO25C74OOH (r)         4125 = C8M2CO6OOH (r)         
 236 = C732O (r)              2181 = C615CO2O (r)           4126 = HO1C4O2 (r)            
 237 = C731O (r)              2182 = C53NO32OOH (r)         4127 = C111O2 (r)             
 238 = C141O (r)              2183 = C6COALCO3H (r)         4128 = EBFUO2 (r)             
 239 = C928O (r)              2184 = C6125CO (r)            4129 = PXYFUO2 (r)            
 240 = C131O (r)              2185 = PTLQONE (r)            4130 = NTLFUO2 (r)            
 241 = C132O (r)              2186 = IC4H9NO3 (r)           4131 = NPXYFUO2 (r)           
 242 = C126O (r)              2187 = C6COALCO2H (r)         4132 = HO3C86O2 (r)           
 243 = C137O (r)              2188 = IPEBOOH (r)            4133 = C7DDCCO2 (r)           
 244 = C136O (r)              2189 = HEPTNO3 (r)            4134 = NOPINBO2 (r)           
 245 = C1311O (r)             2190 = CO24C53O (r)           4135 = C9DCO2 (r)             
 246 = C1011O (r)             2191 = IC4H9OOH (r)           4136 = C914O2 (r)             
 247 = C830O (r)              2192 = C5COCHOOOH (r)         4137 = C121O2 (r)             
 248 = C1013O (r)             2193 = MXYLO (r)              4138 = BOX2MO2 (r)            
 249 = C116O (r)              2194 = MXYLNO3 (r)            4139 = C718O2 (r)             
 250 = C1211O (r)             2195 = HO3C116O (r)           4140 = CO3C85O2 (r)           
 251 = C1210O (r)             2196 = MXYBIPENO3 (r)         4141 = NAPINBO (r)            
 252 = HO134C5 (r)            2197 = PROL11MO (r)           4142 = C619O2 (r)             
 253 = HEXBOH (r)             2198 = PROL11MNO3 (r)         4143 = C6CYTONO2 (r)          
 254 = HO25C6 (r)             2199 = M3HEXANO3 (r)          4144 = NC101O2 (r)            
 255 = HEXCOH (r)             2200 = CHOMOHCO3H (r)         4145 = C4ME2OHO2 (r)          
 256 = M2PEAOH (r)            2201 = C5COHOCO3H (r)         4146 = NC71O2 (r)             
 257 = HO14MC5 (r)            2202 = H2M4C65O (r)           4147 = NC71O (r)              
 258 = HO2C54CO2H (r)         2203 = C726CO5OOH (r)         4148 = C514O2 (r)             
 259 = HO24C5 (r)             2204 = CHOC2H4OOH (r)         4149 = NC72O2 (r)             
 260 = HO124C5 (r)            2205 = PROL1MCO3H (r)         4150 = C4MALOHOOH (r)         
 261 = M2PEBOH (r)            2206 = C3MDIALO (r)           4151 = HO3C126O2 (r)          
 262 = CO2C54CO2H (r)         2207 = MXYQONE (r)            4152 = ISOPDOOH (r)           
 263 = M2PECOH (r)            2208 = TC4H9O (r)             4153 = HCOC5 (r)              
 264 = HO2M2C5OH (r)          2209 = C7CO2OCO3H (r)         4154 = C812O2 (r)             
 265 = H2M2C4CO2H (r)         2210 = C4NO3M1OOH (r)         4155 = C44O2 (r)              
 266 = C54OH (r)              2211 = IC3H7OOH (r)           4156 = OXYQO2 (r)             
 267 = HOBUT2CO2H (r)         2212 = IPROPOLO (r)           4157 = M2PECO (r)             
 268 = M3PEAOH (r)            2213 = C43NO3CO3H (r)         4158 = MBOACO (r)             
 269 = HO14M3C5 (r)           2214 = M22C43OOH (r)          4159 = CH2BRO2 (r)            
 270 = H2M3C4CO2H (r)         2215 = NBZQOOH (r)            4160 = CHOBR (r)              
 271 = C56OH (r)              2216 = NTLFUOOH (r)           4161 = NOXYQO2 (r)            
 272 = C68OH (r)              2217 = C61NO3 (r)             4162 = HO2C6O2 (r)            
 273 = HO2C43CO2H (r)         2218 = NPTLQOOH (r)           4163 = C6CO4M2DB (r)          
 274 = M3PEBOH (r)            2219 = C5CO2DCO3H (r)         4164 = CH2CLCOCL (r)          
 275 = M2BKAOH (r)            2220 = NMXYQOOH (r)           4165 = C717O2 (r)             
 276 = C51CO2H (r)            2221 = NMXYFUOOH (r)          4166 = NEBFUO2 (r)            
 277 = M22C4OH (r)            2222 = PXYLO (r)              4167 = C14O3ECHO (r)          
 278 = HM22C3CO2H (r)         2223 = PXYLNO3 (r)            4168 = NPROACEAO (r)          
 279 = HM22C3OH (r)           2224 = M3BU2OLOOH (r)         4169 = HO2M2C5O2 (r)          
 280 = HM22CO2H (r)           2225 = IPROPOLPER (r)         4170 = HM23C4O2 (r)           
 281 = M33C4OH (r)            2226 = PXYL1OOH (r)           4171 = C732O2 (r)             
 282 = M33C3CO2H (r)          2227 = NBUTOLAO (r)           4172 = C823O2 (r)             
 283 = HM33C3CO2H (r)         2228 = C3M3OHCO3H (r)         4173 = C1011O2 (r)            
 284 = M22C43OH (r)           2229 = NC3H7NO3 (r)           4174 = C1013O2 (r)            
 285 = M23C4OH (r)            2230 = IPRCHOOA (r)           4175 = C921O2 (r)             
 286 = HM23C4OH (r)           2231 = PXYQONE (r)            4176 = C1211O2 (r)            
 287 = M2C43CO2H (r)          2232 = NPXYQOOH (r)           4177 = C137O2 (r)             
 288 = HM2C43CO2H (r)         2233 = HM33C3O (r)            4178 = C830O2 (r)             
 289 = NC7H16 (r)             2234 = C4MNO31OOH (r)         4179 = MXYFUO2 (r)            
 290 = HEPTOH (r)             2235 = PEANO3 (r)             4180 = PEBQO2 (r)             
 291 = HO25C7 (r)             2236 = NBUTOLBNO3 (r)         4181 = CCLNO3CO (r)           
 292 = M2HEXAOH (r)           2237 = DDECNO3 (r)            4182 = IPBFUO2 (r)            
 293 = M2HEXBO (r)            2238 = HO3C76O (r)            4183 = MXYQO2 (r)             
 294 = M3HEXAOH (r)           2239 = HO2M2C5NO3 (r)         4184 = PXYQO2 (r)             
 295 = M3HEXBO (r)            2240 = NPXYFUOOH (r)          4185 = HO2CO4CHO (r)          
 296 = H14M4C6 (r)            2241 = OXYLO (r)              4186 = NMVK (r)               
 297 = H3M3C5CO2H (r)         2242 = OXYLNO3 (r)            4187 = PBFUO2 (r)             
 298 = H13M3C5 (r)            2243 = C4MNO32OOH (r)         4188 = CONM2CO2H (r)          
 299 = H134M3C5 (r)           2244 = OXYL1OOH (r)           4189 = NPTLQO2 (r)            
 300 = NC8H18 (r)             2245 = ME3BUOLNO3 (r)         4190 = C7CO4DB (r)            
 301 = OCTOH (r)              2246 = HO1C5O (r)             4191 = ACCOETO2 (r)           
 302 = HO36C8 (r)             2247 = TLCOBIPEOH (r)         4192 = INDOOH (r)             
 303 = NC9H20 (r)             2248 = C3MNO3CO3H (r)         4193 = NBZFUO2 (r)            
 304 = NONOH (r)              2249 = MC6CO2OH (r)           4194 = HO3C96O2 (r)           
 305 = HO36C9 (r)             2250 = EPXM2DCO3H (r)         4195 = COCL2 (r)              
 306 = NC10H22 (r)            2251 = EPXM2DCO2H (r)         4196 = C4MCODBCO2 (r)         
 307 = DECOH (r)              2252 = NBUTOLBOOH (r)         4197 = NPEBQO2 (r)            
 308 = HO36C10 (r)            2253 = MEK2OOA (r)            4198 = NIPBFUO2 (r)           
 309 = NC11H24 (r)            2254 = OXYQONE (r)            4199 = C14O3IPCHO (r)         
 310 = UDECOH (r)             2255 = C2H5OOH (r)            4200 = C91O2 (r)              
 311 = HO36C11 (r)            2256 = HO2M2C5OOH (r)         4201 = C4ME2NO3O2 (r)         
 312 = NC12H26 (r)            2257 = C5M2OHCO3H (r)         4202 = NPBFUO2 (r)            
 313 = NEOP (r)               2258 = C711OOH (r)            4203 = C14O3PCHO (r)          
 314 = DDECOH (r)             2259 = NOXYQOOH (r)           4204 = CH3OCHO (r)            
 315 = HO36C12 (r)            2260 = C4DBM2CO3H (r)         4205 = HO1CO24C6 (r)          
 316 = C6H13CO2H (r)          2261 = ME2BUOLO (r)           4206 = C6CO23HO5 (r)          
 317 = CHEX (r)               2262 = HO3C126O (r)           4207 = C6ETCO4DB (r)          
 318 = ETHGLY (r)             2263 = MIPKAOOH (r)           4208 = HO3C116O2 (r)          
 319 = CH3CCH3OOA (r)         2264 = CO245C7 (r)            4209 = H2M2CO5C6 (r)          
 320 = C2H5MECOOA (r)         2265 = PEAOOH (r)             4210 = PPRBQO2 (r)            
 321 = H2 (r)                 2266 = C6OTKETCO (r)          4211 = HO14CO2C4 (r)          
 322 = CH3CCH3OOB (r)         2267 = M2BU2OLNO3 (r)         4212 = CCL3CO3 (r)            
 323 = BUTDAOH (r)            2268 = NOXYFUOOH (r)          4213 = NIPRBQO2 (r)           
 324 = CO1C6OH (r)            2269 = TMBO (r)               4214 = C6IPRCO4DB (r)         
 325 = NEOPOH (r)             2270 = TMBNO3 (r)             4215 = CO24M3C5OH (r)         
 326 = HOIPRCO2H (r)          2271 = M2BU2OLOOH (r)         4216 = METLQO2 (r)            
 327 = CO2M33CO2H (r)         2272 = DMPHOOH (r)            4217 = TMB1FUO2 (r)           
 328 = BUT2OLOH (r)           2273 = TM135BPNO3 (r)         4218 = C5OCO3M (r)            
 329 = C3ME3CO2H (r)          2274 = HO2M2C4NO3 (r)         4219 = C7ECO4DB (r)           
 330 = CYHXDIOLA (r)          2275 = HO3C126NO3 (r)         4220 = MALDIALCO2 (r)         
 331 = CH3OCH2OH (r)          2276 = TM124BO (r)            4221 = TM124QO2 (r)           
 332 = DIETETOH (r)           2277 = TM124BNO3 (r)          4222 = HO3C106O2 (r)          
 333 = ETHFORMOH (r)          2278 = C4NO3M2OOH (r)         4223 = NPPRBQO2 (r)           
 334 = MTBEAOH (r)            2279 = DM124O (r)             4224 = CO3C75O2 (r)           
 335 = MTBEACHOHO (r)         2280 = C4M22CONO3 (r)         4225 = NMXYQO2 (r)            
 336 = MTBEALCO2H (r)         2281 = ETHO2HNO3 (r)          4226 = C6PRCO4DB (r)          
 337 = MTBEBOH (r)            2282 = NTMB1FUOOH (r)         4227 = PBZQO2 (r)             
 338 = MTBEBCO2H (r)          2283 = TM124QONE (r)          4228 = C8CO4DB (r)            
 339 = HOC4H8OH (r)           2284 = C6OH5O (r)             4229 = BIACETOOH (r)          
 340 = ETBEAOH (r)            2285 = C7MOCOCO3H (r)         4230 = BZFUO2 (r)             
 341 = ETBEBOH (r)            2286 = NTM124QOOH (r)         4231 = NMETLQO2 (r)           
 342 = MO2EOLA2OH (r)         2287 = C6OH5NO3 (r)           4232 = BUTDAO2 (r)            
 343 = MO2EOLB2OH (r)         2288 = C7CO2M5O (r)           4233 = C101O2 (r)             
 344 = CHOOMCO2H (r)          2289 = C7CO2M5OH (r)          4234 = PHENO2 (r)             
 345 = MEMOXYCO2H (r)         2290 = C4COMOHOOH (r)         4235 = PXYBIPERO (r)          
 346 = EOX2ETA2OH (r)         2291 = IBUTOLCNO3 (r)         4236 = MPRKAOH (r)            
 347 = EOX2ETB2OH (r)         2292 = IBUTOLCO2H (r)         4237 = HO2CO5C7 (r)           
 348 = ETOMECO2H (r)          2293 = TM123BO (r)            4238 = IPCATECHOL (r)         
 349 = ETOMEOH (r)            2294 = TM123BNO3 (r)          4239 = H3M3C6O2 (r)           
 350 = PROH2MOX (r)           2295 = C67NO3 (r)             4240 = C6H5CH2O2 (r)          
 351 = BOXOHETOH (r)          2296 = HO5C6O (r)             4241 = ME3CO2BUOL (r)         
 352 = BOX2E2OH (r)           2297 = C66NO35OH (r)          4242 = NMXYFUO2 (r)           
 353 = BOXMCO2H (r)           2298 = DM123OOH (r)           4243 = CYHEXONE (r)           
 354 = BOXMOH (r)             2299 = TM123BPNO3 (r)         4244 = C710O2 (r)             
 355 = BUOHFORM (r)           2300 = HO5C5CO3H (r)          4245 = PETLQO2 (r)            
 356 = BOXOHPROL (r)          2301 = DMMALANHY (r)          4246 = DMMALYO2 (r)           
 357 = BOXPR2OH (r)           2302 = NC4H9CHOOA (r)         4247 = C75O2 (r)              
 358 = BOXPRONOH (r)          2303 = CO2H3MCO3H (r)         4248 = NOETLQO2 (r)           
 359 = CHOOCH2OH (r)          2304 = HM22COCHO (r)          4249 = PCATECHOL (r)          
 360 = METACETOH (r)          2305 = TBUTOLO (r)            4250 = OETLQO2 (r)            
 361 = ETHACETOH (r)          2306 = HO2C4NO3 (r)           4251 = PTLQO2 (r)             
 362 = NPRACAOH (r)           2307 = ME3BUOLO (r)           4252 = C97O2 (r)              
 363 = ACPRONEOH (r)          2308 = NTMB2FUOOH (r)         4253 = CYC6DIONO2 (r)         
 364 = NPRACBOH (r)           2309 = C713OOH (r)            4254 = TLFUO2 (r)             
 365 = ACETCOC2H5 (r)         2310 = C65NO3CO3H (r)         4255 = C6CO4MEDB (r)          
 366 = NPRACCOH (r)           2311 = C66NO35OOH (r)         4256 = PBZBIPERO2 (r)         
 367 = ACETC2CO2H (r)         2312 = C6H5C2H4O (r)          4257 = PBZBIPERO (r)          
 368 = IPRACBOH (r)           2313 = C6H5C2NO3 (r)          4258 = NBUACETCO2 (r)         
 369 = IPRACBCO2H (r)         2314 = HO2M2C4OOH (r)         4259 = BOX2EOHAO2 (r)         
 370 = NBUACAOH (r)           2315 = EBZBPERNO3 (r)         4260 = PRCOOMCHO (r)          
 371 = NBUACBOH (r)           2316 = C6NO3COOOH (r)         4261 = HCOCO (r)              
 372 = NBUACCOH (r)           2317 = C6NO324CO (r)          4262 = C2CL3OHAO2 (r)         
 373 = SBUACBOH (r)           2318 = C6DICARBO (r)          4263 = NBPINBO2 (r)           
 374 = TBUACOH (r)            2319 = ECO4 (r)               4264 = C2CL3OHBO2 (r)         
 375 = CH2CLOH (r)            2320 = ECO3CO3H (r)           4265 = NPETOLO2 (r)           
 376 = CHCL2OH (r)            2321 = EBFUOOH (r)            4266 = CH3CCL2O2 (r)          
 377 = HONO (r)               2322 = CO2HOC61O (r)          4267 = NPXYOLO2 (r)           
 378 = CCL3CH2OH (r)          2323 = BUTALAOOH (r)          4268 = NOXYOLO2 (r)           
 379 = HOC3H6CO2H (r)         2324 = PEBQONE (r)            4269 = C5DBCOCO2H (r)         
 380 = C2CL2OH2 (r)           2325 = C3NO3COOOH (r)         4270 = ETOLO2 (r)             
 381 = HOCH2COCO2H (r)        2326 = NPEBQOOH (r)           4271 = BOXPROLBO2 (r)         
 382 = C96O (r)               2327 = C7CO2DCO3H (r)         4272 = BOXCOEOLO2 (r)         
 383 = C97O (r)               2328 = C715CO2O (r)           4273 = DE35TO2 (r)            
 384 = C97OH (r)              2329 = C65OH4O (r)            4274 = H2M4CO5C6 (r)          
 385 = C98OH (r)              2330 = C65OH4NO3 (r)          4275 = NEBNZOLO2 (r)          
 386 = PINALOH (r)            2331 = C64OH5O (r)            4276 = EBZBIPERO2 (r)         
 387 = PINALO (r)             2332 = HO13C4O (r)            4277 = EBZBIPERO (r)          
 388 = C106OH (r)             2333 = C64OH5NO3 (r)          4278 = C2CL2OHO2 (r)          
 389 = HOC3H6OH (r)           2334 = PHC3O (r)              4279 = EMPHCOMO2 (r)          
 390 = C720OH (r)             2335 = PHC3NO3 (r)            4280 = TOL1OHNO2 (r)          
 391 = APINOOA (r)            2336 = C715O (r)              4281 = IPROMC2O2 (r)          
 392 = C107O (r)              2337 = PHCOETOOH (r)          4282 = IPROMCCHO (r)          
 393 = C107OH (r)             2338 = PHCOCOME (r)           4283 = METLBIPRO2 (r)         
 394 = C108OH (r)             2339 = PBZBPERNO3 (r)         4284 = NMXYOLO2 (r)           
 395 = HOC2H4CO2H (r)         2340 = C62NO33OOH (r)         4285 = ETBECO2 (r)            
 396 = DMMAOH (r)             2341 = C61CO3H (r)            4286 = ETBECCHO (r)           
 397 = MMFOH (r)              2342 = CO25C6OOH (r)          4287 = METLBIPRO (r)          
 398 = DMMBOH (r)             2343 = PBFUOOH (r)            4288 = MPHCOMEO2 (r)          
 399 = DMCOH (r)              2344 = C4CHOAOOH (r)          4289 = ETHACET (r)            
 400 = MMCFOH (r)             2345 = PPRBQONE (r)           4290 = PETLBIPRO (r)          
 401 = IPROMC2OH (r)          2346 = H13C43CO3H (r)         4291 = CH3SCH2O2 (r)          
 402 = IPROC21OH (r)          2347 = NPPRBQOOH (r)          4292 = DMSO2O2 (r)            
 403 = ETBECOH (r)            2348 = C8CO2DCO3H (r)         4293 = NTM124OLO2 (r)         
 404 = H2C3OCOH (r)           2349 = C6CONO3OOH (r)         4294 = C3M2COCO2H (r)         
 405 = TBOCOCH2OH (r)         2350 = C815CO2O (r)           4295 = DM35EBO2 (r)           
 406 = BZBIPER2OH (r)         2351 = C6CO3OH5O (r)          4296 = DMEBIPRO2 (r)          
 407 = CO2C4DIAL (r)          2352 = PGLOOA (r)             4297 = DMEBIPRO (r)           
 408 = MALANHY2OH (r)         2353 = C63NO32OOH (r)         4298 = CATECHOL (r)           
 409 = PBZQOH (r)             2354 = CONO3C6OOH (r)         4299 = CO23C6 (r)             
 410 = PBZQCO (r)             2355 = HO2C4OOH (r)           4300 = IPBZBIPRO2 (r)         
 411 = PBZQOOH (r)            2356 = C6CONO34OH (r)         4301 = IPBZBIPRO (r)          
 412 = BZFUOH (r)             2357 = PHIC3O (r)             4302 = BOXPRONBO2 (r)         
 413 = TOLUENE (r)            2358 = H3M3C6NO3 (r)          4303 = BOXCOCOMO2 (r)         
 414 = C6H5CH2OH (r)          2359 = PHCOMEOOH (r)          4304 = NIPBNZOLO2 (r)         
 415 = TLBIPER2OH (r)         2360 = IPBZBPRNO3 (r)         4305 = IC7DCCO2H (r)          
 416 = PTLQOH (r)             2361 = C4ME2OHO (r)           4306 = TLBIPERO2 (r)          
 417 = PTLQCO (r)             2362 = C62CO3H (r)            4307 = TM123BPRO2 (r)         
 418 = PTLQOOH (r)            2363 = IPBFUOOH (r)           4308 = TLBIPERO (r)           
 419 = MXYLOH (r)             2364 = IPROPOL (r)            4309 = CO2C54CHO (r)          
 420 = MXYLCO2H (r)           2365 = IC4CHOAOOH (r)         4310 = ETBEAO2 (r)            
 421 = MXYBPER2OH (r)         2366 = IPRBQONE (r)           4311 = ETBEACHO (r)           
 422 = C23O3MCO2H (r)         2367 = C55OOH (r)             4312 = PHC3O2 (r)             
 423 = C23O3MOH (r)           2368 = NIPRBQOOH (r)          4313 = NPBNZOLO2 (r)          
 424 = NBZFUONE (r)           2369 = C8DCO2CO3H (r)         4314 = C7DCCO2H (r)           
 425 = TBUTOL (r)             2370 = C42MNO3OOH (r)         4315 = NCRESO2 (r)            
 426 = PXYLOH (r)             2371 = C3ME3CHOO (r)          4316 = NMETOLO2 (r)           
 427 = TOL4OHNO2 (r)          2372 = C7M15CO2O (r)          4317 = NPROACEBO2 (r)         
 428 = PXYLCO2H (r)           2373 = BUTDAO (r)             4318 = ECATECHOL (r)          
 429 = C23O3CCO2H (r)         2374 = HEXANO3 (r)            4319 = OETLPOXMUC (r)         
 430 = OXYLOH (r)             2375 = HO13C3CO3H (r)         4320 = INCNO3 (r)             
 431 = OXYLCO2H (r)           2376 = ETOLO (r)              4321 = C7BDICARB (r)          
 432 = OXYQOH (r)             2377 = ETOLNO3 (r)            4322 = OXYEPOXMUC (r)         
 433 = OXYQCO (r)             2378 = MPHCOMEOOH (r)         4323 = C536OOH (r)            
 434 = OXYQOOH (r)            2379 = OETLQONE (r)           4324 = STYRENO2 (r)           
 435 = C6OTKETOH (r)          2380 = IPRHOCO3H (r)          4325 = C915O2 (r)             
 436 = TMBOH (r)              2381 = C5MEJCO3H (r)          4326 = BU1ENO3O (r)           
 437 = DMPHOHNO2 (r)          2382 = NOETLQOOH (r)          4327 = C88CHO (r)             
 438 = TMBCO2H (r)            2383 = C4DBMECO3H (r)         4328 = C6CONO34O (r)          
 439 = TM135BP2OH (r)         2384 = H3M3C5NO3 (r)          4329 = C616O2 (r)             
 440 = TM135MUOH (r)          2385 = HC3CO2H (r)            4330 = C616O (r)              
 441 = TM124BOH (r)           2386 = NO3CH2CO3H (r)         4331 = C122O2 (r)             
 442 = TM124BCO2H (r)         2387 = MC7CO2OOH (r)          4332 = HOC4CHOO2 (r)          
 443 = DM124OHNO2 (r)         2388 = H13CO2CO3H (r)         4333 = C5124COO2 (r)          
 444 = PEAOH (r)              2389 = IC3H7NO3 (r)           4334 = NAPINAO2 (r)           
 445 = TM123BOH (r)           2390 = C7CDCCO2H (r)          4335 = C81O2 (r)              
 446 = TM123BCO2H (r)         2391 = C122OOH (r)            4336 = C71O2 (r)              
 447 = TM123BP2OH (r)         2392 = METLBIPNO3 (r)         4337 = C917O2 (r)             
 448 = C7ADCOH (r)            2393 = METLOBPROH (r)         4338 = C23O3ECHO (r)          
 449 = C6H5C2OH (r)           2394 = METLQONE (r)           4339 = C4MCO2O (r)            
 450 = C6H5C2CO2H (r)         2395 = C6EO2HCO3H (r)         4340 = C4MCO2OOH (r)          
 451 = EBZBPER2OH (r)         2396 = NMETLQOOH (r)          4341 = C810O2 (r)             
 452 = EBFUOH (r)             2397 = NBUTDAOH (r)           4342 = HEX3ONE (r)            
 453 = NEBFUONE (r)           2398 = C74O (r)               4343 = MACROH (r)             
 454 = PEBQOH (r)             2399 = C826CO3OOH (r)         4344 = C62NO33O (r)           
 455 = PEBQCO (r)             2400 = HC3CCO3H (r)           4345 = M3PEAO2 (r)            
 456 = PEBQOOH (r)            2401 = HO1C4NO3 (r)           4346 = M3C4CHO (r)            
 457 = PHC3OH (r)             2402 = PEBNO3 (r)             4347 = C811O2 (r)             
 458 = PHCOETOH (r)           2403 = HNMVKOOH (r)           4348 = C516O2 (r)             
 459 = PBZBPER2OH (r)         2404 = PETLQONE (r)           4349 = ACEETOHO2 (r)          
 460 = PBFUOH (r)             2405 = NPETLQOOH (r)          4350 = CO1C6O2 (r)            
 461 = NPBFUONE (r)           2406 = C5EDBCO3H (r)          4351 = C42CHO (r)             
 462 = HO2C4CO2H (r)          2407 = H3M3C5OOH (r)          4352 = DICLETO2 (r)           
 463 = PPRBQOH (r)            2408 = NBUTDBO (r)            4353 = CLETAL (r)             
 464 = PPRBQCO (r)            2409 = C7M6CO2O (r)           4354 = C76O2 (r)              
 465 = PPRBQOOH (r)           2410 = C7M6CO2OH (r)          4355 = MECOFORMO2 (r)         
 466 = BUT2CO2H (r)           2411 = NBUTDBNO3 (r)          4356 = COO2C3CHO (r)          
 467 = HO13C4OH (r)           2412 = HEXCNO3 (r)            4357 = EIPK (r)               
 468 = PHCOMEOH (r)           2413 = C42O (r)               4358 = C108O2 (r)             
 469 = IPBZBPR2OH (r)         2414 = DM35EBO (r)            4359 = M2C43CHO (r)           
 470 = IPBFUOH (r)            2415 = DM35EBNO3 (r)          4360 = MIPK (r)               
 471 = NIPBFUONE (r)          2416 = NC3CO2H (r)            4361 = MOXY2CHO (r)           
 472 = IPRBQOH (r)            2417 = DMPHCOMOOH (r)         4362 = C51NO32O (r)           
 473 = IPRBQCO (r)            2418 = DMPHGLYOX (r)          4363 = CLCOCCL2O2 (r)         
 474 = ETOLOH (r)             2419 = HYPROPO (r)            4364 = CHCL2CL2O2 (r)         
 475 = OETLQOH (r)            2420 = PEBOOH (r)             4365 = CCL3O2 (r)             
 476 = OETLQCO (r)            2421 = ACROOA (r)             4366 = NSTYRENO2 (r)          
 477 = OETLQOOH (r)           2422 = NMEBFUOOH (r)          4367 = CL2OHCHO (r)           
 478 = HO2C3CO2H (r)          2423 = C613O (r)              4368 = H13C43CHO (r)          
 479 = DM35EBOH (r)           2424 = DE35TO (r)             4369 = C613O2 (r)             
 480 = C7DDCOH (r)            2425 = DE35TNO3 (r)           4370 = C928O2 (r)             
 481 = C23O3ECO2H (r)         2426 = EMPHCOMOOH (r)         4371 = C510O2 (r)             
 482 = C23O3EOH (r)           2427 = EMPHGLYOX (r)          4372 = C922O2 (r)             
 483 = DMEBMUOH (r)           2428 = M3PEANO3 (r)           4373 = MACRNB (r)             
 484 = PEBOH (r)              2429 = EMPHOOH (r)            4374 = C621O2 (r)             
 485 = DE35TOH (r)            2430 = C3EODBCO2H (r)         4375 = CO25C7 (r)             
 486 = HOEMPHNO2 (r)          2431 = C7ODLBCO3H (r)         4376 = H3M3C5CHO (r)          
 487 = DETLMUOH (r)           2432 = C9M2CO6OOH (r)         4377 = MIBKCOOHO2 (r)         
 488 = MEK2OOC (r)            2433 = C3EDIALO (r)           4378 = C66NO35O (r)           
 489 = NSTYRENOOH (r)         2434 = OCTNO3 (r)             4379 = H2MC5O2 (r)            
 490 = NOPINAOH (r)           2435 = CO24C63OOH (r)         4380 = EIPKAO2 (r)            
 491 = C9DCOH (r)             2436 = NC4H9OOH (r)           4381 = CO2N3CHO (r)           
 492 = C914OH (r)             2437 = H1MC5O (r)             4382 = LIMAO2 (r)             
 493 = C914CO (r)             2438 = PGLOOB (r)             4383 = LIMBO2 (r)             
 494 = C914OOH (r)            2439 = HO3C86O (r)            4384 = LIMCO2 (r)             
 495 = C87OH (r)              2440 = NOPINANO3 (r)          4385 = LIMALO2 (r)            
 496 = NOPINBOH (r)           2441 = PROPGLY (r)            4386 = NORLIMO2 (r)           
 497 = C915OH (r)             2442 = HO3C86NO3 (r)          4387 = C925O2 (r)             
 498 = C916OH (r)             2443 = M3PEAOOH (r)           4388 = NOPINAO2 (r)           
 499 = C88CO2H (r)            2444 = C57OOH (r)             4389 = APINAO2 (r)            
 500 = C88OH (r)              2445 = C87OOH (r)             4390 = NOPINCO2 (r)           
 501 = NOPINCO (r)            2446 = HO1C6O (r)             4391 = C23O3CCHO (r)          
 502 = C619OH (r)             2447 = C915NO3 (r)            4392 = IPRBQO2 (r)            
 503 = NOPINDOH (r)           2448 = C916O (r)              4393 = C728O2 (r)             
 504 = NOPINDCO (r)           2449 = ISOPBOOH (r)           4394 = IBUTALBO2 (r)          
 505 = NOPINDOOH (r)          2450 = C718O (r)              4395 = M2BKBO2 (r)            
 506 = C89OH (r)              2451 = C718NO3 (r)            4396 = C43NO34O (r)           
 507 = C89O (r)               2452 = NC3H7OOH (r)           4397 = C92O2 (r)              
 508 = C810OH (r)             2453 = HOC4CHOO (r)           4398 = C623O2 (r)             
 509 = C8BCOH (r)             2454 = C618OOH (r)            4399 = IBUTDIAL (r)           
 510 = C918OH (r)             2455 = C917O (r)              4400 = MIBKHO4CHO (r)         
 511 = C918O (r)              2456 = C512NO3 (r)            4401 = LMKAO2 (r)             
 512 = C919OH (r)             2457 = C51NO3 (r)             4402 = LMKBO2 (r)             
 513 = PINIC (r)              2458 = BPINBNO3 (r)           4403 = C4M2NO32O (r)          
 514 = C811OH (r)             2459 = C918CO3H (r)           4404 = HO1MC5O2 (r)           
 515 = C813OH (r)             2460 = BPINCO (r)             4405 = C822O2 (r)             
 516 = NORPINIC (r)           2461 = NC91CO3H (r)           4406 = C4CHOBO2 (r)           
 517 = NMBOBCO (r)            2462 = C81OOH (r)             4407 = APINBO2 (r)            
 518 = CH2BROH (r)            2463 = C56O (r)               4408 = C8CO3OHO2 (r)          
 519 = CH3CHCLOH (r)          2464 = C810O (r)              4409 = HO13C3CHO (r)          
 520 = CH2CLCH2OH (r)         2465 = C514O (r)              4410 = PRONOCOMO2 (r)         
 521 = CO2C4CO2H (r)          2466 = C514NO3 (r)            4411 = C826O2 (r)             
 522 = CHCL2CHOH (r)          2467 = H2M3C4NO3 (r)          4412 = C730O2 (r)             
 523 = CL12PRAOH (r)          2468 = HC4ACO2H (r)           4413 = C519CHO (r)            
 524 = CL12CO2H (r)           2469 = C58OOH (r)             4414 = MEKCOH (r)             
 525 = CLETO2H (r)            2470 = C919O (r)              4415 = CO25C6CHO (r)          
 526 = BRETO2H (r)            2471 = M23C4NO3 (r)           4416 = MC4CONO3O (r)          
 527 = CHCL2CO2H (r)          2472 = HEXAOOH (r)            4417 = HM2C43CHO (r)          
 528 = CL12PRCOH (r)          2473 = C813O (r)              4418 = C711O2 (r)             
 529 = OCCOHCOH (r)           2474 = CO13C3CO2H (r)         4419 = C731O2 (r)             
 530 = C2OHOCO2H (r)          2475 = H2M3C4OOH (r)          4420 = HO1C5O2 (r)            
 531 = CNO3CLOH (r)           2476 = C721OOH (r)            4421 = ACPRONEO2 (r)          
 532 = CCLNO3COH (r)          2477 = C722OOH (r)            4422 = HO2MC5O2 (r)           
 533 = IEPOXA (r)             2478 = C44OOH (r)             4423 = HO3C6O2 (r)            
 534 = INAOH (r)              2479 = C811NO3 (r)            4424 = HO1C6O2 (r)            
 535 = INB2O (r)              2480 = MBOOOA (r)             4425 = C52O2 (r)              
 536 = INCOH (r)              2481 = MBOAO (r)              4426 = NLIMO2 (r)             
 537 = INDOH (r)              2482 = MBOANO3 (r)            4427 = NLIMALO2 (r)           
 538 = HEXAOH (r)             2483 = CHOC4DOLO (r)          4428 = NLMKAO2 (r)            
 539 = C923OH (r)             2484 = C82NO3 (r)             4429 = NC728O2 (r)            
 540 = C924OH (r)             2485 = MBOBO (r)              4430 = CO3C54CHO (r)          
 541 = C622CO2H (r)           2486 = MBOBNO3 (r)            4431 = NTMB1FUO2 (r)          
 542 = C622OH (r)             2487 = IPRHOCO2H (r)          4432 = NC623O2 (r)            
 543 = C517CO2H (r)           2488 = NMBOAO (r)             4433 = NC826O2 (r)            
 544 = C517OH (r)             2489 = NMBOBO (r)             4434 = MTBEAO2 (r)            
 545 = C518CO2H (r)           2490 = C4OH2CO3H (r)          4435 = C611O2 (r)             
 546 = HMVKBCO2H (r)          2491 = NC4OHCO3H (r)          4436 = CH3SO (r)              
 547 = LIMOOA (r)             2492 = CO1C6NO3 (r)           4437 = BCAO2 (r)              
 548 = C822CO2H (r)           2493 = C123NO3 (r)            4438 = BCBO2 (r)              
 549 = LIMONIC (r)            2494 = MACRO (r)              4439 = BCCO2 (r)              
 550 = C823OH (r)             2495 = CH2BROOH (r)           4440 = HO3CO6C8 (r)           
 551 = C825OH (r)             2496 = HEXBNO3 (r)            4441 = BCALO2 (r)             
 552 = C822OH (r)             2497 = CH4 (r)                4442 = C4M3NO31O (r)          
 553 = C824OH (r)             2498 = CH2CLCOOH (r)          4443 = EOX2ETCHO (r)          
 554 = C826OH (r)             2499 = C6DIALOOH (r)          4444 = C151O2 (r)             
 555 = C624CO2H (r)           2500 = CHCL3OOH (r)           4445 = HOBUT2CHO (r)          
 556 = C624OH (r)             2501 = CLCOCLO (r)            4446 = H1MC5O2 (r)            
 557 = C519CO2H (r)           2502 = C2H5O (r)              4447 = CY6TRIONO2 (r)         
 558 = LMKOOA (r)             2503 = CHCL2COOH (r)          4448 = CO2HOC61O2 (r)         
 559 = C731CO2H (r)           2504 = CO1H63O (r)            4449 = IPRACBCHO (r)          
 560 = KLIMONIC (r)           2505 = CLCOCL2OOH (r)         4450 = BCKAO2 (r)             
 561 = C732OH (r)             2506 = PECNO3 (r)             4451 = BCKBO2 (r)             
 562 = C734OH (r)             2507 = CL12PRAOOH (r)         4452 = BOXCOCHOO2 (r)         
 563 = C731OH (r)             2508 = C42CO3H (r)            4453 = NPHENO2 (r)            
 564 = C733OH (r)             2509 = CH3COCLOOH (r)         4454 = C102O2 (r)             
 565 = NC826OH (r)            2510 = CL12PRCOOH (r)         4455 = HO24C4CHO (r)          
 566 = CO1H63OH (r)           2511 = NISOPO (r)             4456 = C7CO4EDB (r)           
 567 = CH3SCH2OH (r)          2512 = C2H5NO3 (r)            4457 = CO1M22CHO (r)          
 568 = DMSO (r)               2513 = CL2OHCH2O (r)          4458 = C1313O2 (r)            
 569 = DMSO2 (r)              2514 = CL2OHCH2OH (r)         4459 = C5CO243OH (r)          
 570 = C141OH (r)             2515 = NISOPNO3 (r)           4460 = CHOCOMOXO2 (r)         
 571 = C142O (r)              2516 = CL2OHCO3H (r)          4461 = C7MCO3OHO2 (r)         
 572 = C143OH (r)             2517 = CH3CHOOA (r)           4462 = C52NO33O (r)           
 573 = C630OH (r)             2518 = C84OOH (r)             4463 = M22C4O2 (r)            
 574 = C928CO2H (r)           2519 = HO2C6O (r)             4464 = M33C4O2 (r)            
 575 = C928OH (r)             2520 = MACROHO (r)            4465 = HOIBUTCHO (r)          
 576 = C929OH (r)             2521 = C3H5CO2H (r)           4466 = C1310O2 (r)            
 577 = C827CO2H (r)           2522 = COCCOHCO (r)           4467 = HM33C4O2 (r)           
 578 = C827OOH (r)            2523 = COCCOHNO3 (r)          4468 = C1312O2 (r)            
 579 = C131OH (r)             2524 = NC4CO2H (r)            4469 = C1311O2 (r)            
 580 = C126CO2H (r)           2525 = CH2OHCCLO (r)          4470 = C54CHO (r)             
 581 = C126OH (r)             2526 = CCLOHCOOH (r)          4471 = M22C3CHO (r)           
 582 = C127O (r)              2527 = CLOHCO3H (r)           4472 = C5NO3CO4O2 (r)         
 583 = C128OH (r)             2528 = NC4H9NO3 (r)           4473 = SBUACONEO2 (r)         
 584 = C136CO2H (r)           2529 = MIBKAOHAO (r)          4474 = C4CO2OOH (r)           
 585 = C137CO2H (r)           2530 = M3PEBNO3 (r)           4475 = C7CO3OHO2 (r)          
 586 = C137OH (r)             2531 = MIBKAOH3CO (r)         4476 = C23O3MCHO (r)          
 587 = C139O (r)              2532 = INAO (r)               4477 = C7ADCO2 (r)            
 588 = C1310OH (r)            2533 = INANCHO (r)            4478 = MPRK (r)               
 589 = C136OH (r)             2534 = INANCO3H (r)           4479 = C53NO32O (r)           
 590 = C1311OH (r)            2535 = INB1GLYOX (r)          4480 = C5CONO34O2 (r)         
 591 = C1312OH (r)            2536 = INAHPPAN (r)           4481 = TBUACCO (r)            
 592 = C736OH (r)             2537 = ALLYLOH (r)            4482 = C4MCONO3O2 (r)         
 593 = BCALOOA (r)            2538 = INAHCO3H (r)           4483 = C1213O2 (r)            
 594 = C146OH (r)             2539 = INB1O (r)              4484 = M33C3CHO (r)           
 595 = C1011CO2H (r)          2540 = INB1OH (r)             4485 = HM22C4O2 (r)           
 596 = C1011OH (r)            2541 = INB1NBCHO (r)          4486 = HM22C3CHO (r)          
 597 = C1012OH (r)            2542 = GAOOB (r)              4487 = HM33C3CHO (r)          
 598 = C141OOA (r)            2543 = INCO (r)               4488 = NDMMALYO2 (r)          
 599 = C147OH (r)             2544 = INCGLYOX (r)           4489 = C1215O2 (r)            
 600 = BCBOOA (r)             2545 = INCNCO3H (r)           4490 = C1214O2 (r)            
 601 = C126OOA (r)            2546 = MACRNBPAN (r)          4491 = C63NO32O (r)           
 602 = C129OH (r)             2547 = INDHCO3H (r)           4492 = NBCO2 (r)              
 603 = C830CO2H (r)           2548 = CO2N3CO3H (r)          4493 = NBCALO2 (r)            
 604 = C830OH (r)             2549 = NONNO3 (r)             4494 = NBCKO2 (r)             
 605 = C831OH (r)             2550 = INB1NACO3H (r)         4495 = NC1313O2 (r)           
 606 = C148OH (r)             2551 = INB1NBCO3H (r)         4496 = C525O2 (r)             
 607 = C1013CO2H (r)          2552 = INB1HPPAN (r)          4497 = HO2C5O2 (r)            
 608 = HO3C5CO2H (r)          2553 = ACLOOA (r)             4498 = C7DDCO2 (r)            
 609 = C1013OH (r)            2554 = LIMAOOH (r)            4499 = HMACRO2 (r)            
 610 = C1014OH (r)            2555 = C71OOH (r)             4500 = M23C43O2 (r)           
 611 = C116CO2H (r)           2556 = HO3C96O (r)            4501 = C112O2 (r)             
 612 = C116OH (r)             2557 = LIMBNO3 (r)            4502 = NC51O2 (r)             
 613 = C117O (r)              2558 = LIMBOOH (r)            4503 = C530O2 (r)             
 614 = C118OH (r)             2559 = M23C43NO3 (r)          4504 = C5CONO34O (r)          
 615 = C1210CO2H (r)          2560 = LIMCNO3 (r)            4505 = MTBKO2 (r)             
 616 = C1211CO2H (r)          2561 = HO3C96NO3 (r)          4506 = CO235C6O2 (r)          
 617 = C1211OH (r)            2562 = LIMALNO3 (r)           4507 = CO2M33CHO (r)          
 618 = C1212O (r)             2563 = M3PEBOOH (r)           4508 = PET1O2 (r)             
 619 = C1213OH (r)            2564 = C923NO3 (r)            4509 = DMPHCOMO2 (r)          
 620 = HO13C5 (r)             2565 = HO2C6NO3 (r)           4510 = CH3CHCLO2 (r)          
 621 = C1210OH (r)            2566 = C924OOH (r)            4511 = PETOLO (r)             
 622 = C1214OH (r)            2567 = C924CO (r)             4512 = C7MJPCO3 (r)           
 623 = C1215OH (r)            2568 = C817CO (r)             4513 = PTCATEC1O2 (r)         
 624 = C524OH (r)             2569 = MIBKAOHBO (r)          4514 = OET1O2 (r)             
 625 = NC524OH (r)            2570 = KLIMONONIC (r)         4515 = PXYOLO (r)             
 626 = HIEPOXB (r)            2571 = C817NO3 (r)            4516 = C3MCOCO2H (r)          
 627 = CO2C3OOB (r)           2572 = BUTALNO3 (r)           4517 = C6MOHCOCO3 (r)         
 628 = M3FOOA (r)             2573 = C818OOH (r)            4518 = PXY1O2 (r)             
 629 = M23C4 (r)              2574 = C819OOH (r)            4519 = CLCOCLMEO2 (r)         
 630 = C61OH (r)              2575 = C727OOH (r)            4520 = CLCOCH2O2 (r)          
 631 = C71O (r)               2576 = C820OOH (r)            4521 = OTCATEC1O2 (r)         
 632 = C72OH (r)              2577 = C622O (r)              4522 = C7DCCO2 (r)            
 633 = C73O (r)               2578 = C622NO3 (r)            4523 = NCRES1O2 (r)           
 634 = CO25C73O (r)           2579 = C728NO3 (r)            4524 = C517O2 (r)             
 635 = CO25C74O (r)           2580 = C124OOH (r)            4525 = C622O2 (r)             
 636 = M2HEX (r)              2581 = C517O (r)              4526 = C116O2 (r)             
 637 = C76O (r)               2582 = C517NO3 (r)            4527 = C126O2 (r)             
 638 = C78O (r)               2583 = M2BKANO3 (r)           4528 = NEBNZ1O2 (r)           
 639 = C77OH (r)              2584 = IBUALANO3 (r)          4529 = OXCATEC1O2 (r)         
 640 = M3HEX (r)              2585 = C623NO3 (r)            4530 = NOXYOL1O2 (r)          
 641 = CO25C6O (r)            2586 = IBUTALBO2H (r)         4531 = OXYBIPERO2 (r)         
 642 = H25M3C6 (r)            2587 = LMKAOOH (r)            4532 = CL1GLYOX (r)           
 643 = C711O (r)              2588 = CH3OCH2O (r)           4533 = MCATEC1O2 (r)          
 644 = C714O (r)              2589 = LMKBNO3 (r)            4534 = OETLBIPRO2 (r)         
 645 = H3M3C6O (r)            2590 = LMKBOOH (r)            4535 = PHIC3O2 (r)            
 646 = C81O (r)               2591 = CH3OCH2NO3 (r)         4536 = INB1NO3 (r)            
 647 = CO36C8 (r)             2592 = C92OOH (r)             4537 = NOETOL1O2 (r)          
 648 = HO34CO6C8 (r)          2593 = LIMALAOOH (r)          4538 = DETLPOXMUC (r)         
 649 = C84O (r)               2594 = LIMALACO (r)           4539 = NPETOL1O2 (r)          
 650 = C92O (r)               2595 = LIMALBOOH (r)          4540 = INDHPCO3 (r)           
 651 = CO36C9 (r)             2596 = M2PEANO3 (r)           4541 = TM135BPRO2 (r)         
 652 = C93OH (r)              2597 = LIMALBCO (r)           4542 = TM135OXMUC (r)         
 653 = C94O (r)               2598 = C823NO3 (r)            4543 = IC7DCCO2 (r)           
 654 = C102O (r)              2599 = C825OOH (r)            4544 = PRONFORMO2 (r)         
 655 = CO36C10 (r)            2600 = C822NO3 (r)            4545 = DMPHO2 (r)             
 656 = C103OH (r)             2601 = C4CHOBNO3 (r)          4546 = PXYL1O2 (r)            
 657 = C104O (r)              2602 = C610NO3 (r)            4547 = NPXYQO2 (r)            
 658 = IPECOH (r)             2603 = C4CHOBOOH (r)          4548 = C5DBCO2CO3 (r)         
 659 = C63OH (r)              2604 = C824CO (r)             4549 = METLPOXMUC (r)         
 660 = C112O (r)              2605 = MEKANO3 (r)            4550 = NMETOL1O2 (r)          
 661 = CO36C11 (r)            2606 = C729NO3 (r)            4551 = EMPHO2 (r)             
 662 = C113OH (r)             2607 = C826NO3 (r)            4552 = EMPHCO3 (r)            
 663 = C114O (r)              2608 = MEKAOOH (r)            4553 = EMPOHNO2O2 (r)         
 664 = C122O (r)              2609 = C624NO3 (r)            4554 = MXY1O2 (r)             
 665 = CO36C12 (r)            2610 = HM23C4NO3 (r)          4555 = MXCATEC1O2 (r)         
 666 = C123OH (r)             2611 = C625OOH (r)            4556 = MTCATEC1O2 (r)         
 667 = C124O (r)              2612 = C730NO3 (r)            4557 = PHCOETO2 (r)           
 668 = CYHEXOL (r)            2613 = C626NO3 (r)            4558 = PHCOCOCO2 (r)          
 669 = HCOOH (r)              2614 = H2M3CO4CHO (r)         4559 = TM124OXMUC (r)         
 670 = CH3CO2H (r)            2615 = C93NO3 (r)             4560 = NPXYOL1O2 (r)          
 671 = PROPACID (r)           2616 = C519OOH (r)            4561 = ACCOC3H6O2 (r)         
 672 = CO3C4NO3O (r)          2617 = DIETETO (r)            4562 = ACCOMCOMO2 (r)         
 673 = C5OH2CO4O (r)          2618 = C627OOH (r)            4563 = DM124O2 (r)            
 674 = BUTACID (r)            2619 = LMLKAOOH (r)           4564 = EBENZO2 (r)            
 675 = C5NO3COAO (r)          2620 = LMLKACO (r)            4565 = SBUACETAO2 (r)         
 676 = C53NO324CO (r)         2621 = LMLKBOOH (r)           4566 = MXYBIPERO2 (r)         
 677 = IBUTACID (r)           2622 = LMLKBCO (r)            4567 = MXYBIPERO (r)          
 678 = C4MCONO3OH (r)         2623 = MPRKNO3 (r)            4568 = SBUACETBO2 (r)         
 679 = CH3CHOOC (r)           2624 = C732NO3 (r)            4569 = EBZPOXMUC (r)          
 680 = C4COMOH3O (r)          2625 = C734OOH (r)            4570 = EGLYOOB (r)            
 681 = PENTACID (r)           2626 = C731NO3 (r)            4571 = C6DCARBBO (r)          
 682 = MNO3COC4O (r)          2627 = M23C4OOH (r)           4572 = TM124O2 (r)            
 683 = C3NO3COO (r)           2628 = C733CO (r)             4573 = T124CAT1O2 (r)         
 684 = C6NO3CO5O (r)          2629 = C628OOH (r)            4574 = C8BCO2 (r)             
 685 = C4ME2NO3O (r)          2630 = IPEANO3 (r)            4575 = DMEBPOXMUC (r)         
 686 = NBUTDAO (r)            2631 = C735OOH (r)            4576 = NPHEN1O2 (r)           
 687 = HNMVKO (r)             2632 = C94OOH (r)             4577 = CATEC1O2 (r)           
 688 = CH2OOD (r)             2633 = NLIMOOH (r)            4578 = NT124L1O2 (r)          
 689 = HMVKBO (r)             2634 = M2PE (r)               4579 = NBUACETAO2 (r)         
 690 = MACO2H (r)             2635 = HO1MC5O (r)            4580 = C43OHCOCHO (r)         
 691 = CH2OOE (r)             2636 = NLMKAOOH (r)           4581 = PRONEMOXO2 (r)         
 692 = MVKO (r)               2637 = DIEKBNO3 (r)           4582 = MO2EOLAO2 (r)          
 693 = MGLYOOB (r)            2638 = C72NO3 (r)             4583 = CHOC4OHO2 (r)          
 694 = NOAOOA (r)             2639 = DIEKBOOH (r)           4584 = NMXYOL1O2 (r)          
 695 = HO1CO3C4O (r)          2640 = HOCO3C5OOH (r)         4585 = NBUACETBO2 (r)         
 696 = HOCO3C54O (r)          2641 = CH3SCH2OOH (r)         4586 = TLEPOXMUC (r)          
 697 = C53O (r)               2642 = CH3SCHO (r)            4587 = PHCOMEO2 (r)           
 698 = CO24C6O (r)            2643 = CH3SOO2NO2 (r)         4588 = IPBENZO2 (r)           
 699 = HEX3ONBO (r)           2644 = CH3SO4NO2 (r)          4589 = HM22C3O2 (r)           
 700 = C6HO1CO3O (r)          2645 = MIPKBNO3 (r)           4590 = CO123C5CHO (r)         
 701 = MIBKHO4O (r)           2646 = CH3SO2CHO (r)          4591 = C5CO14CO2 (r)          
 702 = MIBKBO (r)             2647 = DECNO3 (r)             4592 = IPCATEC1O2 (r)         
 703 = MTBKOH (r)             2648 = BCAOOH (r)             4593 = DIIPRETO2 (r)          
 704 = C612OH (r)             2649 = HO3C106O (r)           4594 = MXYEPOXMUC (r)         
 705 = C6COCHOO (r)           2650 = BCBNO3 (r)             4595 = MC3CODBCO2 (r)         
 706 = C6135COO (r)           2651 = BCBOOH (r)             4596 = ECATEC1O2 (r)          
 707 = CHOC3COO (r)           2652 = CYHXONANO3 (r)         4597 = C6145COO2 (r)          
 708 = C5124COO (r)           2653 = BCCNO3 (r)             4598 = C720O2 (r)             
 709 = CHOCOCH2O (r)          2654 = HO3C106NO3 (r)         4599 = BPINCO2 (r)            
 710 = C5COCHOO (r)           2655 = BCALNO3 (r)            4600 = APINCO2 (r)            
 711 = CHOC2H4O (r)           2656 = HOIPRGLYOX (r)         4601 = C719O2 (r)             
 712 = BUT2OLAO (r)           2657 = MTBEANO3 (r)           4602 = PXCATEC1O2 (r)         
 713 = CYHEXOLAO (r)          2658 = C141NO3 (r)            4603 = PBENZO2 (r)            
 714 = CYC6DIONE (r)          2659 = HO3C116NO3 (r)         4604 = NIPBNZ1O2 (r)          
 715 = PRONEMOX (r)           2660 = C142NO3 (r)            4605 = PCATEC1O2 (r)          
 716 = PRONEMOXO (r)          2661 = MTBEAOOH (r)           4606 = PXYEPOXMUC (r)         
 717 = MCOCOMOXO (r)          2662 = C143NO3 (r)            4607 = MGLOOB (r)             
 718 = PRCOOMO (r)            2663 = HEXBOOH (r)            4608 = NPBNZ1O2 (r)           
 719 = PRCOFORM (r)           2664 = C927O (r)              4609 = NPROACEAO2 (r)         
 720 = BOX2MO (r)             2665 = C41CO2H (r)            4610 = C88O2 (r)              
 721 = BUFORMO (r)            2666 = C630OOH (r)            4611 = NT123L1O2 (r)          
 722 = PRCOFORMO (r)          2667 = C46CO3H (r)            4612 = C45O2 (r)              
 723 = PRONFORMO (r)          2668 = C611OOH (r)            4613 = NPETLQO2 (r)           
 724 = PRONOCOPO (r)          2669 = C928NO3 (r)            4614 = T123CAT1O2 (r)         
 725 = PRONOCOMO (r)          2670 = HEX2ONANO3 (r)         4615 = TM123O2 (r)            
 726 = BOXPRONBO (r)          2671 = C929OOH (r)            4616 = MET1O2 (r)             
 727 = BOXCOCOME (r)          2672 = BIACETO (r)            4617 = IPBZPOXMUC (r)         
 728 = BOXCOCOMO (r)          2673 = IPEAOOH (r)            4618 = PBZPOXMUC (r)          
 729 = MECOACETO (r)          2674 = HEX2ONAOOH (r)         4619 = C3MNO3CHO (r)          
 730 = ACPRONEO (r)           2675 = BCKAOOH (r)            4620 = CL2OHCH2O2 (r)         
 731 = ACCOETO (r)            2676 = BCKBNO3 (r)            4621 = CH2OHCL2O2 (r)         
 732 = ACCOMCOMO (r)          2677 = BCKBOOH (r)            4622 = CL2OHCO3 (r)           
 733 = ACBUONEBO (r)          2678 = MTBEAALNO3 (r)         4623 = C519O2 (r)             
 734 = ACETCOC3H7 (r)         2679 = C131NO3 (r)            4624 = CHCL2O2 (r)            
 735 = SBUACONEO (r)          2680 = M3PECO (r)             4625 = MIBKAOHBO2 (r)         
 736 = SBUACCOH (r)           2681 = C133NO3 (r)            4626 = C3MDIALOOH (r)         
 737 = CH2CLO (r)             2682 = HEX2ONBNO3 (r)         4627 = C62O2 (r)              
 738 = CHCL2O (r)             2683 = C829O (r)              4628 = C4CONO3CO (r)          
 739 = CCL3CH2O (r)           2684 = HEX2ONBOOH (r)         4629 = CCLOHCH2O2 (r)         
 740 = C2CL2OHO (r)           2685 = MTBEAALOOH (r)         4630 = BPINAO2 (r)            
 741 = MVKOHBO (r)            2686 = C521OOH (r)            4631 = CCLNO3O2 (r)           
 742 = APINAO (r)             2687 = C134OH (r)             4632 = M3PECO2 (r)            
 743 = C716O (r)              2688 = BCOOA (r)              4633 = C614O2 (r)             
 744 = C96OH (r)              2689 = BCSOZO (r)             4634 = C614CO (r)             
 745 = C614OH (r)             2690 = BCSOZNO3 (r)           4635 = C5EDBCO3 (r)           
 746 = H3C25C6O (r)           2691 = BCSOZOOH (r)           4636 = BPINBO2 (r)            
 747 = C86O (r)               2692 = C151O (r)              4637 = ACBUONEBO2 (r)         
 748 = C511O (r)              2693 = C151NO3 (r)            4638 = ACCOCOETO2 (r)         
 749 = CO235C6O (r)           2694 = C151OOH (r)            4639 = DETLBIPRO2 (r)         
 750 = APINBO (r)             2695 = C152O (r)              4640 = C5CO234O2 (r)          
 751 = NAPINAO (r)            2696 = C152NO3 (r)            4641 = IC7DCO2 (r)            
 752 = NC102O (r)             2697 = C152OOH (r)            4642 = C106O2 (r)             
 753 = NC71CO (r)             2698 = BCALAOOH (r)           4643 = C6O4KETO2 (r)          
 754 = APINOOB (r)            2699 = BCALACO (r)            4644 = PR2OHMOXO2 (r)         
 755 = COO2C4O (r)            2700 = HO3C5NO3 (r)           4645 = NAPINBO2 (r)           
 756 = C717OH (r)             2701 = CHEXNO3 (r)            4646 = HO4CO7C9 (r)           
 757 = C922O (r)              2702 = C127NO3 (r)            4647 = TMBCO3 (r)             
 758 = C66O (r)               2703 = C128O (r)              4648 = MXYOHNO2O2 (r)         
 759 = MALDIALO (r)           2704 = M2PEAOOH (r)           4649 = PINALO2 (r)            
 760 = BUT2OL (r)             2705 = BCALBOOH (r)           4650 = C67O2 (r)              
 761 = BZEMUCOH (r)           2706 = PR1O2HNO3 (r)          4651 = C52NO31CO (r)          
 762 = IC4H10 (r)             2707 = BCALBCO (r)            4652 = C818O2 (r)             
 763 = BZFUO (r)              2708 = HEX3ONANO3 (r)         4653 = C513O2 (r)             
 764 = CATECOOA (r)           2709 = C137NO3 (r)            4654 = C4M2NO33O2 (r)         
 765 = TLEMUCOH (r)           2710 = C139NO3 (r)            4655 = LIMALAO2 (r)           
 766 = MCATECOOA (r)          2711 = C1310O (r)             4656 = LIMALBO2 (r)           
 767 = C5MCO2OHO (r)          2712 = HO1C4OOH (r)           4657 = ETBECCO3 (r)           
 768 = C6CO3MOH (r)           2713 = M22C4NO3 (r)           4658 = MTBEACHOO2 (r)         
 769 = MXYMUCOH (r)           2714 = C136NO3 (r)            4659 = C4NO32M2O2 (r)         
 770 = C726CO5O (r)           2715 = HO13C5NO3 (r)          4660 = C824O2 (r)             
 771 = MXCATECOOA (r)         2716 = C1311NO3 (r)           4661 = EMPOHNO2O (r)          
 772 = C23O3MO (r)            2717 = MTBEBNO3 (r)           4662 = TM124BPRO2 (r)         
 773 = BZFUONOOA (r)          2718 = C1312O (r)             4663 = TBOCOCH2O2 (r)         
 774 = NBZQO (r)              2719 = C1010OOH (r)           4664 = TM124BCO3 (r)          
 775 = NTLFUO (r)             2720 = C102OOH (r)            4665 = BRETO3 (r)             
 776 = TLFUONOOA (r)          2721 = C736OOH (r)            4666 = HO1CO24C5 (r)          
 777 = NPTLQO (r)             2722 = C522CO3H (r)           4667 = NBPINAO2 (r)           
 778 = NMXYQO (r)             2723 = M22C4OOH (r)           4668 = C918CHO (r)            
 779 = NMXYFUO (r)            2724 = C146OOH (r)            4669 = LMLKAO2 (r)            
 780 = PXYMUCOH (r)           2725 = C146CO (r)             4670 = LMLKBO2 (r)            
 781 = NPXYQO (r)             2726 = MTBEBOOH (r)           4671 = CO234C65O2 (r)         
 782 = PXCATECOOA (r)         2727 = C1012NO3 (r)           4672 = C733O2 (r)             
 783 = NPXYFUO (r)            2728 = HM33C4OH (r)           4673 = MPRBNO3CHO (r)         
 784 = OXYMUCOH (r)           2729 = HEX3ONDNO3 (r)         4674 = NC91CHO (r)            
 785 = MC6CO2O (r)            2730 = HM23C4OOH (r)          4675 = C7CODBCO3 (r)          
 786 = NOXYQO (r)             2731 = C129OOH (r)            4676 = HOCO3C54O2 (r)         
 787 = OXCATECOOA (r)         2732 = C129CO (r)             4677 = NC730O2 (r)            
 788 = C6OTKETO (r)           2733 = HEX3ONDOOH (r)         4678 = ETHENO3O2 (r)          
 789 = NOXYFUO (r)            2734 = C831NO3 (r)            4679 = C53O2 (r)              
 790 = C7M2CO5O (r)           2735 = HM22C3NO3 (r)          4680 = BOXMCO3 (r)            
 791 = TM135O (r)             2736 = BCKOOA (r)             4681 = HO5CO8C10 (r)          
 792 = C54O (r)               2737 = C148OOH (r)            4682 = C141CO (r)             
 793 = NTMB1FUO (r)           2738 = C148CO (r)             4683 = C630O2 (r)             
 794 = NTM124QO (r)           2739 = PRNO3CO3H (r)          4684 = OETLBIPRO (r)          
 795 = TM124MUCOH (r)         2740 = C1014NO3 (r)           4685 = C41O2 (r)              
 796 = T124CTCOOA (r)         2741 = HM22C3OOH (r)          4686 = CO24C6O2 (r)           
 797 = NTMB2FUO (r)           2742 = BCLKAOOH (r)           4687 = C87O2 (r)              
 798 = TM123MUCOH (r)         2743 = DIIPRETO (r)           4688 = MPRANO3O2 (r)          
 799 = T123CTCOOA (r)         2744 = BCLKACO (r)            4689 = PXYLCO3 (r)            
 800 = EBFUO (r)              2745 = C1313NO3 (r)           4690 = TL4OHNO2O2 (r)         
 801 = NPEBQO (r)             2746 = C103NO3 (r)            4691 = C521O2 (r)             
 802 = EBZMUCOH (r)           2747 = C112OOH (r)            4692 = C135O2 (r)             
 803 = ECATECOOA (r)          2748 = HO3C5OOH (r)           4693 = PRCOOMCO3 (r)          
 804 = C67OH (r)              2749 = C117NO3 (r)            4694 = HO7CO10C12 (r)         
 805 = PHCOETO (r)            2750 = C118O (r)              4695 = HEX3ONBO2 (r)          
 806 = C7DCOH (r)             2751 = BCLKBOOH (r)           4696 = C128O2 (r)             
 807 = PBFUO (r)              2752 = UDECNO3 (r)            4697 = C918O2 (r)             
 808 = NPPRBQO (r)            2753 = BCLKBCO (r)            4698 = C919O2 (r)             
 809 = PBZMUCOH (r)           2754 = C1211NO3 (r)           4699 = BUTDBO2 (r)            
 810 = PCATECOOA (r)          2755 = M33C4NO3 (r)           4700 = C6COCHOO2 (r)          
 811 = PHCOMEO (r)            2756 = C1212NO3 (r)           4701 = C7DCO2 (r)             
 812 = C55O (r)               2757 = C1213O (r)             4702 = ISOPAOOH (r)           
 813 = IC7DCOH (r)            2758 = C1210NO3 (r)           4703 = C736O2 (r)             
 814 = IPBFUO (r)             2759 = C1215O (r)             4704 = IPRMEETO2 (r)          
 815 = NIPRBQO (r)            2760 = M33C4OOH (r)           4705 = C6CO34O2 (r)           
 816 = IPBZMUCOH (r)          2761 = ETBE (r)               4706 = C129O2 (r)             
 817 = IPCATECOOA (r)         2762 = C930OOH (r)            4707 = METLMUCCO3 (r)         
 818 = MPHCOMEO (r)           2763 = NBCOOH (r)             4708 = NBZQO2 (r)             
 819 = NOETLQO (r)            2764 = NBCKOOH (r)            4709 = HO6CO9C11 (r)          
 820 = OETLMUCOH (r)          2765 = C524NO3 (r)            4710 = C4NO3CHO (r)           
 821 = OTCATECOOA (r)         2766 = C524CO (r)             4711 = C118O2 (r)             
 822 = NMETLQO (r)            2767 = C525OOH (r)            4712 = C5CO23O2 (r)           
 823 = METLMUCOH (r)          2768 = MIBKAOH (r)            4713 = C5CO23CHO (r)          
 824 = MTCATECOOA (r)         2769 = HPNC524CO (r)          4714 = C813O2 (r)             
 825 = C7EDCOH (r)            2770 = HIEB1O (r)             4715 = M2HEXBO2 (r)           
 826 = NPETLQO (r)            2771 = HIEB2O (r)             4716 = HIEB2O2 (r)            
 827 = PETLMUCOH (r)          2772 = C104OOH (r)            4717 = C6H5CH2CO3 (r)         
 828 = PTCATECOOA (r)         2773 = BCALCO (r)             4718 = ISOP34NO3 (r)          
 829 = DMPHCOMO (r)           2774 = BCALCCO (r)            4719 = BOX2EOHBO2 (r)         
 830 = DMEOBPROH (r)          2775 = BCLKCO (r)             4720 = BOXFORMO2 (r)          
 831 = C23O3EO (r)            2776 = BCLKCCO (r)            4721 = PRCOFORMO2 (r)         
 832 = NMEBFUO (r)            2777 = ETBEANO3 (r)           4722 = C7DDCCO2H (r)          
 833 = C8M2CO6O (r)           2778 = CISOPAO (r)            4723 = C534O2 (r)             
 834 = DMEPH1O (r)            2779 = C526O (r)              4724 = CH3COCO3H (r)          
 835 = EMPHCOMO (r)           2780 = C527O (r)              4725 = C74O2 (r)              
 836 = DETLOBPROH (r)         2781 = MIBK3CO (r)            4726 = MIBK3COO2 (r)          
 837 = C9M2CO6O (r)           2782 = C534O (r)              4727 = C65NO36CHO (r)         
 838 = C3EDIALOH (r)          2783 = C535O (r)              4728 = C531O2 (r)             
 839 = CO24C63O (r)           2784 = HPC52O (r)             4729 = C612O2 (r)             
 840 = DEMPHSMS1O (r)         2785 = HPC52CO3H (r)          4730 = HO7C8O2 (r)            
 841 = PHCOOH (r)             2786 = CO2C3OOA (r)           4731 = OXNCATECO2 (r)         
 842 = C87O (r)               2787 = CH2CHCH2O (r)          4732 = OXNNCATCO2 (r)         
 843 = C9DCCO (r)             2788 = CH2CHCH2NO3 (r)        4733 = MXYL1O2 (r)            
 844 = C9DCOOH (r)            2789 = ETBEAOOH (r)           4734 = OTNCATECO2 (r)         
 845 = C615OH (r)             2790 = C45O (r)               4735 = PTNNCATCO2 (r)         
 846 = NOPINBCO (r)           2791 = C45NO3 (r)             4736 = DNPXYOLO2 (r)          
 847 = NOPINBOOH (r)          2792 = ETHOHNO3 (r)           4737 = DNEBNZLO2 (r)          
 848 = C616OH (r)             2793 = HC4CO3H (r)            4738 = OTNNCATCO2 (r)         
 849 = C88CO (r)              2794 = C63NO3 (r)             4739 = DNIPBNZLO2 (r)         
 850 = C88OOH (r)             2795 = MTBKNO3 (r)            4740 = DNOXYOLO2 (r)          
 851 = C718OH (r)             2796 = C58AO (r)              4741 = C7OHCO2CO3 (r)         
 852 = C618O (r)              2797 = C47CHO (r)             4742 = C67CHO (r)             
 853 = C617OH (r)             2798 = C57AO (r)              4743 = MVKOO (r)              
 854 = C512OH (r)             2799 = HMML (r)               4744 = HO2C4CHO (r)           
 855 = C513OH (r)             2800 = C6CO2M2OH (r)          4745 = IECCO3 (r)             
 856 = NOPINOOA (r)           2801 = C6M5CO2OH (r)          4746 = CHOC4O2 (r)            
 857 = C514OH (r)             2802 = C4MCONO3O (r)          4747 = ETOMEO2 (r)            
 858 = C8BCCO (r)             2803 = C614CO23OH (r)         4748 = CO45C5CHO (r)          
 859 = C8BCOOH (r)            2804 = C6O132OH (r)           4749 = MC7CO2O2 (r)           
 860 = C620OH (r)             2805 = BUOX2ETOH (r)          4750 = T123NNCTO2 (r)         
 861 = C722O (r)              2806 = BOX2ECHO (r)           4751 = DNCRESO2 (r)           
 862 = C44O (r)               2807 = C5MO132OH (r)          4752 = C7CO2OHCO3 (r)         
 863 = MBOCOCO (r)            2808 = C8236CO (r)            4753 = DNOETOLO2 (r)          
 864 = CH2BRO (r)             2809 = NAOOA (r)              4754 = C2H5MECOO (r)          
 865 = CH3CHCLO (r)           2810 = IPECO (r)              4755 = NC3OO (r)              
 866 = CH2CLCH2O (r)          2811 = HCC7CO (r)             4756 = PTNCATECO2 (r)         
 867 = CHCL2CH2O (r)          2812 = CH3O (r)               4757 = C5M2OHOCO3 (r)         
 868 = CLCOCCL2O (r)          2813 = MACROOA (r)            4758 = INDHCO3 (r)            
 869 = CL12PRAO (r)           2814 = C51NO324CO (r)         4759 = CO2N3CO3 (r)           
 870 = CH2CLCOCH3 (r)         2815 = C4M2ALOHNO3 (r)        4760 = NC4OO (r)              
 871 = CH3COCCLO (r)          2816 = MACRNOOA (r)           4761 = C3NO3COO2 (r)          
 872 = CL12PRCO (r)           2817 = MGLOOA (r)             4762 = NC4OHCO3 (r)           
 873 = A2PANO (r)             2818 = MMCF (r)               4763 = DNPETOLO2 (r)          
 874 = CH2OOG (r)             2819 = C629OH (r)             4764 = NOAOO (r)              
 875 = IEPOXC (r)             2820 = C520OH (r)             4765 = C107O2 (r)             
 876 = NC2OOA (r)             2821 = MALANHY (r)            4766 = HO8C9O2 (r)            
 877 = NC3OOA (r)             2822 = MMALANHY (r)           4767 = MTNCATECO2 (r)         
 878 = NC4OOA (r)             2823 = HNC524CO (r)           4768 = CH3OCH2O2 (r)          
 879 = LIMAO (r)              2824 = MO2EOL (r)             4769 = C85O2 (r)              
 880 = LIMBO (r)              2825 = MEMOXYCHO (r)          4770 = DNMETOLO2 (r)          
 881 = LIMCOH (r)             2826 = C6CO2OHPAN (r)         4771 = C85CO3 (r)             
 882 = LIMALOH (r)            2827 = C6COOHCO3H (r)         4772 = C825O2 (r)             
 883 = LIMONONIC (r)          2828 = C5CO2OHPAN (r)         4773 = CH2CLO2 (r)            
 884 = C924O (r)              2829 = C5COOHCO3H (r)         4774 = C918CO3 (r)            
 885 = C817OH (r)             2830 = HOACETETO (r)          4775 = C86O2 (r)              
 886 = C818O (r)              2831 = C115O (r)              4776 = HO2CO5C6 (r)           
 887 = C819O (r)              2832 = CHOC2PAN (r)           4777 = C8CO2OHCO3 (r)         
 888 = C727O (r)              2833 = MXYLPAN (r)            4778 = HO1CO3CHO (r)          
 889 = C820O (r)              2834 = ACECOCOCH3 (r)         4779 = C79O2 (r)              
 890 = C728OH (r)             2835 = C5PAN10 (r)            4780 = MTNNCATCO2 (r)         
 891 = C623OH (r)             2836 = CHOMOHPAN (r)          4781 = MXNCATECO2 (r)         
 892 = LMKAO (r)              2837 = C4COMOHPAN (r)         4782 = MXNNCATCO2 (r)         
 893 = LMKBO (r)              2838 = ACCOCOMOOH (r)         4783 = C734O2 (r)             
 894 = LIMOOB (r)             2839 = PROL1MPAN (r)          4784 = C58NO3 (r)             
 895 = LIMALAO (r)            2840 = H2M4C65NO3 (r)         4785 = PETLPOXMUC (r)         
 896 = LIMALBO (r)            2841 = EOX2OLBNO3 (r)         4786 = C628O2 (r)             
 897 = C825O (r)              2842 = NPRACBNO3 (r)          4787 = C729O2 (r)             
 898 = C69OH (r)              2843 = EPXMDLPAN (r)          4788 = C3DIOLO2 (r)           
 899 = C625O (r)              2844 = M2PEBO (r)             4789 = NC91CO3 (r)            
 900 = C625OH (r)             2845 = HO3C3PAN (r)           4790 = C735O2 (r)             
 901 = C730OH (r)             2846 = C7CO2OHPAN (r)         4791 = NOPINOO (r)            
 902 = C519O (r)              2847 = MXNCATECO (r)          4792 = NOPINDO2 (r)           
 903 = C627O (r)              2848 = MXNNCATCO (r)          4793 = CO2C5OH (r)            
 904 = LMKOOB (r)             2849 = C4NO32M2O (r)          4794 = DNT123LO2 (r)          
 905 = LMLKAO (r)             2850 = DNMXYOLO (r)           4795 = H13C43CO3 (r)          
 906 = LMLKBO (r)             2851 = ETACETOH (r)           4796 = C4OHCO3 (r)            
 907 = C610OH (r)             2852 = TC4H9NO3 (r)           4797 = HO13C3CO3 (r)          
 908 = C734O (r)              2853 = NMXYOLO (r)            4798 = C713O2 (r)             
 909 = CO24M3CHO (r)          2854 = MXYOHNO2O (r)          4799 = C3EDIALO2 (r)          
 910 = NLIMO (r)              2855 = C43NO3PAN (r)          4800 = ENCATECO2 (r)          
 911 = NLIMALOH (r)           2856 = ACCOMEPAN (r)          4801 = PROL1MCO3 (r)          
 912 = NLMKAO (r)             2857 = C6PAN7 (r)             4802 = C5CO2OHCO3 (r)         
 913 = NC728OH (r)            2858 = C23O3MCOOH (r)         4803 = NC61CO3 (r)            
 914 = NC623OH (r)            2859 = C4CO2DBPAN (r)         4804 = MNNCATECO2 (r)         
 915 = NC730OH (r)            2860 = C4CO2DCO3H (r)         4805 = C4COMOHCO3 (r)         
 916 = CH3SCH2O (r)           2861 = IPROPOLPAN (r)         4806 = C3M3OH2CO3 (r)         
 917 = MSA (r)                2862 = C5CO2DBPAN (r)         4807 = T124NCATO2 (r)         
 918 = DMSO2OH (r)            2863 = ACETC2PAN (r)          4808 = T124NNCTO2 (r)         
 919 = BCAO (r)               2864 = M2PEDNO3 (r)           4809 = H13CO2CO3 (r)          
 920 = BCBO (r)               2865 = M2PEDO (r)             4810 = HO24C4CO3 (r)          
 921 = BCCOH (r)              2866 = PXYBIPENO3 (r)         4811 = C152O2 (r)             
 922 = BCALOH (r)             2867 = C3M3OH2PAN (r)         4812 = HO6C7O2 (r)            
 923 = C630O (r)              2868 = IPRACNO3 (r)           4813 = NCATECO2 (r)           
 924 = C929O (r)              2869 = ACETMEPAN (r)          4814 = NNCATECO2 (r)          
 925 = C827O (r)              2870 = PXYMUCPAN (r)          4815 = C5DBECO3 (r)           
 926 = BCKAO (r)              2871 = C6M5CO2O (r)           4816 = DNPHENO2 (r)           
 927 = BCKBO (r)              2872 = C6MOHCOPAN (r)         4817 = DNT124LO2 (r)          
 928 = C133OH (r)             2873 = C6MOCOCO3H (r)         4818 = C139O2 (r)             
 929 = C829OH (r)             2874 = C5DBCO2PAN (r)         4819 = T123NCATO2 (r)         
 930 = C521O (r)              2875 = C5DCO2CO3H (r)         4820 = EPXMEC4DAL (r)         
 931 = BCSOZOH (r)            2876 = PXNCATECO (r)          4821 = BCALOO (r)             
 932 = C151OH (r)             2877 = PXNNCATCO (r)          4822 = C7EDCCO (r)            
 933 = C152OH (r)             2878 = DNPXYOLO (r)           4823 = C126OO (r)             
 934 = BCALAO (r)             2879 = NPXYOLO (r)            4824 = C831O2 (r)             
 935 = BCALBO (r)             2880 = IPRACBPAN (r)          4825 = H3M3C5O2 (r)           
 936 = C1010OH (r)            2881 = C23O3CPAN (r)          4826 = DNMXYOLO2 (r)          
 937 = C736O (r)              2882 = CY6COCOOOH (r)         4827 = PEN2ONE1O2 (r)         
 938 = C146O (r)              2883 = MO2EOLAO (r)           4828 = HO5C5CO3 (r)           
 939 = C147O (r)              2884 = HO2MC5NO3 (r)          4829 = ENNCATECO2 (r)         
 940 = C129O (r)              2885 = C3MNO3PAN (r)          4830 = HEX3ONCOH (r)          
 941 = C148O (r)              2886 = ETOMEPAN (r)           4831 = HOACETETO2 (r)         
 942 = BCLKAO (r)             2887 = ACBUONANO3 (r)         4832 = CO2OH3MCO3 (r)         
 943 = C52OH (r)              2888 = ACBUOAOOH (r)          4833 = C1212O2 (r)            
 944 = BCLKBO (r)             2889 = MC5CO2OHO (r)          4834 = DNPBNZLO2 (r)          
 945 = C930OH (r)             2890 = MC4CODBPAN (r)         4835 = C73O2 (r)              
 946 = NBCO (r)               2891 = HO1C5NO3 (r)           4836 = HC3CCO3 (r)            
 947 = NBCALOH (r)            2892 = C5M2OHOPAN (r)         4837 = C4CO2DBCO3 (r)         
 948 = NBCKO (r)              2893 = HO2C54O (r)            4838 = C827O2 (r)             
 949 = NC1313OH (r)           2894 = ACEETOHO (r)           4839 = IPNCATECO2 (r)         
 950 = C525O (r)              2895 = C4DBM2PAN (r)          4840 = C721CHO (r)            
 951 = HMGLYOOA (r)           2896 = OXNCATECO (r)          4841 = HMGLYOO (r)            
 952 = CISOPA (r)             2897 = OXNNCATCO (r)          4842 = PXNCATECO2 (r)         
 953 = TISOPA (r)             2898 = DNOXYOLO (r)           4843 = IPNNCATCO2 (r)         
 954 = CISOPC (r)             2899 = NOXYOLO (r)            4844 = HO3C3CO3 (r)           
 955 = TISOPC (r)             2900 = C74OOH (r)             4845 = C6CO2OHCO3 (r)         
 956 = C531O (r)              2901 = BUT2OLOOH (r)          4846 = HPC52CO3 (r)           
 957 = C531CO (r)             2902 = C6PAN21 (r)            4847 = MNCATECO2 (r)          
 958 = NC41OOA (r)            2903 = CHOC3COPAN (r)         4848 = C42CO3 (r)             
 959 = UDECOOH (r)            2904 = C6O4KETO (r)           4849 = CHOC3COO2 (r)          
 960 = C63OOH (r)             2905 = MOXCOCH2OH (r)         4850 = M3BU3ECO3 (r)          
 961 = HO3C116OOH (r)         2906 = ACCOCOETO (r)          4851 = C721O2 (r)             
 962 = C111OOH (r)            2907 = HO3C76NO3 (r)          4852 = HC4CO3 (r)             
 963 = HO7C8CO3H (r)          2908 = HO2M2C4O (r)           4853 = C45IC5CHO (r)          
 964 = HO7C8OOH (r)           2909 = C6PAN2 (r)             4854 = PNCATECO2 (r)          
 965 = C113OOH (r)            2910 = NBUACCNO3 (r)          4855 = PNNCATECO2 (r)         
 966 = M2C43CO3H (r)          2911 = C4M2NO33O (r)          4856 = HM2C43O2 (r)           
 967 = C115OOH (r)            2912 = EPXMKTPAN (r)          4857 = PXNNCATCO2 (r)         
 968 = DDECOOH (r)            2913 = NBUACCOOH (r)          4858 = BOXPROLAO2 (r)         
 969 = HO3C126OOH (r)         2914 = NTM135OLO (r)          4859 = PRONOCOPO2 (r)         
 970 = C121OOH (r)            2915 = IBUTOLBO (r)           4860 = PRCOOMO2 (r)           
 971 = HO8C9CO3H (r)          2916 = TM124BPAN (r)          4861 = DIETETO2 (r)           
 972 = HO8C9OOH (r)           2917 = C712NO3 (r)            4862 = ACBUONEAO2 (r)         
 973 = C123OOH (r)            2918 = C712O (r)              4863 = TM124OLO (r)           
 974 = HM2C43CO3H (r)         2919 = TM124BPNO3 (r)         4864 = NTM124QO2 (r)          
 975 = C125OOH (r)            2920 = PR2OHMOOOH (r)         4865 = C7MOHCOCO3 (r)         
 976 = C6H13CO3H (r)          2921 = ETOHCO2M (r)           4866 = DMKCOOH (r)            
 977 = CO3C4CO3H (r)          2922 = C67O (r)               4867 = NC5MDCO2H (r)          
 978 = CHEXOOH (r)            2923 = C7BDCOOH (r)           4868 = ETBEBO2 (r)            
 979 = HM2C43OOH (r)          2924 = C7MOHCOPAN (r)         4869 = MTBEACHO13 (r)         
 980 = CO3C4CO2H (r)          2925 = C4PAN1 (r)             4870 = MCOOTBO2 (r)           
 981 = PRNO3CO2H (r)          2926 = T124NCATO (r)          4871 = C526O2 (r)             
 982 = NBUTOLAOH (r)          2927 = T124NNCTO (r)          4872 = M2PEDO2 (r)            
 983 = M23C43OOH (r)          2928 = DNT124LO (r)           4873 = OXYLCO3 (r)            
 984 = BU1ENO3OOH (r)         2929 = NTM124OLO (r)          4874 = OXYL1O2 (r)            
 985 = C43NO34OOH (r)         2930 = HO2MC5OOH (r)          4875 = C84O2 (r)              
 986 = C42NO33OOH (r)         2931 = C61O (r)               4876 = H1C23C4CHO (r)         
 987 = MPRANO3OOH (r)         2932 = MCOOTBNO3 (r)          4877 = HO13C4O2 (r)           
 988 = MPRBNO3OOH (r)         2933 = C6PAN8 (r)             4878 = C715O2 (r)             
 989 = MPRNO3CO2H (r)         2934 = C7ADCO (r)             4879 = MBO (r)                
 990 = HO12C5 (r)             2935 = C6PAN23 (r)            4880 = CO23C4NO3 (r)          
 991 = C4NO3CO2H (r)          2936 = MCOOTBOOH (r)          4881 = MEMOXYCO3 (r)          
 992 = C523OH (r)             2937 = CO2OH3MPAN (r)         4882 = C124O2 (r)             
 993 = C5NO3O4OOH (r)         2938 = NDMMALYO (r)           4883 = PRONO3AO2 (r)          
 994 = C5ONO34OOH (r)         2939 = HO2C4O (r)             4884 = IPROC21O2 (r)          
 995 = M2BUOL2OOH (r)         2940 = EPXKTMPAN (r)          4885 = M2BKAO2 (r)            
 996 = M2BUOL2OH (r)          2941 = C65NO36O (r)           4886 = C68O2 (r)              
 997 = C4NO32MOOH (r)         2942 = T123NCATO (r)          4887 = C4M2NO32O2 (r)         
 998 = C43NO3CO2H (r)         2943 = T123NNCTO (r)          4888 = NMBOBO2 (r)            
 999 = C4ME3HO12 (r)          2944 = C65NO3PAN (r)          4889 = PRONO3BO2 (r)          
1000 = C5CONO3OOH (r)         2945 = CO35C5CHO (r)          4890 = VINCL (r)              
1001 = C3MNO3CO2H (r)         2946 = DNT123LO (r)           4891 = HO1CO34C5 (r)          
1002 = C4ME3HO23 (r)          2947 = NTM123OLO (r)          4892 = C3ME3CO3 (r)           
1003 = C4M2NO3OOH (r)         2948 = CHCL2OOH (r)           4893 = C716O2 (r)             
1004 = C656OH (r)             2949 = C6H5CH2PAN (r)         4894 = MC4CONO3O2 (r)         
1005 = HEPTOOH (r)            2950 = C64NO3 (r)             4895 = TM124NO2O2 (r)         
1006 = C65NO36OOH (r)         2951 = C6DCARBPAN (r)         4896 = C624O2 (r)             
1007 = C65NO3CO2H (r)         2952 = ECO3PAN (r)            4897 = C625O2 (r)             
1008 = C645OH (r)             2953 = MPRANO3O (r)           4898 = EOX2EOLAO2 (r)         
1009 = HO3C76OOH (r)          2954 = HCOCH2O (r)            4899 = CPENT2ENE (r)          
1010 = CO234C6OOH (r)         2955 = C54OOH (r)             4900 = CH3CHOOB (r)           
1011 = C4ME2OHOOH (r)         2956 = C6PAN20 (r)            4901 = C94O2 (r)              
1012 = BUTDAOOH (r)           2957 = CO3H4PAN (r)           4902 = MALDIALO2 (r)          
1013 = CO3C5CO3H (r)          2958 = C7OHCO2PAN (r)         4903 = CNO3CLO (r)            
1014 = C41NO3 (r)             2959 = C7OHO2CO3H (r)         4904 = ACRO2 (r)              
1015 = C41OOH (r)             2960 = C714OOH (r)            4905 = BUT2OLO (r)            
1016 = BUTDBNO3 (r)           2961 = C64OOH (r)             4906 = C42NO33O2 (r)          
1017 = BUTDBOOH (r)           2962 = C7CO2DBPAN (r)         4907 = HO2CO4C5 (r)           
1018 = BUTDBOH (r)            2963 = EBZMUCPAN (r)          4908 = DETLMUCO2 (r)          
1019 = BUTDCOOH (r)           2964 = C715CO2OOH (r)         4909 = C142O2 (r)             
1020 = NBUTDAOOH (r)          2965 = C7CO2DBAL (r)          4910 = C143O2 (r)             
1021 = NBUTDBOOH (r)          2966 = C7CO3OHO (r)           4911 = IPBZMUCO2 (r)          
1022 = HC4CCO2H (r)           2967 = M3CO245C6 (r)          4912 = IPBZMUCO (r)           
1023 = HMVKAOOH (r)           2968 = ENCATECO (r)           4913 = HEX2ONCO2 (r)          
1024 = ISOPDOH (r)            2969 = C6PAN18 (r)            4914 = C56O2 (r)              
1025 = CO1C6OOH (r)           2970 = ENNCATECO (r)          4915 = C615O2 (r)             
1026 = CO3C5CO2H (r)          2971 = DNEBNZLO (r)           4916 = C727O2 (r)             
1027 = NISOPOOH (r)           2972 = C5PAN1 (r)             4917 = MXYLCO3 (r)            
1028 = C510OOH (r)            2973 = NEBNZOLO (r)           4918 = PBZMUCO2 (r)           
1029 = CO3C75OOH (r)          2974 = C2CL3OHAO (r)          4919 = PBZMUCO (r)            
1030 = CH3CO3H (r)            2975 = PHCOCOCO (r)           4920 = HEX3ONCO2 (r)          
1031 = PERPROACID (r)         2976 = C7DCPAN (r)            4921 = HEX3ONDO2 (r)          
1032 = PERBUACID (r)          2977 = C7DCO (r)              4922 = MC5CO2OHO2 (r)         
1033 = PERIBUACID (r)         2978 = C61CPAN (r)            4923 = C6DIALO2 (r)           
1034 = PRPAL2CO3H (r)         2979 = C2CL3OHBO (r)          4924 = ACETC2CO3 (r)          
1035 = PRPAL2CO2H (r)         2980 = M2PROPAL2O (r)         4925 = ACETC2H4O2 (r)         
1036 = PERPENACID (r)         2981 = C5PAN11 (r)            4926 = C1010O2 (r)            
1037 = CO2C3CO3H (r)          2982 = C5O45OHPAN (r)         4927 = DMEBMUCO2 (r)          
1038 = CO23C54OOH (r)         2983 = C5PAN12 (r)            4928 = C6CO243OH (r)          
1039 = C72OOH (r)             2984 = C8OHCO2PAN (r)         4929 = BUTDCO2 (r)            
1040 = MIPKBOOH (r)           2985 = C8OHO2CO3H (r)         4930 = HC3CCHO (r)            
1041 = HOIPRCO3H (r)          2986 = M3HEXBNO3 (r)          4931 = TM123BCO3 (r)          
1042 = CO2HOC6OOH (r)         2987 = C8CO2DBPAN (r)         4932 = DM123O2 (r)            
1043 = M33C3CO3H (r)          2988 = C2CL2OHOOH (r)         4933 = C6HO1CO3O2 (r)         
1044 = CO23C65OOH (r)         2989 = PBZMUCPAN (r)          4934 = C7ADCCO2 (r)           
1045 = C6CO34OOH (r)          2990 = C62NO335CO (r)         4935 = CHCL2CO3 (r)           
1046 = C3COCCO3H (r)          2991 = C815CO2OOH (r)         4936 = C114O2 (r)             
1047 = PE2ONE1OOH (r)         2992 = C3ME3PAN (r)           4937 = CO1H63O2 (r)           
1048 = C6CO134OOH (r)         2993 = C8CO2DBAL (r)          4938 = TBUACCO3 (r)           
1049 = C5CO23OOH (r)          2994 = C8CO3OHO (r)           4939 = C104O2 (r)             
1050 = MIBKAOOH (r)           2995 = PC3ODBCO2H (r)         4940 = H13CO2C3 (r)           
1051 = MIBK3COOOH (r)         2996 = PNCATECO (r)           4941 = COCCOH2CO2 (r)         
1052 = MTBKOOH (r)            2997 = PNNCATECO (r)          4942 = MVKOHBO2 (r)           
1053 = CO2M33CO3H (r)         2998 = DNPBNZLO (r)           4943 = EIPEO2 (r)             
1054 = CYHXONAOOH (r)         2999 = MVKOHAO (r)            4944 = HPC52O2 (r)            
1055 = VINOH (r)              3000 = MPRBNO3PAN (r)         4945 = HYPERACET (r)          
1056 = HM33C3CO3H (r)         3001 = NPBNZOLO (r)           4946 = NC526O2 (r)            
1057 = CHOC3COOOH (r)         3002 = PHIC3NO3 (r)           4947 = C57NO3 (r)             
1058 = C6CYTONOOH (r)         3003 = CO234C65O (r)          4948 = STYRENE (r)            
1059 = C5TRONCO3H (r)         3004 = IC7DCPAN (r)           4949 = BZEPOXMUC (r)          
1060 = C312COCO3H (r)         3005 = IC7DCO (r)             4950 = PHENOL (r)             
1061 = CHOC2CO3H (r)          3006 = C62CPAN (r)            4951 = MALDALCO2H (r)         
1062 = IBUTOLBO2H (r)         3007 = C6PAN9 (r)             4952 = BZBIPERO2 (r)          
1063 = IBUTOLOHB (r)          3008 = C4MOHOPAN (r)          4953 = NDNPETOLO2 (r)         
1064 = TBUTCO3H (r)           3009 = C8CO2OHPAN (r)         4954 = ECOCO2H (r)            
1065 = C3ME3CO3H (r)          3010 = C8O2OHCO3H (r)         4955 = OXCATEC1O (r)          
1066 = C3M3CHOOOH (r)         3011 = C8DBCO2PAN (r)         4956 = NDNCRESO2 (r)          
1067 = CYHXOLANO3 (r)         3012 = IPBZMUCPAN (r)         4957 = MXY1O (r)              
1068 = CY6DIONOOH (r)         3013 = BOXEOHANO3 (r)         4958 = NDNPBNZLO2 (r)         
1069 = C6145COOOH (r)         3014 = C7MCO2OOH (r)          4959 = PMALANHYO2 (r)         
1070 = C6TONOHOOH (r)         3015 = C7MCO2DBAL (r)         4960 = MEPROPENE (r)          
1071 = CHOC4CO3H (r)          3016 = C7MCO3OHO (r)          4961 = HCOCH2OOH (r)          
1072 = CHOC4OOH (r)           3017 = BOX2OHAOOH (r)         4962 = CLCOCLO2 (r)           
1073 = CHOC4OHOOH (r)         3018 = PRCOOETOH (r)          4963 = NC3CO3 (r)             
1074 = C3DIOLOOH (r)          3019 = IP3ODBCO2H (r)         4964 = ECO3CO3 (r)            
1075 = MBKCOOHOOH (r)         3020 = IPNCATECO (r)          4965 = APINENE (r)            
1076 = C5CO234OOH (r)         3021 = IPNNCATCO (r)          4966 = CO235C6CHO (r)         
1077 = MIBKAOHNO3 (r)         3022 = DNIPBNZLO (r)          4967 = C83O2 (r)              
1078 = CH3OCH2OOH (r)         3023 = HM33C3NO3 (r)          4968 = NDNOETOLO2 (r)         
1079 = DIETETOOH (r)          3024 = C4PAN2 (r)             4969 = HO8C9CO3 (r)           
1080 = MTBEALCO3H (r)         3025 = C41O (r)               4970 = H1C23C4O2 (r)          
1081 = IPRFORMOOH (r)         3026 = NIPBNZOLO (r)          4971 = ME3BUT1ENE (r)         
1082 = METHACET (r)           3027 = NO3CH2PAN (r)          4972 = C4NO3CO3 (r)           
1083 = MTBEBCO3H (r)          3028 = C4PAN5 (r)             4973 = C821O2 (r)             
1084 = IPRMETOOH (r)          3029 = C4PAN7 (r)             4974 = HO5C6CO3 (r)           
1085 = HO1MC5OOH (r)          3030 = C3PAN2 (r)             4975 = BOXPRONAO2 (r)         
1086 = DIIPRETOOH (r)         3031 = C5MEJPAN (r)           4976 = C125O2 (r)             
1087 = ETBEACO3H (r)          3032 = C4DBMEPAN (r)          4977 = NMGLYOX (r)            
1088 = EIPEOOH (r)            3033 = C98NO3 (r)             4978 = INCNCO3 (r)            
1089 = MO2EOLANO3 (r)         3034 = HC3CO3H (r)            4979 = C4CODIAL (r)           
1090 = MO2EOLAOOH (r)         3035 = OETLMUCPAN (r)         4980 = CLETO3 (r)             
1091 = ALCOMOXOOH (r)         3036 = C614O (r)              4981 = H1C23C4CO3 (r)         
1092 = MO2EOLBNO3 (r)         3037 = C6PAN5 (r)             4982 = CONM2CHO (r)           
1093 = MO2EOLBOOH (r)         3038 = CYHXOLAOOH (r)         4983 = MXYOLO (r)             
1094 = CHOOMCO3H (r)          3039 = OTNCATECO (r)          4984 = C5CO3OH (r)            
1095 = C54CO3H (r)            3040 = C4PAN10 (r)            4985 = MXCATEC1O (r)          
1096 = MEMOXYCO3H (r)         3041 = OTNNCATCO (r)          4986 = EBENZOLO (r)           
1097 = HOACETEOOH (r)         3042 = PINALNO3 (r)           4987 = C7CO2DBCO3 (r)         
1098 = EOX2OLBOOH (r)         3043 = BUTDBO (r)             4988 = NDNPXYOLO2 (r)         
1099 = ACETMECO3H (r)         3044 = HO8C9O (r)             4989 = H3M2C4CO3 (r)          
1100 = ETOMECO3H (r)          3045 = DNOETOLO (r)           4990 = COO2C4O2 (r)           
1101 = ETOMEOOH (r)           3046 = C106NO3 (r)            4991 = NDNIPBZLO2 (r)         
1102 = PR2OHMONO3 (r)         3047 = C4PAN3 (r)             4992 = IPMALNHYO2 (r)         
1103 = PRCOOMCO3H (r)         3048 = NOETOLOOH (r)          4993 = PXCATEC1O (r)          
1104 = BOX2OHBOOH (r)         3049 = C5PAN5 (r)             4994 = C43NO3CO3 (r)          
1105 = BOXCOALOOH (r)         3050 = C77O (r)               4995 = C3MNO3CO3 (r)          
1106 = BOXMCO3H (r)           3051 = C10PAN2 (r)            4996 = CO25C6O2 (r)           
1107 = HO24C5NO3 (r)          3052 = C6EO2OHPAN (r)         4997 = MPRBNO3CO3 (r)         
1108 = BOXMOOH (r)            3053 = H13M3C5O (r)           4998 = C65NO36CO3 (r)         
1109 = HO2C54CO3H (r)         3054 = C5DBEPAN (r)           4999 = OTCATEC1O (r)          
1110 = MECOFOROOH (r)         3055 = C5DBECO3H (r)          5000 = C115O2 (r)             
1111 = BOXPOLAOOH (r)         3056 = BUTDCO (r)             5001 = C626O2 (r)             
1112 = BOXPOLBNO3 (r)         3057 = METLMUCPAN (r)         5002 = NDNOXYOLO2 (r)         
1113 = BOXPOLBOOH (r)         3058 = PRCOOMPAN (r)          5003 = HO4C5CO3 (r)           
1114 = BOXCOEOL (r)           3059 = MTNCATECO (r)          5004 = M3C4CO3 (r)            
1115 = HO2C54OOH (r)          3060 = C4PAN8 (r)             5005 = INB1HPCO3 (r)          
1116 = BOXCOOLOOH (r)         3061 = MTNNCATCO (r)          5006 = C95O2 (r)              
1117 = BOXPROOOH (r)          3062 = DNMETOLO (r)           5007 = HEX1ENE (r)            
1118 = M2HEXAOOH (r)          3063 = PEBO (r)               5008 = CH2OOB (r)             
1119 = H2M5C65OOH (r)         3064 = NMETOLO (r)            5009 = MPAN (r)               
1120 = HO3C4CO3H (r)          3065 = HEXCO (r)              5010 = CH3S (r)               
1121 = H25M2C6 (r)            3066 = C7MJPPAN (r)           5011 = NOXYFUO2 (r)           
1122 = NPRACBOOH (r)          3067 = C7MJPCO3H (r)          5012 = C23C54CO3 (r)          
1123 = ACCOMECO3H (r)         3068 = C7PAN1 (r)             5013 = NDNEBNZLO2 (r)         
1124 = NPRACCOOH (r)          3069 = C5EDBPAN (r)           5014 = EMALANHYO2 (r)         
1125 = ACETC2CO3H (r)         3070 = HNBIACET (r)           5015 = C5CO2DBCO3 (r)         
1126 = IPRACOOH (r)           3071 = CHOCOMOXO (r)          5016 = C5DIALO2 (r)           
1127 = IPRACBCO3H (r)         3072 = PETLMUCPAN (r)         5017 = ACETMECO3 (r)          
1128 = ACEETOHOOH (r)         3073 = PTNCATECO (r)          5018 = TPENT2ENE (r)          
1129 = HM33C3OOH (r)          3074 = PTNNCATCO (r)          5019 = PE2ENEAO2 (r)          
1130 = ACCOCOEOOH (r)         3075 = DNPETOLO (r)           5020 = NC4CO3 (r)             
1131 = SBUACAOOH (r)          3076 = C4PAN9 (r)             5021 = CHOC4CO3 (r)           
1132 = C75OOH (r)             3077 = NC3CO3H (r)            5022 = ECATEC1O (r)           
1133 = TBUACCO3H (r)          3078 = NPETOLO (r)            5023 = C6TRONOHO2 (r)         
1134 = H3M2C4CO3H (r)         3079 = C6TRONOHO (r)          5024 = MTCATEC1O (r)          
1135 = CCL3OOH (r)            3080 = H3C2C4PAN (r)          5025 = IPROACETO2 (r)         
1136 = HOC3H6CO3H (r)         3081 = NO3CH2CO2H (r)         5026 = TM124O (r)             
1137 = CCL3CO3H (r)           3082 = HO2C5NO3 (r)           5027 = C627O2 (r)             
1138 = HO2NO2 (r)             3083 = C7DDCO (r)             5028 = CHOOCH2O2 (r)          
1139 = TCEOHOOH (r)           3084 = C23O3ECPAN (r)         5029 = CHOOMCO3 (r)           
1140 = CH3OH (r)              3085 = C23O3ECOOH (r)         5030 = CCLOHCO3 (r)           
1141 = C2CL3OHOOH (r)         3086 = CO356OCO (r)           5031 = OET1O (r)              
1142 = C2CL32OH (r)           3087 = H3C25C6PAN (r)         5032 = CATEC1O (r)            
1143 = C2CL3HOOOH (r)         3088 = DMEBMUPAN (r)          5033 = HO6C7CO3 (r)           
1144 = MVKOHANO3 (r)          3089 = NDMEPHOLO (r)          5034 = CH3SO2 (r)             
1145 = MVKOHAOOH (r)          3090 = BOX2EOHBO (r)          5035 = C1013CO3 (r)           
1146 = APINBOH (r)            3091 = C5PAN9 (r)             5036 = TMB1FUONE (r)          
1147 = PERPINONIC (r)         3092 = C613OOH (r)            5037 = NDNPHENO2 (r)          
1148 = C97OOH (r)             3093 = CHOC4PAN (r)           5038 = IPBENZO (r)            
1149 = C98OOH (r)             3094 = C1210PAN (r)           5039 = C726CO5O2 (r)          
1150 = C614OOH (r)            3095 = HO2C5OOH (r)           5040 = ACCOMECO3 (r)          
1151 = PINALOOH (r)           3096 = C7CODBPAN (r)          5041 = C3DBCO3 (r)            
1152 = C106OOH (r)            3097 = GLYOOB (r)             5042 = PTCATEC1O (r)          
1153 = CO2C54CO3H (r)         3098 = DETLMUPAN (r)          5043 = NC4MDCO2H (r)          
1154 = C77OOH (r)             3099 = C3EDIALOOH (r)         5044 = PET1O (r)              
1155 = H3C2C4CO3H (r)         3100 = MNCATECO (r)           5045 = C6DCRBBOH (r)          
1156 = H3C2C4CO2H (r)         3101 = EPXEKTPAN (r)          5046 = C1012O2 (r)            
1157 = H3C25CCO3H (r)         3102 = NDEMPHOLO (r)          5047 = ME2BU2OLO2 (r)         
1158 = H3C25CCO2H (r)         3103 = STYRENO (r)            5048 = CO3C54CO3 (r)          
1159 = C85CO3H (r)            3104 = H1MC5NO3 (r)           5049 = MC4CODBCO2 (r)         
1160 = C235C6CO3H (r)         3105 = BPINAO (r)             5050 = C141OO (r)             
1161 = NC101OOH (r)           3106 = C57O (r)               5051 = M22C3CO3 (r)           
1162 = NC71OOH (r)            3107 = C615O (r)              5052 = HM22C3CO3 (r)          
1163 = NC72OOH (r)            3108 = C7PAN3 (r)             5053 = HM22CHO (r)            
1164 = APINCOOH (r)           3109 = HC4CCO3H (r)           5054 = PRNO3CO3 (r)           
1165 = C720OOH (r)            3110 = C6PAN19 (r)            5055 = C61CO3 (r)             
1166 = C719NO3 (r)            3111 = C87PAN (r)             5056 = IPCATEC1O (r)          
1167 = C719OOH (r)            3112 = BOXCOCHOO (r)          5057 = C515O2 (r)             
1168 = HOC2H4CO3H (r)         3113 = C615PAN (r)            5058 = INANCO3 (r)            
1169 = C107OOH (r)            3114 = CO1M22PAN (r)          5059 = NDNMXYOLO2 (r)         
1170 = C108OOH (r)            3115 = C915O (r)              5060 = C515CO3 (r)            
1171 = C717OOH (r)            3116 = C916NO3 (r)            5061 = C620O2 (r)             
1172 = HC23C4CO3H (r)         3117 = C6PAN10 (r)            5062 = OXY1O (r)              
1173 = H1C23C4OOH (r)         3118 = HO3C6NO3 (r)           5063 = PXYBIPERO2 (r)         
1174 = C920CO3H (r)           3119 = C88PAN (r)             5064 = IBUTOLCO2 (r)          
1175 = HOPINONIC (r)          3120 = C718PAN (r)            5065 = C88CO3 (r)             
1176 = C920OOH (r)            3121 = C522PAN (r)            5066 = HOIBUTCO3 (r)          
1177 = C921OOH (r)            3122 = M23C4O (r)             5067 = HO7C8CO3 (r)           
1178 = C621OOH (r)            3123 = C617PAN (r)            5068 = C828CO3 (r)            
1179 = DMMAOOH (r)            3124 = NOPINCNO3 (r)          5069 = TMB2FUO2 (r)           
1180 = MMFOOH (r)             3125 = C917NO3 (r)            5070 = C718CO3 (r)            
1181 = DMMBOOH (r)            3126 = C51O (r)               5071 = PBENZO (r)             
1182 = HOBUT2CO3H (r)         3127 = BOXMPAN (r)            5072 = PXY1O (r)              
1183 = ETOC2OOH (r)           3128 = HOC4CHOOOH (r)         5073 = HM2C43CO3 (r)          
1184 = IPROMC2OOH (r)         3129 = C4PAN6 (r)             5074 = MIPKBOH (r)            
1185 = IPROC21OOH (r)         3130 = C512PAN (r)            5075 = C615CO2O2 (r)          
1186 = IPROMCCO3H (r)         3131 = BPINBO (r)             5076 = NTMB2FUO2 (r)          
1187 = ETBECOOH (r)           3132 = C918PAN (r)            5077 = MC6OTKETO2 (r)         
1188 = ETBECCO3H (r)          3133 = BPINCNO3 (r)           5078 = PCATEC1O (r)           
1189 = H2C3OCOOH (r)          3134 = C58O (r)               5079 = OXYFUO2 (r)            
1190 = BZBIPEROOH (r)         3135 = NBPINAO (r)            5080 = C105O2 (r)             
1191 = EIPKBOOH (r)           3136 = NBPINBO (r)            5081 = HC3CO3 (r)             
1192 = MALDALCO3H (r)         3137 = NC91PAN (r)            5082 = COO2C4CO3 (r)          
1193 = M2HEXBOOH (r)          3138 = CO3C4NO3 (r)           5083 = COO2C3CO3 (r)          
1194 = MALANHYOOH (r)         3139 = C89NO3 (r)             5084 = C617O2 (r)             
1195 = MALNHYOHCO (r)         3140 = C810NO3 (r)            5085 = C828O2 (r)             
1196 = BZEMUCOOH (r)          3141 = C113O (r)              5086 = C721CO3 (r)            
1197 = BZEMUCCO3H (r)         3142 = C4OHPAN (r)            5087 = C722O2 (r)             
1198 = BZEMUCCO2H (r)         3143 = H2M3C4O (r)            5088 = TM123O (r)             
1199 = EPXDLCO3H (r)          3144 = HC4ACO3H (r)           5089 = TOL1O (r)              
1200 = EPXDLCO2H (r)          3145 = NC4H9O (r)             5090 = NDNMETOLO2 (r)         
1201 = H2M2C65OOH (r)         3146 = ISOPDO (r)             5091 = MET1O (r)              
1202 = BZFUCO (r)             3147 = HO1C6NO3 (r)           5092 = EBENZO (r)             
1203 = NPHEN1OOH (r)          3148 = C6PAN22 (r)            5093 = CRESO (r)              
1204 = CATEC1OOH (r)          3149 = C6PAN11 (r)            5094 = C5CO14OH (r)           
1205 = NCATECOOH (r)          3150 = C918NO3 (r)            5095 = MCATEC1O (r)           
1206 = NNCATECOOH (r)         3151 = C919NO3 (r)            5096 = C62CO3 (r)             
1207 = DNPHENOOH (r)          3152 = C68NO3 (r)             5097 = C5MEJCO3 (r)           
1208 = NDNPHENOOH (r)         3153 = C68O (r)               5098 = HOC3H6CHO (r)          
1209 = PHENOOH (r)            3154 = C123O (r)              5099 = C819O2 (r)             
1210 = C6H5CH2OOH (r)         3155 = NC6PAN1 (r)            5100 = C8OHCO2CO3 (r)         
1211 = TLBIPEROOH (r)         3156 = C515O (r)              5101 = ETHFORMO2 (r)          
1212 = C5CO14OOH (r)          3157 = C515PAN (r)            5102 = C89O2 (r)              
1213 = MMALNHYOOH (r)         3158 = C6PAN4 (r)             5103 = TBUTCHO (r)            
1214 = TLEMUCOOH (r)          3159 = APINCNO3 (r)           5104 = IEACO3 (r)             
1215 = TLEMUCCO3H (r)         3160 = C811PAN (r)            5105 = C5COCHOO2 (r)          
1216 = TLEMUCCO2H (r)         3161 = C82O (r)               5106 = C65O2 (r)              
1217 = CO3C54CO3H (r)         3162 = C3PAN1 (r)             5107 = C55O2 (r)              
1218 = TLFUOOH (r)            3163 = C6PAN3 (r)             5108 = C511O2 (r)             
1219 = MCATEC1OOH (r)         3164 = C79OOH (r)             5109 = BCSOZO2 (r)            
1220 = NCRES1OOH (r)          3165 = C4OH2CPAN (r)          5110 = EPXM2C4DAL (r)         
1221 = MNCATECOOH (r)         3166 = NC4OHCPAN (r)          5111 = H3M3C4CHO (r)          
1222 = MNNCATCOOH (r)         3167 = CLETPAN (r)            5112 = C4OH2CO3 (r)           
1223 = DNCRESOOH (r)          3168 = BRETPAN (r)            5113 = MBOBO2 (r)             
1224 = NDNCRESOOH (r)         3169 = CH3CHCLOOH (r)         5114 = EPXMEDLCO3 (r)         
1225 = CRESOOH (r)            3170 = CLCOCH2O (r)           5115 = CHOMOHCO3 (r)          
1226 = MXYLOOH (r)            3171 = MECOFORMO (r)          5116 = C5MCO2OHO2 (r)         
1227 = MXYLCO3H (r)           3172 = C2H6 (r)               5117 = C4DBM2CO3 (r)          
1228 = MXYBPEROOH (r)         3173 = C108NO3 (r)            5118 = C5134CO2OH (r)         
1229 = C5CODBCO3H (r)         3174 = C5PAN2 (r)             5119 = MCOCOMOXO2 (r)         
1230 = MXYMUCOOH (r)          3175 = CHCL2PAN (r)           5120 = ACLOO (r)              
1231 = MXYMUCCO3H (r)         3176 = ALC4DOLOOH (r)         5121 = BCLKCO2 (r)            
1232 = MXYMUCCO2H (r)         3177 = C83O (r)               5122 = MOCOCH2O2 (r)          
1233 = EPXMDLCO3H (r)         3178 = C5PAN13 (r)            5123 = NC41OO (r)             
1234 = EPXMDLCO2H (r)         3179 = CL12PAN (r)            5124 = C109O2 (r)             
1235 = MXYQOOH (r)            3180 = CO1H63NO3 (r)          5125 = C51NO32O2 (r)          
1236 = MXY1OOH (r)            3181 = M2HEXBNO3 (r)          5126 = ME3BUOLO2 (r)          
1237 = MXNCATCOOH (r)         3182 = C5PAN14 (r)            5127 = NMBOAO2 (r)            
1238 = MXNNCATOOH (r)         3183 = CLCOCLMEO (r)          5128 = HNMVKO2 (r)            
1239 = MXCTEC1OOH (r)         3184 = C109OOH (r)            5129 = C43NO34O2 (r)          
1240 = NMXYOL1OOH (r)         3185 = C3DIOLO (r)            5130 = C72O2 (r)              
1241 = DNMXYOLOOH (r)         3186 = OCCOHCOOH (r)          5131 = GLYOOA (r)             
1242 = NDNMXYLOOH (r)         3187 = A2PAN (r)              5132 = C6OH5O2 (r)            
1243 = MXYOLOOH (r)           3188 = CHOCOHCO (r)           5133 = TM135MUCO2 (r)         
1244 = MXOHNO2OOH (r)         3189 = C510O (r)              5134 = EPXMALKT (r)           
1245 = MXYFUOOH (r)           3190 = C5PAN18 (r)            5135 = HO12CO3C4 (r)          
1246 = TC4H9OOH (r)           3191 = C3DBPAN (r)            5136 = CO25C73O2 (r)          
1247 = M3HEXAOOH (r)          3192 = C3DBCO3H (r)           5137 = EOX2EOLBO2 (r)         
1248 = C23O3MCO3H (r)         3193 = C621O (r)              5138 = H2M2C65O2 (r)          
1249 = C23C54CO3H (r)         3194 = COCCOHCOOH (r)         5139 = HEX2ONAO2 (r)          
1250 = NBZFUOOH (r)           3195 = C4OCCOHCOH (r)         5140 = C924O2 (r)             
1251 = H2M4C65OOH (r)         3196 = C4OCCOHCO (r)          5141 = C133O2 (r)             
1252 = PXYLOOH (r)            3197 = NC4CO3H (r)            5142 = C916O2 (r)             
1253 = PXYLCO3H (r)           3198 = C4CONO3O (r)           5143 = C134O2 (r)             
1254 = TL4ONO2OOH (r)         3199 = H1C23C4O (r)           5144 = MTBEAALCO3 (r)         
1255 = PXYBPEROOH (r)         3200 = CLOHPAN (r)            5145 = M3HEXAO2 (r)           
1256 = PXYMUCOOH (r)          3201 = H1C23C4PAN (r)         5146 = HEX3ONAO2 (r)          
1257 = PXYMUCCO3H (r)         3202 = MNNCATECO (r)          5147 = HO13C5O2 (r)           
1258 = PXYMUCCO2H (r)         3203 = M3PEBO (r)             5148 = C6NO3CO5O2 (r)         
1259 = PXYQOOH (r)            3204 = CCLCONO3 (r)           5149 = MBOAO2 (r)             
1260 = PXY1OOH (r)            3205 = C920PAN (r)            5150 = CO25C74O2 (r)          
1261 = PXNCATCOOH (r)         3206 = IEAPAN (r)             5151 = BU1ENO3O2 (r)          
1262 = PXNNCATOOH (r)         3207 = IECPAN (r)             5152 = MVKOHAO2 (r)           
1263 = PCATEC1OOH (r)         3208 = INANPAN (r)            5153 = C64O2 (r)              
1264 = NPXYOL1OOH (r)         3209 = MVKOOH (r)             5154 = MIBKBO2 (r)            
1265 = DNPXYOLOOH (r)         3210 = INANCOPAN (r)          5155 = NC524O2 (r)            
1266 = NDNPXYLOOH (r)         3211 = INANCOCO2H (r)         5156 = HIEB1O2 (r)            
1267 = PXYOLOOH (r)           3212 = INANCOCO3H (r)         5157 = PE1ENEAO2 (r)          
1268 = PXYFUOOH (r)           3213 = INB2OOH (r)            5158 = C66NO35O2 (r)          
1269 = C23O3CCO3H (r)         3214 = MIBKCOOHO (r)          5159 = CL12CO3 (r)            
1270 = OXYLOOH (r)            3215 = DMMAO (r)              5160 = THEX2ENE (r)           
1271 = OXYLCO3H (r)           3216 = MACRNPAN (r)           5161 = ME2BUT1ENE (r)         
1272 = M2PEDOOH (r)           3217 = C57NO3PAN (r)          5162 = CHEX2ENE (r)           
1273 = OXYBPEROOH (r)         3218 = CHOOMPAN (r)           5163 = C65OH4O2 (r)           
1274 = OXYMUCOOH (r)          3219 = PHAN (r)               5164 = C64OH5O2 (r)           
1275 = OXYMUCCO3H (r)         3220 = INCNPAN (r)            5165 = BPINENE (r)            
1276 = OXYMUCCO2H (r)         3221 = MACRNBCO2H (r)         5166 = LIMONENE (r)           
1277 = C710OOH (r)            3222 = IPECNO3 (r)            5167 = ISOPBNO3 (r)           
1278 = EPXM2DLPAN (r)         3223 = H2MC5NO3 (r)           5168 = C537O2 (r)             
1279 = C5DBCOCO3H (r)         3224 = C5CO234O (r)           5169 = EBZMUCCO3 (r)          
1280 = H3M3C4CO3H (r)         3225 = INDHPPAN (r)           5170 = H2M2C4CO3 (r)          
1281 = OXNCATCOOH (r)         3226 = INDHPAN (r)            5171 = C617CO3 (r)            
1282 = OXNNCATOOH (r)         3227 = DNCRESO (r)            5172 = C7BDCO2 (r)            
1283 = OCATEC1OOH (r)         3228 = C58NO3PAN (r)          5173 = TLFUONOO (r)           
1284 = NOXYOL1OOH (r)         3229 = C58NO3CO3H (r)         5174 = C6H5CO3 (r)            
1285 = DNOXYOLOOH (r)         3230 = INB1NAPAN (r)          5175 = C8DBCO2CO3 (r)         
1286 = NDNOXYLOOH (r)         3231 = INB1NBPAN (r)          5176 = C33CO (r)              
1287 = OXYOLOOH (r)           3232 = DMMBO (r)              5177 = PHENO (r)              
1288 = OXYFUOOH (r)           3233 = LIMCO (r)              5178 = PBENZOLO (r)           
1289 = C6O4KETOOH (r)         3234 = BOXPROLBO (r)          5179 = C8CO2DBCO3 (r)         
1290 = TMBOOH (r)             3235 = LIMALO (r)             5180 = C520O2 (r)             
1291 = TMBCO3H (r)            3236 = C923PAN (r)            5181 = EPXMDLCO3 (r)          
1292 = TM135BPOOH (r)         3237 = NEOPNO3 (r)            5182 = C820O2 (r)             
1293 = TM135MUOOH (r)         3238 = PAN (r)                5183 = C732CO3 (r)            
1294 = TM135MUO3H (r)         3239 = MMCFO (r)              5184 = CO2M3C4CO3 (r)         
1295 = TM135MUO2H (r)         3240 = DFC (r)                5185 = ME2BUT2ENE (r)         
1296 = EPXMKTCO3H (r)         3241 = H2MC5OOH (r)           5186 = CH3CCH3OO (r)          
1297 = EPXMKTCO2H (r)         3242 = PPN (r)                5187 = BZEMUCCO3 (r)          
1298 = TM135OLOOH (r)         3243 = C816PAN (r)            5188 = DETLMUCO3 (r)          
1299 = TM124BOOH (r)          3244 = PBN (r)                5189 = C823CO3 (r)            
1300 = TM124BCO3H (r)         3245 = C817PAN (r)            5190 = NOXYOL1O (r)           
1301 = C54NO3 (r)             3246 = ETOC2NO3 (r)           5191 = C7M15CO2O2 (r)         
1302 = TM124NOOH (r)          3247 = HO1CO3C5 (r)           5192 = HO3C5CO3 (r)           
1303 = TM124BPOOH (r)         3248 = HO3C6OOH (r)           5193 = C815CO2O2 (r)          
1304 = TMB1FUOOH (r)          3249 = IPROMC2NO3 (r)         5194 = CO14O3CHO (r)          
1305 = HO1C5OOH (r)           3250 = C727PAN (r)            5195 = T124CAT1O (r)          
1306 = TM124QOOH (r)          3251 = IPROC21O (r)           5196 = CO25C6CO3 (r)          
1307 = HO2C5OH (r)            3252 = C622PAN (r)            5197 = NAOO (r)               
1308 = TM124MUOOH (r)         3253 = BOXCOEOLO (r)          5198 = HMVKBCO3 (r)           
1309 = TM124OOH (r)           3254 = C728O (r)              5199 = C6H5O2 (r)             
1310 = T124NCTOOH (r)         3255 = PIPN (r)               5200 = BUTALAO2 (r)           
1311 = T124NNCOOH (r)         3256 = C517PAN (r)            5201 = IPRFORMO2 (r)          
1312 = T124CT1OOH (r)         3257 = M2BKAO (r)             5202 = IPRACBO2 (r)           
1313 = NT124L1OOH (r)         3258 = C518PAN (r)            5203 = C715CO2O2 (r)          
1314 = DNT124LOOH (r)         3259 = C623O (r)              5204 = NDNT124LO2 (r)         
1315 = NDNT124OOH (r)         3260 = IPROMCPAN (r)          5205 = NMXYOL1O (r)           
1316 = TM124OLOOH (r)         3261 = HMVKBPAN (r)           5206 = NPETOL1O (r)           
1317 = TM123BOOH (r)          3262 = C821O (r)              5207 = IPRACBCO3 (r)          
1318 = TM123BCO3H (r)         3263 = IBUDIALPAN (r)         5208 = C1211CO3 (r)           
1319 = TM123BPOOH (r)         3264 = ETBECNO3 (r)           5209 = EPXEKTCO3 (r)          
1320 = C7ADCCO3H (r)          3265 = C4NO3PAN (r)           5210 = PROPALO2 (r)           
1321 = C7ADCOOH (r)           3266 = ETBECPAN (r)           5211 = PETLMUCCO3 (r)         
1322 = H2M2C4CO3H (r)         3267 = MEMOXYPAN (r)          5212 = PXYMUCCO3 (r)          
1323 = DMMALYOOH (r)          3268 = C822PAN (r)            5213 = C512CO3 (r)            
1324 = NDMMALYOOH (r)         3269 = IBUTALO2H (r)          5214 = IC4CHOAO2 (r)          
1325 = TMB2FUOOH (r)          3270 = C823PAN (r)            5215 = EPXMKTCO3 (r)          
1326 = MC6OTKTOOH (r)         3271 = PPEN (r)               5216 = BCKAOO (r)             
1327 = TM123MUOOH (r)         3272 = C7PAN2 (r)             5217 = BCKBOO (r)             
1328 = EPXKTMCO3H (r)         3273 = C5PAN8 (r)             5218 = DMEBMUCO3 (r)          
1329 = EPXKTMCO2H (r)         3274 = C610O (r)              5219 = C1014O2 (r)            
1330 = TM123OOH (r)           3275 = C125O (r)              5220 = NBUTOLAO2 (r)          
1331 = T123NCTOOH (r)         3276 = C824O (r)              5221 = C3COCCO3 (r)           
1332 = T123NNCOOH (r)         3277 = C729PAN (r)            5222 = C4CHOAO2 (r)           
1333 = T123CT1OOH (r)         3278 = MEKAO (r)              5223 = ME2BUOLO2 (r)          
1334 = NT123L1OOH (r)         3279 = C826O (r)              5224 = C137CO3 (r)            
1335 = DNT123LOOH (r)         3280 = C72O (r)               5225 = NPXYOL1O (r)           
1336 = NDNT123OOH (r)         3281 = C624PAN (r)            5226 = C5CO34CO3 (r)          
1337 = TM123OLOOH (r)         3282 = HOCO3C4OOH (r)         5227 = C46CO3 (r)             
1338 = C6H5C2OOH (r)          3283 = C730O (r)              5228 = C3MCODBCO3 (r)         
1339 = C6H5C2CO3H (r)         3284 = C5124COPAN (r)         5229 = C6DIALOH (r)           
1340 = EBZBPEROOH (r)         3285 = C93O (r)               5230 = HOBUT2CO3 (r)          
1341 = HO2M2C4OH (r)          3286 = C626PAN (r)            5231 = INAHCO3 (r)            
1342 = C6DCRBBOOH (r)         3287 = CO2C3PAN (r)           5232 = INAHPCO3 (r)           
1343 = EBFUCO (r)             3288 = HO7C8O (r)             5233 = TLEMUCCO3 (r)          
1344 = NEBFUOOH (r)           3289 = MEKBOOH (r)            5234 = C87CO3 (r)             
1345 = C67OOH (r)             3290 = C519PAN (r)            5235 = EPXALMKT (r)           
1346 = EBZMUCOOH (r)          3291 = MEKCOOH (r)            5236 = OETLMUCCO3 (r)         
1347 = EBZMUCCO3H (r)         3292 = C511PAN (r)            5237 = C61O2 (r)              
1348 = EBZMUCCO2H (r)         3293 = C627PAN (r)            5238 = CH3SOO2 (r)            
1349 = C7CO3OHOOH (r)         3294 = MPRKAOOH (r)           5239 = BUT2CO3 (r)            
1350 = EBENZOOH (r)           3295 = CO23C54O (r)           5240 = NC2OO (r)              
1351 = ECATEC1OOH (r)         3296 = PHPTN (r)              5241 = NOETOL1O (r)           
1352 = NEBNZ1OOH (r)          3297 = DIETETNO3 (r)          5242 = CH3SO2O2 (r)           
1353 = ENCATECOOH (r)         3298 = NEOPOOH (r)            5243 = H2M3C4CO3 (r)          
1354 = ENNCATCOOH (r)         3299 = C731PAN (r)            5244 = HM33C3O2 (r)           
1355 = DNEBNZLOOH (r)         3300 = C732PAN (r)            5245 = C6OTKETO2 (r)          
1356 = NDNEBZLOOH (r)         3301 = PHXN (r)               5246 = H3C25C6CO3 (r)         
1357 = HO13C4NO3 (r)          3302 = HOCO4C5OOH (r)         5247 = T123CAT1O (r)          
1358 = EMALNHYOOH (r)         3303 = C733O (r)              5248 = NDNT123LO2 (r)         
1359 = EBENZOLOOH (r)         3304 = DIEKAOOH (r)           5249 = CH3COCO2H (r)          
1360 = HO2C4CO3H (r)          3305 = IPEAO (r)              5250 = C5CODBCO2H (r)         
1361 = PHC3OOH (r)            3306 = ETHFORMNO3 (r)         5251 = NMETOL1O (r)           
1362 = PHCOCOCOOH (r)         3307 = C312COPAN (r)          5252 = C52NO33O2 (r)          
1363 = PBZBPEROOH (r)         3308 = M2BUOL2O (r)           5253 = CO23C5 (r)             
1364 = C7DCCO3H (r)           3309 = ETHFORMOOH (r)         5254 = BZEMUCO2 (r)           
1365 = C7DCOOH (r)            3310 = MALDIALPAN (r)         5255 = EPXC4DIAL (r)          
1366 = PBFUCO (r)             3311 = NLIMALO (r)            5256 = PETLMUCO2 (r)          
1367 = H2M2C3CO3H (r)         3312 = NC728O (r)             5257 = M2PEAO2 (r)            
1368 = NPBFUOOH (r)           3313 = C95O (r)               5258 = ETBEACO3 (r)           
1369 = PBZMUCOOH (r)          3314 = NC623O (r)             5259 = ETHACETO2 (r)          
1370 = PBZMUCCO3H (r)         3315 = HCOCOHPAN (r)          5260 = EOCOCH2O2 (r)          
1371 = PBZMUCCO2H (r)         3316 = NC826O (r)             5261 = ACETETCHO (r)          
1372 = C83COOHOOH (r)         3317 = NC730O (r)             5262 = C123O2 (r)             
1373 = PGLYOXOH (r)           3318 = CYHXONAO (r)           5263 = C6H13CHO (r)           
1374 = PBENZOOH (r)           3319 = C1H4C5PAN (r)          5264 = C7EDCO2 (r)            
1375 = PRCATC1OOH (r)         3320 = C1H4C5CO3H (r)         5265 = C145O2 (r)             
1376 = NPBNZ1OOH (r)          3321 = MIPKBO (r)             5266 = HO1CO3C4O2 (r)         
1377 = PNCATECOOH (r)         3322 = MSIA (r)               5267 = C113O2 (r)             
1378 = PNNCATCOOH (r)         3323 = C5PAN16 (r)            5268 = C63O2 (r)              
1379 = DNPBNZLOOH (r)         3324 = BCCO (r)               5269 = CO3C4NO3O2 (r)         
1380 = NDNPBZLOOH (r)         3325 = BCALO (r)              5270 = C4OCCOHCO2 (r)         
1381 = HO2C4OH (r)            3326 = C141PAN (r)            5271 = OETLMUCO2 (r)          
1382 = PMALNHYOOH (r)         3327 = C3DIALOOH (r)          5272 = C32OH13CO (r)          
1383 = PBENZOLOOH (r)         3328 = C4PAN4 (r)             5273 = CNO3CLO2 (r)           
1384 = PHIC3OOH (r)           3329 = BZEMUCPAN (r)          5274 = OXYMUCO2 (r)           
1385 = IPBZBPROOH (r)         3330 = EOX2EOLAO (r)          5275 = C69O2 (r)              
1386 = IC7DCCO3H (r)          3331 = C5DIALOOH (r)          5276 = METLMUCO2 (r)          
1387 = IC7DCOOH (r)           3332 = C5PAN7 (r)             5277 = MTBEBCO3 (r)           
1388 = M3HEXBOOH (r)          3333 = C927NO3 (r)            5278 = METHACETO2 (r)         
1389 = IPBFUCO (r)            3334 = C41CO3H (r)            5279 = MOXYCOCHO (r)          
1390 = C67CO3H (r)            3335 = C52NO3 (r)             5280 = PXYMUCO2 (r)           
1391 = NIPBFUOOH (r)          3336 = EPXDLPAN (r)           5281 = CH2OHCCLO2 (r)         
1392 = IPRBQOOH (r)           3337 = C6PAN12 (r)            5282 = CCLOHCHO (r)           
1393 = H3M3C6OOH (r)          3338 = C46PAN (r)             5283 = CHOCL (r)              
1394 = IPBZMUCOOH (r)         3339 = C928PAN (r)            5284 = C3COCCHO (r)           
1395 = IPBZMUCO3H (r)         3340 = HO1MC5NO3 (r)          5285 = C103O2 (r)             
1396 = IPBZMUCO2H (r)         3341 = C929CO (r)             5286 = DMKOHO2 (r)            
1397 = C7MO3OHOOH (r)         3342 = C827PAN (r)            5287 = C4M3NO31O2 (r)         
1398 = IPGLYOXOH (r)          3343 = C828PAN (r)            5288 = MIBKHO4O2 (r)          
1399 = IPBENZOOH (r)          3344 = C66OOH (r)             5289 = C930O2 (r)             
1400 = IPCATC1OOH (r)         3345 = C828O (r)              5290 = C98O2 (r)              
1401 = NIPBNZ1OOH (r)         3346 = C66CO (r)              5291 = C610O2 (r)             
1402 = IPNCATCOOH (r)         3347 = C63O (r)               5292 = MXYMUCO2 (r)           
1403 = IPNNCATOOH (r)         3348 = C131PAN (r)            5293 = EPXMC4DIAL (r)         
1404 = DNIPBZLOOH (r)         3349 = CHEXO (r)              5294 = C93O2 (r)              
1405 = NDNIPBLOOH (r)         3350 = METACETNO3 (r)         5295 = BUTALO2 (r)            
1406 = IPMLNHYOOH (r)         3351 = CO24C6OOH (r)          5296 = C535O2 (r)             
1407 = IPBZOLOOH (r)          3352 = METACETO2H (r)         5297 = H2M5C65O2 (r)          
1408 = ETOLOOH (r)            3353 = C829NO3 (r)            5298 = C63NO32O2 (r)          
1409 = OETLBPROOH (r)         3354 = C134O (r)              5299 = C6CONO34O2 (r)         
1410 = OETLMUCOOH (r)         3355 = HEX2ONCOOH (r)         5300 = C57AO2 (r)             
1411 = OETLMUCO3H (r)         3356 = C134CO (r)             5301 = C82O2 (r)              
1412 = OETLMUCO2H (r)         3357 = C135O (r)              5302 = C42O2 (r)              
1413 = EPXMEDLPAN (r)         3358 = HO6C7O (r)             5303 = C144O2 (r)             
1414 = EPXMEDCO3H (r)         3359 = C126PAN (r)            5304 = EPXM2DLCO3 (r)         
1415 = EPXMEDCO2H (r)         3360 = M3PECNO3 (r)           5305 = C146O2 (r)             
1416 = OET1OOH (r)            3361 = NCATECO (r)            5306 = BCALAO2 (r)            
1417 = OTNCATCOOH (r)         3362 = C52OOH (r)             5307 = BCALBO2 (r)            
1418 = OTNNCATOOH (r)         3363 = C128NO3 (r)            5308 = C127O2 (r)             
1419 = OTCTEC1OOH (r)         3364 = NNCATECO (r)           5309 = IC4H9O2 (r)            
1420 = NOETOL1OOH (r)         3365 = C136PAN (r)            5310 = C116CO3 (r)            
1421 = DNOETOLOOH (r)         3366 = C137PAN (r)            5311 = OXYOLO (r)             
1422 = NDNOETLOOH (r)         3367 = DNPHENO (r)            5312 = INB1NACO3 (r)          
1423 = OETOLOOH (r)           3368 = C1310NO3 (r)           5313 = IBUTALCO2 (r)          
1424 = METLBPROOH (r)         3369 = C1310CO (r)            5314 = BCBOCOO (r)            
1425 = HO2C3CO3H (r)          3370 = HO13C5O (r)            5315 = C5H11CO3 (r)           
1426 = HCOCH2CO3H (r)         3371 = C6CO3OHOOH (r)         5316 = BCLKBO2 (r)            
1427 = METLQOOH (r)           3372 = NPHENO (r)             5317 = ETOC2O2 (r)            
1428 = METLMUCOOH (r)         3373 = NPHENOOH (r)           5318 = EOX2MECO3 (r)          
1429 = H13M3C5NO3 (r)         3374 = C1312NO3 (r)           5319 = CH2OOF (r)             
1430 = METLMUCO3H (r)         3375 = HM33C4NO3 (r)          5320 = CO356OCO2 (r)          
1431 = METLMUCO2H (r)         3376 = C1312CO (r)            5321 = C117O2 (r)             
1432 = MET1OOH (r)            3377 = C1010NO3 (r)           5322 = C312COCO3 (r)          
1433 = H3M3C5CO3H (r)         3378 = HEX3ONBOOH (r)         5323 = C23O3MO2 (r)           
1434 = MTNCATCOOH (r)         3379 = ETACETNO3 (r)          5324 = ISOPCOOH (r)           
1435 = MTNNCATOOH (r)         3380 = ETHACETOOH (r)         5325 = MEK2OO (r)             
1436 = MTCTEC1OOH (r)         3381 = C1011PAN (r)           5326 = CO3H4CHO (r)           
1437 = NMETOL1OOH (r)         3382 = C6PAN1 (r)             5327 = BCALCO2 (r)            
1438 = DNMETOLOOH (r)         3383 = HM33C4OOH (r)          5328 = HO2C43CHO (r)          
1439 = NDNMETLOOH (r)         3384 = C6CO34O (r)            5329 = C527O2 (r)             
1440 = METOLOOH (r)           3385 = HEX3ONCOOH (r)         5330 = DHPMPAL (r)            
1441 = PETLBIPNO3 (r)         3386 = C6PAN17 (r)            5331 = OETOLO (r)             
1442 = PETLBPROOH (r)         3387 = C5NO3CO4O (r)          5332 = C4DBMECO3 (r)          
1443 = C7EDCOOH (r)           3388 = C830PAN (r)            5333 = INB1NBCO3 (r)          
1444 = PETLQOOH (r)           3389 = C6PAN6 (r)             5334 = C533O2 (r)             
1445 = PETLMUCOOH (r)         3390 = PROPALO (r)            5335 = C517CO3 (r)            
1446 = PETLMUCO3H (r)         3391 = PROPALOOH (r)          5336 = C536O2 (r)             
1447 = PETLMUCO2H (r)         3392 = C831CO (r)             5337 = C929O2 (r)             
1448 = PET1OOH (r)            3393 = C1013PAN (r)           5338 = C618CO3 (r)            
1449 = PTNCATCOOH (r)         3394 = PRNO3PAN (r)           5339 = H2M4C65O2 (r)          
1450 = PTNNCATOOH (r)         3395 = C6PAN14 (r)            5340 = MVKO2 (r)              
1451 = PTCTEC1OOH (r)         3396 = C6HOCOOOH (r)          5341 = HCOCO3H (r)            
1452 = NPETOL1OOH (r)         3397 = C6CO34HO1 (r)          5342 = C629O2 (r)             
1453 = DNPETOLOOH (r)         3398 = C5COO2NO2 (r)          5343 = TM135MUCO3 (r)         
1454 = NDNPETLOOH (r)         3399 = C1014CO (r)            5344 = C6DICARBO2 (r)         
1455 = PETOLOOH (r)           3400 = COO2C4PAN (r)          5345 = NCRES1O (r)            
1456 = DM35EBOOH (r)          3401 = COO2C3PAN (r)          5346 = C23O3MCO3 (r)          
1457 = DMEBIPNO3 (r)          3402 = C103O (r)              5347 = ACCOCOMEO2 (r)         
1458 = DMEBPROOH (r)          3403 = C1313O (r)             5348 = NEBNZ1O (r)            
1459 = H13M3C5OOH (r)         3404 = C3COCPAN (r)           5349 = NC102O2 (r)            
1460 = C7DDCOOH (r)           3405 = C116PAN (r)            5350 = PBZMUCCO3 (r)          
1461 = MEBFUOOH (r)           3406 = DIIPRETNO3 (r)         5351 = HEPTO2 (r)             
1462 = C23O3ECO3H (r)         3407 = C118NO3 (r)            5352 = C816O2 (r)             
1463 = CO356OCOOH (r)         3408 = C5CO23O (r)            5353 = C920CO3 (r)            
1464 = DMEBMUOOH (r)          3409 = C6CO134PAN (r)         5354 = NT124L1O (r)           
1465 = DMEBMUO3H (r)          3410 = C1211PAN (r)           5355 = C6EO2OHCO3 (r)         
1466 = DMEBMUO2H (r)          3411 = M33C4O (r)             5356 = C4ECO2O2 (r)           
1467 = DMEPHOLOOH (r)         3412 = C1213NO3 (r)           5357 = C6CO3OH5O2 (r)         
1468 = DE35TOOH (r)           3413 = C1213CO (r)            5358 = IPBZMUCCO3 (r)         
1469 = EMPHCO3H (r)           3414 = C5PAN3 (r)             5359 = CY6DIONO2 (r)          
1470 = EMPONO2OOH (r)         3415 = MIBKANO3 (r)           5360 = C54O2 (r)              
1471 = DETLBIPNO3 (r)         3416 = MIBKAO (r)             5361 = CHOC2H4O2 (r)          
1472 = DETLBPROOH (r)         3417 = HM22C4NO3 (r)          5362 = CO24C63O2 (r)          
1473 = DETLMUOOH (r)          3418 = C4M2ALOHO (r)          5363 = ISOPDNO3 (r)           
1474 = DETLMUO3H (r)          3419 = C1215NO3 (r)           5364 = PECO2 (r)              
1475 = DETLMUO2H (r)          3420 = C1215CO (r)            5365 = COHM2CO3 (r)           
1476 = EPXEKTCO3H (r)         3421 = C930NO3 (r)            5366 = HCOCO2H (r)            
1477 = EPXEKTCO2H (r)         3422 = NBCALO (r)             5367 = NIPBNZ1O (r)           
1478 = DEMPHOLOOH (r)         3423 = C3MCODBPAN (r)         5368 = C4MOHOCO3 (r)          
1479 = C7DDCCO3H (r)          3424 = NC1313O (r)            5369 = NPBNZ1O (r)            
1480 = STYRENOOH (r)          3425 = HOCH2CH2O (r)          5370 = C5O45OHCO3 (r)         
1481 = NSTYRENEO (r)          3426 = C524O (r)              5371 = MACROHO2 (r)           
1482 = BPINAOOH (r)           3427 = HM22C4OOH (r)          5372 = C712O2 (r)             
1483 = BPINAOH (r)            3428 = DNC524CO (r)           5373 = CO24C5 (r)             
1484 = NOPINAOOH (r)          3429 = NCRESO (r)             5374 = BZFUONOO (r)           
1485 = C9DCNO3 (r)            3430 = HMACROH (r)            5375 = C9M2CO6O2 (r)          
1486 = OCTOOH (r)             3431 = BCALCOOH (r)           5376 = C23O3CCO3 (r)          
1487 = H1MC5OOH (r)           3432 = TLEMUCPAN (r)          5377 = C6134CO2OH (r)         
1488 = CO23C4CO3H (r)         3433 = BCLKCOOH (r)           5378 = OXYMUCCO3 (r)          
1489 = C87CO3H (r)            3434 = C105O (r)              5379 = PE2ENEBO2 (r)          
1490 = C87CO2H (r)            3435 = C615CO2OOH (r)         5380 = C4NO32M1O2 (r)         
1491 = C615CO3H (r)           3436 = ISOP34O (r)            5381 = C5DICARBO2 (r)         
1492 = C615CO2H (r)           3437 = HMAC (r)               5382 = MIBKAOHAO2 (r)         
1493 = C615OOH (r)            3438 = HPC52PAN (r)           5383 = MNO3COC4O2 (r)         
1494 = CO1M22CO3H (r)         3439 = NC51O (r)              5384 = M2BUOL2O2 (r)          
1495 = CO1M22CO2H (r)         3440 = C5PAN4 (r)             5385 = HC4ACO3 (r)            
1496 = NOPINBNO3 (r)          3441 = MIBK3COO (r)           5386 = CO2M33CO3 (r)          
1497 = HO3C86OOH (r)          3442 = M3BU3EPAN (r)          5387 = HEX2ONBO2 (r)          
1498 = C915OOH (r)            3443 = C530NO3 (r)            5388 = HMGLOO (r)             
1499 = C916OOH (r)            3444 = C530O (r)              5389 = TLEMUCO2 (r)           
1500 = C616OOH (r)            3445 = MTBKO (r)              5390 = C3DIALO2 (r)           
1501 = C88CO3H (r)            3446 = HC4PAN (r)             5391 = M33C3CO3 (r)           
1502 = M3C4CO3H (r)           3447 = C531OOH (r)            5392 = INANCOCO3 (r)          
1503 = C718CO3H (r)           3448 = C533O (r)              5393 = HMACO3 (r)             
1504 = C718CO2H (r)           3449 = C31CO3H (r)            5394 = C53NO32O2 (r)          
1505 = C718OOH (r)            3450 = T123NCATEC (r)         5395 = LMKBOO (r)             
1506 = C617CO3H (r)           3451 = TM123OHNO2 (r)         5396 = ME3BU3ECHO (r)         
1507 = C617CO2H (r)           3452 = DNT123BOL (r)          5397 = NT123L1O (r)           
1508 = C617OOH (r)            3453 = EBENZ (r)              5398 = C522CO3 (r)            
1509 = C618CO3H (r)           3454 = EBENZOL (r)            5399 = ACROO (r)              
1510 = C618CO2H (r)           3455 = HEPT3ONE (r)           5400 = MPRBNO3O2 (r)          
1511 = NOPINCOOH (r)          3456 = EBZOBPEROH (r)         5401 = CYHEXOLAO2 (r)         
1512 = C917OOH (r)            3457 = M3CO5C6 (r)            5402 = HO24C5O2 (r)           
1513 = C51OOH (r)             3458 = MNCATECH (r)           5403 = C31CO3 (r)             
1514 = C619OOH (r)            3459 = ENCATECH (r)           5404 = M3FOO (r)              
1515 = C512CO3H (r)           3460 = EBNZOHNO2 (r)          5405 = C5NO3COAO2 (r)         
1516 = C512CO2H (r)           3461 = DNEBNZOL (r)           5406 = METOLO (r)             
1517 = C512OOH (r)            3462 = PBENZ (r)              5407 = C47CO3 (r)             
1518 = C513OOH (r)            3463 = PBENZOL (r)            5408 = TM124MUCO2 (r)         
1519 = CO3C85OOH (r)          3464 = M3BU2OLNO3 (r)         5409 = MEBFUONE (r)           
1520 = BPINBOOH (r)           3465 = PBZOBPEROH (r)         5410 = C5124COCO3 (r)         
1521 = BPINCOOH (r)           3466 = IBUTOLBNO3 (r)         5411 = NPHEN1O (r)            
1522 = NBPINAOOH (r)          3467 = MXYL (r)               5412 = C817CO3 (r)            
1523 = NBPINBOOH (r)          3468 = CCLOHCOCL (r)          5413 = C96CO3 (r)             
1524 = C89CO3H (r)            3469 = PXYL (r)               5414 = CHOPRNO3 (r)           
1525 = C89CO2H (r)            3470 = CLGLYOX (r)            5415 = C4ALDB (r)             
1526 = C89OOH (r)             3471 = CLCOCLOOH (r)          5416 = MALDIALCO3 (r)         
1527 = C810OOH (r)            3472 = PNCATECH (r)           5417 = CO234C6 (r)            
1528 = C56NO3 (r)             3473 = PBNZOHNO2 (r)          5418 = TBUTCO3 (r)            
1529 = C514OOH (r)            3474 = DNPBNZOL (r)           5419 = H13CO2CHO (r)          
1530 = HO4C5CO3H (r)          3475 = PXYLOL (r)             5420 = IPRCHOO (r)            
1531 = C8BCNO3 (r)            3476 = IPBENZ (r)             5421 = DIEKAO2 (r)            
1532 = C918OOH (r)            3477 = IPBENZOL (r)           5422 = H3C2C4CO3 (r)          
1533 = C919OOH (r)            3478 = DNCRES (r)             5423 = EPXDLCO3 (r)           
1534 = H2M3C4CO3H (r)         3479 = IPBZOBPROH (r)         5424 = C729CO3 (r)            
1535 = C620OOH (r)            3480 = C4ME2OHNO3 (r)         5425 = LIMBOO (r)             
1536 = C515CO3H (r)           3481 = NC4H10 (r)             5426 = HO2C4CO3 (r)           
1537 = C515OOH (r)            3482 = IPNCATECH (r)          5427 = C4M2ALOHO2 (r)         
1538 = C811CO3H (r)           3483 = MGLOOC (r)             5428 = C827CO3 (r)            
1539 = C811OOH (r)            3484 = IPBNZOHNO2 (r)         5429 = NC4H9CHOO (r)          
1540 = C812OOH (r)            3485 = DNIPBNZOL (r)          5430 = CO1M22CO3 (r)          
1541 = C813OOH (r)            3486 = BUTDANO3 (r)           5431 = C615CO3 (r)            
1542 = HO13M2C4 (r)           3487 = DMKOHO (r)             5432 = C511CO3 (r)            
1543 = C721CO3H (r)           3488 = OETHTOL (r)            5433 = C5OH2CO4O2 (r)         
1544 = C6H5CO3H (r)           3489 = OETOH (r)              5434 = C830CO3 (r)            
1545 = MBOAOH (r)             3490 = MPHGLYOX (r)           5435 = MPRKAO2 (r)            
1546 = DICLETO2H (r)          3491 = OETLMUCCO (r)          5436 = CHOC4DOLO2 (r)         
1547 = CLETO3H (r)            3492 = OETLMUCNO3 (r)         5437 = C6H13CO3 (r)           
1548 = DIBRETO2H (r)          3493 = MXYLOL (r)             5438 = CO3C5CO3 (r)           
1549 = BRETO3H (r)            3494 = OTNCATECH (r)          5439 = EPXKTMCO3 (r)          
1550 = C82OOH (r)             3495 = OET1OHNO2 (r)          5440 = MIPKAO2 (r)            
1551 = C68OOH (r)             3496 = DNOETOL (r)            5441 = C923CO3 (r)            
1552 = CLCOCH2OOH (r)         3497 = METHTOL (r)            5442 = A2PANOO (r)            
1553 = CHCL2CO3H (r)          3498 = METOH (r)              5443 = NBUTOLBO2 (r)          
1554 = CH2CL3OOH (r)          3499 = CO356C11 (r)           5444 = BCKSZOO (r)            
1555 = CO2C4CO3H (r)          3500 = ACO2H (r)              5445 = HO5C5CHO (r)           
1556 = CH3CCL2OOH (r)         3501 = MTNCATECH (r)          5446 = IPBENZOLO (r)          
1557 = CCL2CL2OOH (r)         3502 = MET1OHNO2 (r)          5447 = C62CHO (r)             
1558 = CL12CO3H (r)           3503 = DNMETOL (r)            5448 = C61CHO (r)             
1559 = C83OOH (r)             3504 = PETHTOL (r)            5449 = HO3C4CHO (r)           
1560 = CL12PRBOOH (r)         3505 = PETOH (r)              5450 = CHOCOCH2O2 (r)         
1561 = CLCOCLMOOH (r)         3506 = PXNCATECH (r)          5451 = C5HPALD1 (r)           
1562 = CH2OHCL2O2H (r)        3507 = PTNCATECH (r)          5452 = H3M3C4CO3 (r)          
1563 = CL2OHPAN (r)           3508 = PET1OHNO2 (r)          5453 = CO23C65O2 (r)          
1564 = OCCOHCO (r)            3509 = DNPETOL (r)            5454 = HO2CO4C5O2 (r)         
1565 = HO2C43CO3H (r)         3510 = PXY1OHNO2 (r)          5455 = M2PECO2 (r)            
1566 = C2OHOCOOH (r)          3511 = DNPXYOL (r)            5456 = EIPKBO2 (r)            
1567 = HOCHOCOOH (r)          3512 = DIME35EB (r)           5457 = C62NO33O2 (r)          
1568 = ETHOXOOH (r)           3513 = EGLYOOD (r)            5458 = C65NO36O2 (r)          
1569 = C4OCCOHOOH (r)         3514 = DIET35TOL (r)          5459 = M3HEXBO2 (r)           
1570 = C4NO3OCO (r)           3515 = UDEC3ONE (r)           5460 = M23C4O2 (r)            
1571 = CH2OHCCLOH (r)         3516 = C77CO (r)              5461 = C4M3NO32O2 (r)         
1572 = CLOHCO2H (r)           3517 = PHCHOOA (r)            5462 = IPROMCCO3 (r)          
1573 = PECOOH (r)             3518 = OXYL (r)               5463 = EBZMUCO2 (r)           
1574 = CNO3CLOOH (r)          3519 = BPINANO3 (r)           5464 = HC4CCO3 (r)            
1575 = CCLNO3COOH (r)         3520 = OXYLOL (r)             5465 = C826CO3O2 (r)          
1576 = HEXCOOH (r)            3521 = OCT3ONE (r)            5466 = MXYMUCCO3 (r)          
1577 = IEACO3H (r)            3522 = NC101CO (r)            5467 = C7M6CO2O2 (r)          
1578 = IECCO3H (r)            3523 = OXYMUCCO (r)           5468 = NEOPO2 (r)             
1579 = INANCO2H (r)           3524 = OXYMUCNO3 (r)          5469 = TC4H9O2 (r)            
1580 = INAHPCO2H (r)          3525 = CO346C8 (r)            5470 = IPECO2 (r)             
1581 = INAHPCO3H (r)          3526 = C109CO (r)             5471 = PROL11MO2 (r)          
1582 = INAHCO2H (r)           3527 = OXNCATECH (r)          5472 = EBFUONE (r)            
1583 = C57NO3CO2H (r)         3528 = ME2BUOLNO3 (r)         5473 = CO235C5CHO (r)         
1584 = INCNCO2H (r)           3529 = CCOCOCOH (r)           5474 = C7ADCCO3 (r)           
1585 = INDHPCO3H (r)          3530 = OXY1OHNO2 (r)          5475 = MC4CODBCO3 (r)         
1586 = CO2N3PAN (r)           3531 = DNOXYOL (r)            5476 = MMALANHYO2 (r)         
1587 = C58NO3CO2H (r)         3532 = MVKOOA (r)             5477 = IPBFUONE (r)           
1588 = INB1NACO2H (r)         3533 = MIPKAOH (r)            5478 = PBFUONE (r)            
1589 = INB1NBCO2H (r)         3534 = INANCO (r)             5479 = C4COMOH3O2 (r)         
1590 = INB1HPCO3H (r)         3535 = CO356C12 (r)           5480 = C77O2 (r)              
1591 = LIMANO3 (r)            3536 = INCNCHO (r)            5481 = C920O2 (r)             
1592 = LIMAOH (r)             3537 = TM135B (r)             5482 = C58O2 (r)              
1593 = LIMCOOH (r)            3538 = NON3ONE (r)            5483 = MC6CO2O2 (r)           
1594 = LIMALOOH (r)           3539 = TM135OBPOH (r)         5484 = C7CO2M5O2 (r)          
1595 = C923CO3H (r)           3540 = C4M2NO3ONE (r)         5485 = C816CO3 (r)            
1596 = NONOOH (r)             3541 = TM124B (r)             5486 = MXYFUONE (r)           
1597 = C923OOH (r)            3542 = TM124OL (r)            5487 = C512O2 (r)             
1598 = NORLIMOOH (r)          3543 = M2CO5C6 (r)            5488 = C6M5CO2O2 (r)          
1599 = C816CO3H (r)           3544 = MXNCATECH (r)          5489 = H13M3C5O2 (r)          
1600 = C816OOH (r)            3545 = CO356C9 (r)            5490 = IPEBO2 (r)             
1601 = C925OOH (r)            3546 = BZOBIPEROH (r)         5491 = MACROO (r)             
1602 = C817CO3H (r)           3547 = M2BUOL2NO3 (r)         5492 = PE4E2CO (r)            
1603 = HO1C6OOH (r)           3548 = DEC3ONE (r)            5493 = MACRNBCO3 (r)          
1604 = C817OOH (r)            3549 = T124NCATEC (r)         5494 = C23O3EO2 (r)           
1605 = HO3C96OOH (r)          3550 = HOC6H4NO2 (r)          5495 = C131CO3 (r)            
1606 = C727CO3H (r)           3551 = DNPHEN (r)             5496 = C66O2 (r)              
1607 = C622CO3H (r)           3552 = NCATECHOL (r)          5497 = NOA (r)                
1608 = C622OOH (r)            3553 = MXY1OHNO2 (r)          5498 = IBUDIALCO3 (r)         
1609 = C728OOH (r)            3554 = TM124OHNO2 (r)         5499 = C4CO2O2 (r)            
1610 = C517CO3H (r)           3555 = DNT124BOL (r)          5500 = C6COCHOCO3 (r)         
1611 = C517OOH (r)            3556 = DNMXYOL (r)            5501 = C4NO3COO2 (r)          
1612 = C518CO3H (r)           3557 = TM123B (r)             5502 = C4CONO3O2 (r)          
1613 = C623OOH (r)            3558 = CRESOL (r)             5503 = CH3CHOHCO3 (r)         
1614 = HMVKBCO3H (r)          3559 = TM123BOL (r)           5504 = MECOACETO2 (r)         
1615 = C821OOH (r)            3560 = CO235C7 (r)            5505 = CHCLOO (r)             
1616 = LMKANO3 (r)            3561 = TM123OBPOH (r)         5506 = PXYFUONE (r)           
1617 = LMKAOH (r)             3562 = CO356C10 (r)           5507 = EPXEALKT (r)           
1618 = C91OOH (r)             3563 = DDEC3ONE (r)           5508 = APINBOO (r)            
1619 = HO5C6CO3H (r)          3564 = RGDCO2H (r)            5509 = PHCHOO (r)             
1620 = C822CO3H (r)           3565 = C65OH4OOH (r)          5510 = C7DCCO3 (r)            
1621 = C823CO3H (r)           3566 = C4MCODBPAN (r)         5511 = PGLYOX (r)             
1622 = C823OOH (r)            3567 = C64OH5OOH (r)          5512 = IC7DCCO3 (r)           
1623 = C825CO (r)             3568 = NEBNZOLOOH (r)         5513 = IPRGLYOX (r)           
1624 = HO14C6 (r)             3569 = C715OOH (r)            5514 = C89CO3 (r)             
1625 = C822OOH (r)            3570 = M3CO25C6 (r)           5515 = MBOOO (r)              
1626 = C824OOH (r)            3571 = IPROPOLO2H (r)         5516 = OCCOHCO2 (r)           
1627 = M2BKAOOH (r)           3572 = NTM123LOOH (r)         5517 = BENZAL (r)             
1628 = C729CO3H (r)           3573 = TM123OLO (r)           5518 = C131O2 (r)             
1629 = C729CO2H (r)           3574 = TBUTOLOOH (r)          5519 = C714O2 (r)             
1630 = C729OOH (r)            3575 = HO13C4OOH (r)          5520 = OXYBIPERO (r)          
1631 = C826OOH (r)            3576 = NPBNZOLOOH (r)         5521 = BZFUONE (r)            
1632 = C624CO3H (r)           3577 = C6CO2OHOOH (r)         5522 = BIACET (r)             
1633 = C69OOH (r)             3578 = PXYLPAN (r)            5523 = C6H5O (r)              
1634 = C624OOH (r)            3579 = IPGLOOB (r)            5524 = TM123BPRO (r)          
1635 = C730OOH (r)            3580 = NIPBZOLOOH (r)         5525 = TLFUONE (r)            
1636 = C626CO3H (r)           3581 = ACRPAN (r)             5526 = CO235C6CO3 (r)         
1637 = C626CO2H (r)           3582 = ACO3H (r)              5527 = C3M3OH2CHO (r)         
1638 = C626OOH (r)            3583 = METLMUCNO3 (r)         5528 = C2H5CHOO (r)           
1639 = C519CO3H (r)           3584 = C10PAN1 (r)            5529 = CO3H4CO3 (r)           
1640 = C511CO3H (r)           3585 = NMETOLOOH (r)          5530 = C78O2 (r)              
1641 = C926OOH (r)            3586 = PETLMUCNO3 (r)         5531 = IBUTOLBO2 (r)          
1642 = CO25C6CO3H (r)         3587 = C65O (r)               5532 = C618O2 (r)             
1643 = CO25C6CO2H (r)         3588 = C51OH2OOH (r)          5533 = MACRO2 (r)             
1644 = C93OOH (r)             3589 = ETBEBOOH (r)           5534 = HEXAO2 (r)             
1645 = M2BKBOOH (r)           3590 = NPETOLOOH (r)          5535 = C3H7CHOO (r)           
1646 = C731CO3H (r)           3591 = DMEPHOH (r)            5536 = C822CO3 (r)            
1647 = C732CO3H (r)           3592 = HCOCH2CO2H (r)         5537 = PROL1MCHO (r)          
1648 = C610OOH (r)            3593 = PROPOLNO3 (r)          5538 = C4H9CO3 (r)            
1649 = C732OOH (r)            3594 = NBUTOLAOOH (r)         5539 = CH3CHOO (r)            
1650 = C734CO (r)             3595 = C8M3CO (r)             5540 = INANO3 (r)             
1651 = C5H11CO3H (r)          3596 = C5OHCO4OOH (r)         5541 = ACO3 (r)               
1652 = C731OOH (r)            3597 = NPXYOLOOH (r)          5542 = C141CO2H (r)           
1653 = C733OOH (r)            3598 = NDMEPLOOH (r)          5543 = HOC3H6CO3 (r)          
1654 = NLIMALOOH (r)          3599 = DMEPHOLO (r)           5544 = HOIPRCO3 (r)           
1655 = NC728OOH (r)           3600 = DEMPHOH (r)            5545 = HMVKANO3 (r)           
1656 = NC623OOH (r)           3601 = EMPHPAN (r)            5546 = HO2C54CO3 (r)          
1657 = C95OOH (r)             3602 = C23O3MCPAN (r)         5547 = C518CO3 (r)            
1658 = NC826OOH (r)           3603 = PROL11MOOH (r)         5548 = CO2C3OO (r)            
1659 = NC730OOH (r)           3604 = HYPROPO2H (r)          5549 = C7M2CO5O2 (r)          
1660 = CO1H63OOH (r)          3605 = C9M3CO (r)             5550 = CO24C4CHO (r)          
1661 = C1H4C5CO2H (r)         3606 = NDEMPLOOH (r)          5551 = C7DDCCO3 (r)           
1662 = CH3SOOOH (r)           3607 = DEMPHOLO (r)           5552 = C4MCO2O2 (r)           
1663 = CH3SO2OOH (r)          3608 = C7DDCPAN (r)           5553 = TM124MUCO3 (r)         
1664 = IPECOOH (r)            3609 = C9PAN2 (r)             5554 = C52NO31O2 (r)          
1665 = BCANO3 (r)             3610 = C5PAN19 (r)            5555 = MEKAOH (r)             
1666 = BCAOH (r)              3611 = C52OH1OOH (r)          5556 = H2M2C4CHO (r)          
1667 = BCCOOH (r)             3612 = ISOPBO (r)             5557 = H2M2C3CHO (r)          
1668 = BCALOOH (r)            3613 = OXYLPAN (r)            5558 = TM123MUCO2 (r)         
1669 = C141CO3H (r)           3614 = CO12C4CHO (r)          5559 = C5HPALD2 (r)           
1670 = C141OOH (r)            3615 = HMVKAO (r)             5560 = C3MDIALO2 (r)          
1671 = C51CO3H (r)            3616 = C618PAN (r)            5561 = CO2C54CO3 (r)          
1672 = C142OOH (r)            3617 = CO3H4CO3H (r)          5562 = C827CHO (r)            
1673 = C143OOH (r)            3618 = C5PAN17 (r)            5563 = C4MCODBCO3 (r)         
1674 = C927OOH (r)            3619 = C6PAN16 (r)            5564 = C6DCARBBO2 (r)         
1675 = DECOOH (r)             3620 = OXYMUCPAN (r)          5565 = C926O2 (r)             
1676 = C46CO2H (r)            3621 = M3BUTAL2O (r)          5566 = C5CO14O2 (r)           
1677 = C144OOH (r)            3622 = MXYMUCPAN (r)          5567 = C67CO3 (r)             
1678 = C145OOH (r)            3623 = C89PAN (r)             5568 = C23O3ECO3 (r)          
1679 = C928CO3H (r)           3624 = C515CHO (r)            5569 = MC3CODBCO3 (r)         
1680 = C928OOH (r)            3625 = C59OOH (r)             5570 = M2C43CO3 (r)           
1681 = C827CO3H (r)           3626 = C721PAN (r)            5571 = C54CO3 (r)             
1682 = C828CO3H (r)           3627 = C56OOH (r)             5572 = CO23C54O2 (r)          
1683 = C828OOH (r)            3628 = PBZN (r)               5573 = C8M2CO6O2 (r)          
1684 = HO3C106OOH (r)         3629 = MBOAOOH (r)            5574 = BCARY (r)              
1685 = BCKANO3 (r)            3630 = MBOBOOH (r)            5575 = C136CO3 (r)            
1686 = BCKAOH (r)             3631 = NMBOAOOH (r)           5576 = CHOC2CO3 (r)           
1687 = C131CO3H (r)           3632 = NMBOBOOH (r)           5577 = MMALNBCO3 (r)          
1688 = C131OOH (r)            3633 = C6PAN15 (r)            5578 = PGLOO (r)              
1689 = C132OOH (r)            3634 = CL2OHOOH (r)           5579 = GAOO (r)               
1690 = C133OOH (r)            3635 = CH2OHCL2O (r)          5580 = BUT2OLO2 (r)           
1691 = C829OOH (r)            3636 = ETBEAPAN (r)           5581 = HO2C43CO3 (r)          
1692 = C134OOH (r)            3637 = C62O (r)               5582 = MMALNACO3 (r)          
1693 = C135OOH (r)            3638 = C62OOH (r)             5583 = ISOPANO3 (r)           
1694 = C61OOH (r)             3639 = COHCCLOOH (r)          5584 = C126CO3 (r)            
1695 = C126CO3H (r)           3640 = CH2OHCOCL (r)          5585 = NORPINAL (r)           
1696 = C126OOH (r)            3641 = PR2OHMOX (r)           5586 = C4OHCHO (r)            
1697 = M3PECOOH (r)           3642 = BOXPOLANO3 (r)         5587 = M2PEBO2 (r)            
1698 = C127OOH (r)            3643 = C9PAN1 (r)             5588 = HO2C54CHO (r)          
1699 = C128OOH (r)            3644 = NOXYOLOOH (r)          5589 = IPGLOO (r)             
1700 = C101OOH (r)            3645 = INAHPAN (r)            5590 = INCO2 (r)              
1701 = C136CO3H (r)           3646 = MACRNCO3H (r)          5591 = CO2MC5OH (r)           
1702 = C137CO3H (r)           3647 = C57NO3CO3H (r)         5592 = CO24C53O2 (r)          
1703 = C137OOH (r)            3648 = C6OTKETOOH (r)         5593 = ACCOMECHO (r)          
1704 = C139OOH (r)            3649 = INCOOH (r)             5594 = HMVKBO2 (r)            
1705 = C1310OOH (r)           3650 = MACRNBCO3H (r)         5595 = TM124BPRO (r)          
1706 = C136OOH (r)            3651 = TM135BZOL (r)          5596 = C5CO234 (r)            
1707 = C1311OOH (r)           3652 = HO3C4OOH (r)           5597 = MACRNOO (r)            
1708 = C1312OOH (r)           3653 = H2M5C65NO3 (r)         5598 = H3C25C6O2 (r)          
1709 = HO6C7CO3H (r)          3654 = TMBPAN (r)             5599 = HMVKAO2 (r)            
1710 = C522CO2H (r)           3655 = MIBKOHBOOH (r)         5600 = C1H4C5CO3 (r)          
1711 = C1011CO3H (r)          3656 = C4CHO2O (r)            5601 = C4DBDIKET (r)          
1712 = C1011OOH (r)           3657 = TM135MUPAN (r)         5602 = C811CO3 (r)            
1713 = C1012OOH (r)           3658 = C7M3CO (r)             5603 = HO1C3O2 (r)            
1714 = HO6C7OOH (r)           3659 = C823CO (r)             5604 = C6DIAL (r)             
1715 = C147CO (r)             3660 = NTM135LOOH (r)         5605 = C6CODIAL (r)           
1716 = C147OOH (r)            3661 = TM135OLO (r)           5606 = ME3BU2OLO2 (r)         
1717 = M22C3CO3H (r)          3662 = ETBEBNO3 (r)           5607 = BCLKAO2 (r)            
1718 = C830CO3H (r)           3663 = ME3BU2OLO (r)          5608 = HMACR (r)              
1719 = HO3C5CO3H (r)          3664 = MPRKBOOH (r)           5609 = HOCH2COCHO (r)         
1720 = C830OOH (r)            3665 = C732CO (r)             5610 = C147O2 (r)             
1721 = C831OOH (r)            3666 = C4MCNO3OOH (r)         5611 = INDO2 (r)              
1722 = C1013CO3H (r)          3667 = C2H5CHOOB (r)          5612 = C731CO3 (r)            
1723 = HM22C3CO3H (r)         3668 = DMSO2OOH (r)           5613 = BUT2CHO (r)            
1724 = C1013OOH (r)           3669 = SBUACANO3 (r)          5614 = MEK (r)                
1725 = C1014OOH (r)           3670 = BZEMUCNO3 (r)          5615 = C624CO3 (r)            
1726 = COO2C4CO3H (r)         3671 = C53OOH (r)             5616 = HCOCOHCO3 (r)          
1727 = COO2C3CO3H (r)         3672 = TM124MUNO3 (r)         5617 = CO2C43CHO (r)          
1728 = C1313OOH (r)           3673 = TM124MUPAN (r)         5618 = C58AO2 (r)             
1729 = C116CO3H (r)           3674 = TM124MUO2H (r)         5619 = C136O2 (r)             
1730 = HO2C6OOH (r)           3675 = C52OH3OOH (r)          5620 = MIBKAO2 (r)            
1731 = C116OOH (r)            3676 = C144O (r)              5621 = IPRHOCO3 (r)           
1732 = C117OOH (r)            3677 = HO24C5OOH (r)          5622 = M22C43O2 (r)           
1733 = C118OOH (r)            3678 = C6OH5OOH (r)           5623 = HM22CO3 (r)            
1734 = C103OOH (r)            3679 = ME3BUOLOOH (r)         5624 = C622CO3 (r)            
1735 = C1210CO3H (r)          3680 = C53OH2OOH (r)          5625 = HO2C3CHO (r)           
1736 = HM22CO3H (r)           3681 = MTBEAALPAN (r)         5626 = H2O2 (r)               
1737 = C1211CO3H (r)          3682 = C137CO (r)             5627 = MALDIAL (r)            
1738 = HO13C5OOH (r)          3683 = HEX3ONAOOH (r)         5628 = MALANHYO2 (r)          
1739 = C1211OOH (r)           3684 = CHOC2CO2H (r)          5629 = BUT1ENE (r)            
1740 = C1212OOH (r)           3685 = C6PAN13 (r)            5630 = NC3CHO (r)             
1741 = C1213OOH (r)           3686 = NTM124LOOH (r)         5631 = HC3CHO (r)             
1742 = C1210OOH (r)           3687 = C8PAN1 (r)             5632 = BCAOO (r)              
1743 = C1214OOH (r)           3688 = C5PAN6 (r)             5633 = C519CO3 (r)            
1744 = C1215OOH (r)           3689 = TM123BPAN (r)          5634 = C1210CO3 (r)           
1745 = NBCALOOH (r)           3690 = HO5C6OOH (r)           5635 = INB1O2 (r)             
1746 = NC1313OOH (r)          3691 = C7ADCPAN (r)           5636 = C617CHO (r)            
1747 = NC524NO3 (r)           3692 = BUTAL2O (r)            5637 = EGLYOO (r)             
1748 = HMACO2H (r)            3693 = BUTAL2NO3 (r)          5638 = C7DICARB (r)           
1749 = C516OOH (r)            3694 = C5DICAROOH (r)         5639 = C727CO3 (r)            
1750 = C105OOH (r)            3695 = C5PAN15 (r)            5640 = IC7DICARB (r)          
1751 = ISOP34OOH (r)          3696 = C1211CO (r)            5641 = HOIPRCHO (r)           
1752 = HOIBUTCO3H (r)         3697 = C612OOH (r)            5642 = DDECO2 (r)             
1753 = CH2CHCH2OOH (r)        3698 = TBUACPAN (r)           5643 = MC5DICARB (r)          
1754 = NC51OOH (r)            3699 = MC3CODBPAN (r)         5644 = C729CHO (r)            
1755 = C45OOH (r)             3700 = C3H7CHOOB (r)          5645 = HO3C3CHO (r)           
1756 = M3BU3ECO3H (r)         3701 = HIEB1OOH (r)           5646 = C57NO3CO3 (r)          
1757 = C530OOH (r)            3702 = HIEB2OOH (r)           5647 = H2M3CO5C6 (r)          
1758 = NC526OOH (r)           3703 = HMPAN (r)              5648 = CYHXONAO2 (r)          
1759 = C533OOH (r)            3704 = HMACO3H (r)            5649 = CO13C4CHO (r)          
1760 = BUT2CO3H (r)           3705 = MIBKHO4OOH (r)         5650 = BIACETOH (r)           
1761 = C536O (r)              3706 = HMACROOH (r)           5651 = NC4CHO (r)             
1762 = C537O (r)              3707 = HMACRO (r)             5652 = C626CO3 (r)            
1763 = CYHXONAOH (r)          3708 = TM123MUNO3 (r)         5653 = C517CHO (r)            
1764 = CO25C73OH (r)          3709 = MIBKBOOH (r)           5654 = C626CHO (r)            
1765 = CO25C74OH (r)          3710 = HC4CHO (r)             5655 = CO24C6 (r)             
1766 = IBUTOLCO (r)           3711 = C526NO3 (r)            5656 = CH3CHOHCHO (r)         
1767 = HO1C4O (r)             3712 = NCRESOOH (r)           5657 = H2M2C3CO3 (r)          
1768 = C3ME3CHO (r)           3713 = C527NO3 (r)            5658 = C5MDICARB (r)          
1769 = NBUTOL (r)             3714 = C527OOH (r)            5659 = CO2H3CO3 (r)           
1770 = MIBKOH34 (r)           3715 = C534OOH (r)            5660 = HM33C3CO3 (r)          
1771 = DIETETHER (r)          3716 = NMXYOLOOH (r)          5661 = TBUTOLO2 (r)           
1772 = ETHFORMO (r)           3717 = C31PAN (r)             5662 = HO2C54O2 (r)           
1773 = MTBE (r)               3718 = C64O (r)               5663 = C524O2 (r)             
1774 = MTBEAO (r)             3719 = C58AOOH (r)            5664 = C141CO3 (r)            
1775 = MTBEACHOO (r)          3720 = C47PAN (r)             5665 = PE1ENEBO2 (r)          
1776 = MTBEBO (r)             3721 = C47CO3H (r)            5666 = MVKOH (r)              
1777 = DIIPRETHER (r)         3722 = C57AOOH (r)            5667 = C622CHO (r)            
1778 = EIPEO (r)              3723 = C42NO33O (r)           5668 = MIPKBO2 (r)            
1779 = ETBEBO (r)             3724 = C64NO335CO (r)         5669 = BCBOO (r)              
1780 = MO2EOLBO (r)           3725 = NDNPBNZLO (r)          5670 = CO23C4CHO (r)          
1781 = PRONEMOXOH (r)         3726 = PHCOME (r)             5671 = MGLOO (r)              
1782 = BOX2EOHAO (r)          3727 = H1CO23CHO (r)          5672 = C7EDICARB (r)          
1783 = BOXCOCHO (r)           3728 = NIPBFUO (r)            5673 = C927O2 (r)             
1784 = MEKCO (r)              3729 = C65OOH (r)             5674 = IPRCO3 (r)             
1785 = BOXPRONE (r)           3730 = HO3CO6C7 (r)           5675 = NONO2 (r)              
1786 = BOXPRONBOH (r)         3731 = IPBZMUCCO (r)          5676 = DECO2 (r)              
1787 = METHACETO (r)          3732 = IPBZMUCNO3 (r)         5677 = HO3C76O2 (r)           
1788 = ETHACETO (r)           3733 = TL4OHNO2O (r)          5678 = CO3C4CHO (r)           
1789 = ACETC2H4O (r)          3734 = NDNIPBZLO (r)          5679 = CHOC3COCO3 (r)         
1790 = HO1C3O (r)             3735 = MPHCOME (r)            5680 = M3PEBO2 (r)            
1791 = IPRACBO (r)            3736 = PXYMUCCO (r)           5681 = H2M3C4CHO (r)          
1792 = HO2MC5O (r)            3737 = PXYMUCNO3 (r)          5682 = CO2M3C5OH (r)          
1793 = ACBUONEAO (r)          3738 = C4ECO2O (r)            5683 = C41CO3 (r)             
1794 = ACBUONAOH (r)          3739 = ACEPROPONE (r)         5684 = SC4H9O2 (r)            
1795 = MEKBO (r)              3740 = NDNOETOLO (r)          5685 = MEKBO2 (r)             
1796 = ACBUONBOH (r)          3741 = METLMUCCO (r)          5686 = H2M3C4O2 (r)           
1797 = NBUACETCO (r)          3742 = NDNMETOLO (r)          5687 = CO235C6 (r)            
1798 = MCOOTBO (r)            3743 = M22C43O (r)            5688 = HYPROPO2 (r)           
1799 = CCL3O (r)              3744 = PETLMUCCO (r)          5689 = C1210O2 (r)            
1800 = TCEOHO (r)             3745 = C4M3NO3ONE (r)         5690 = CO13C4OH (r)           
1801 = C78OH (r)              3746 = NDNPETOLO (r)          5691 = HO5C6O2 (r)            
1802 = APINBCO (r)            3747 = DMPHCOME (r)           5692 = UDECO2 (r)             
1803 = C719O (r)              3748 = NDNPXYOLO (r)          5693 = HO3C5CHO (r)           
1804 = C5NO3CO4OH (r)         3749 = H3C25C5CHO (r)         5694 = EGLYOX (r)             
1805 = DMM (r)                3750 = NDNEBNZLO (r)          5695 = C6DICARB (r)           
1806 = MMF (r)                3751 = C23O3EHO (r)           5696 = C148O2 (r)             
1807 = DMC (r)                3752 = H13M3CO4C5 (r)         5697 = C5PACALD2 (r)          
1808 = EIPKAOH (r)            3753 = NBUTOLBO (r)           5698 = C7DDICARB (r)          
1809 = EIPKAO (r)             3754 = EMPHCOME (r)           5699 = M3F (r)                
1810 = BENZENE (r)            3755 = BOXCHO (r)             5700 = C5PACALD1 (r)          
1811 = HOHOC4DIAL (r)         3756 = DETLBIPRO (r)          5701 = C5DICARB (r)           
1812 = EIPKBOH (r)            3757 = BOX2COMOH (r)          5702 = C2H4 (r)               
1813 = NC3H7O (r)             3758 = ISOPAOH (r)            5703 = C51O2 (r)              
1814 = C5DIALOH (r)           3759 = NOPINAO (r)            5704 = H3M3C5CO3 (r)          
1815 = C66OH (r)              3760 = C87CO (r)              5705 = C2H5O2 (r)             
1816 = DIEKAO (r)             3761 = PHCOET (r)             5706 = CH3COCH3 (r)           
1817 = C114OH (r)             3762 = NBUACETAO (r)          5707 = ISOP34O2 (r)           
1818 = C514CO23OH (r)         3763 = ACEBUTONE (r)          5708 = OCTO2 (r)              
1819 = IC4H9O (r)             3764 = CH3COPAN (r)           5709 = C1011CO3 (r)           
1820 = C4M2AL2OH (r)          3765 = MXYMUCCO (r)           5710 = CONM2CO3 (r)           
1821 = MPRKAO (r)             3766 = MXYMUCNO3 (r)          5711 = HO3C4CO3 (r)           
1822 = C615CO2OH (r)          3767 = C6DIALO (r)            5712 = MGLYOO (r)             
1823 = TLFUO (r)              3768 = C515CO (r)             5713 = NO3CH2CO3 (r)          
1824 = NCRESOH (r)            3769 = ETHENO3O (r)           5714 = C4H6 (r)               
1825 = MXYL1O (r)             3770 = C62NO33CO (r)          5715 = INB2O2 (r)             
1826 = C726CO3OH (r)          3771 = MACROOH (r)            5716 = MACRNCO3 (r)           
1827 = C7236CO (r)            3772 = NBUACETBO (r)          5717 = CO2C54O2 (r)           
1828 = IBUTOL (r)             3773 = BOX2PROL (r)           5718 = C3MDIALOH (r)          
1829 = NMXYOLOH (r)           3774 = PECO (r)               5719 = C716OH (r)             
1830 = MXYFUO (r)             3775 = C51NO32CO (r)          5720 = M2HEXAO2 (r)           
1831 = NC5H12 (r)             3776 = NEBFUO (r)             5721 = HO2M2C4O2 (r)          
1832 = HO2M2C5O (r)           3777 = CH3NO3 (r)             5722 = IPEAO2 (r)             
1833 = DMK2OH (r)             3778 = ACEBUTBONE (r)         5723 = MACO3 (r)              
1834 = NC6H14 (r)             3779 = NDNOXYOLO (r)          5724 = C3H7CO3 (r)            
1835 = NPXYOLOH (r)           3780 = IEPOXB (r)             5725 = C5H8 (r)               
1836 = PXYFUO (r)             3781 = CCL2OHCOCL (r)         5726 = CO2C3CO3 (r)           
1837 = MC52CO2OH (r)          3782 = MACRNCO2H (r)          5727 = C58NO3CO3 (r)          
1838 = NOXYOLOH (r)           3783 = MMALNBPAN (r)          5728 = HO1CO4C6 (r)           
1839 = OXYFUO (r)             3784 = COHM2CO2H (r)          5729 = CO3C4CO3 (r)           
1840 = C7M2CO5OH (r)          3785 = COHM2PAN (r)           5730 = DIEKBO2 (r)            
1841 = NTM135OLOH (r)         3786 = PRCOOPRONE (r)         5731 = MEKCO2 (r)             
1842 = C7BDCOH (r)            3787 = DMCO (r)               5732 = HEXBO2 (r)             
1843 = TMB1FUO (r)            3788 = NORLIMO (r)            5733 = HO3C4O2 (r)            
1844 = C712OH (r)             3789 = C816O (r)              5734 = HO2C4O2 (r)            
1845 = C4COMOH3OH (r)         3790 = C925O (r)              5735 = C5H11CHO (r)           
1846 = NTM124OLOH (r)         3791 = TM135BPRO (r)          5736 = PEAO2 (r)              
1847 = TMB2FUO (r)            3792 = BUTALO (r)             5737 = HO2C3CO3 (r)           
1848 = MC6OTKETO (r)          3793 = NBZFUO (r)             5738 = C4H9CHO (r)            
1849 = NTM123OLOH (r)         3794 = C727CO (r)             5739 = LIMAL (r)              
1850 = C6NO3CO4OH (r)         3795 = SC4H9O (r)             5740 = CO23C4CO3 (r)          
1851 = C713OH (r)             3796 = H2M2C65O (r)           5741 = LIMKET (r)             
1852 = C713O (r)              3797 = CO24M3C5 (r)           5742 = LMLKET (r)             
1853 = C714OH (r)             3798 = CH3OCH3 (r)            5743 = C518CHO (r)            
1854 = C715CO2OH (r)          3799 = NPBFUO (r)             5744 = HMVKBCHO (r)           
1855 = NEBNZOLOH (r)          3800 = C624O (r)              5745 = GLYOO (r)              
1856 = HEX3ONCO (r)           3801 = ACCOC3H6O (r)          5746 = CH3COCO3 (r)           
1857 = C6NO3CO5OH (r)         3802 = DM124OOH (r)           5747 = INAO2 (r)              
1858 = C815CO2OH (r)          3803 = BZBIPERO (r)           5748 = C57O2 (r)              
1859 = HEX2ONCO (r)           3804 = TM124NO2O (r)          5749 = C59O2 (r)              
1860 = NPBNZOLOH (r)          3805 = CO2C4GLYOX (r)         5750 = C116CHO (r)            
1861 = CO25C6OH (r)           3806 = CO24C53OOH (r)         5751 = HCOCH2CHO (r)          
1862 = C7M15CO2OH (r)         3807 = NDNCRESO (r)           5752 = CHEXO2 (r)             
1863 = NIPBNZOLOH (r)         3808 = CY6TRION (r)           5753 = IC3H7O2 (r)            
1864 = MPHCOMEOH (r)          3809 = BZEMUCCO (r)           5754 = C2H5CO3 (r)            
1865 = IPEBOH (r)             3810 = CHOOCH2O (r)           5755 = HO3C5O2 (r)            
1866 = MC7CO2O (r)            3811 = C143O (r)              5756 = HOC2H4CHO (r)          
1867 = MC7CO2OH (r)           3812 = TM124MUCCO (r)         5757 = HEXCO2 (r)             
1868 = C41OH (r)              3813 = C630CO (r)             5758 = CO2C4CHO (r)           
1869 = NOETOLOH (r)           3814 = C131CO (r)             5759 = C624CHO (r)            
1870 = C826CO3O (r)           3815 = SBUACETBO (r)          5760 = NO3CH2CHO (r)          
1871 = C826CO3OH (r)          3816 = MCOCOMOX (r)           5761 = PENT1ENE (r)           
1872 = NMETOLOH (r)           3817 = MTBK (r)               5762 = C2H5CHO (r)            
1873 = HNMVKOH (r)            3818 = HEX2ONBO (r)           5763 = IPROPOLO2 (r)          
1874 = HO2C5O (r)             3819 = C133O (r)              5764 = CH3CHO (r)             
1875 = NPETOLOH (r)           3820 = C133CO (r)             5765 = PEBO2 (r)              
1876 = DMPHCOMOH (r)          3821 = EBZMUCCO (r)           5766 = C141O2 (r)             
1877 = C42OH (r)              3822 = EBZMUCNO3 (r)          5767 = HOCH2CH2O2 (r)         
1878 = MEBFUO (r)             3823 = CO23C65O (r)           5768 = ACR (r)                
1879 = M3PE (r)               3824 = C128CO (r)             5769 = ISOPCNO3 (r)           
1880 = GAOOA (r)              3825 = IPEBO (r)              5770 = ACETOL (r)             
1881 = C8M2CO6OH (r)          3826 = C52NO33CO (r)          5771 = C3H6 (r)               
1882 = NDMEPHOLOH (r)         3827 = NDNT123LO (r)          5772 = HNO3 (r)               
1883 = EMPHCOMOH (r)          3828 = NDNPHENO (r)           5773 = IPRCHO (r)             
1884 = C9M2CO6OH (r)          3829 = NDNT124LO (r)          5774 = C817O2 (r)             
1885 = NDEMPHOLOH (r)         3830 = SBUACEONE (r)          5775 = BIACETO2 (r)           
1886 = C9DC (r)               3831 = PBZMUCCO (r)           5776 = C96O2 (r)              
1887 = HO3C6O (r)             3832 = PBZMUCNO3 (r)          5777 = C126CHO (r)            
1888 = C617O (r)              3833 = MTBEBCHO (r)           5778 = HCOCH2CO3 (r)          
1889 = C513O (r)              3834 = C736CO (r)             5779 = NOPINONE (r)           
1890 = C619CO (r)             3835 = IPRMEETO (r)           5780 = IBUTALOH (r)           
1891 = C89CO2 (r)             3836 = METHCOACET (r)         5781 = CO2C4CO3 (r)           
1892 = C620O (r)              3837 = C831O (r)              5782 = NORLIMAL (r)           
1893 = C59O (r)               3838 = TLOBIPEROH (r)         5783 = NC4H9O2 (r)            
1894 = NEOPO (r)              3839 = C3MCODBCO2 (r)         5784 = NC3H7O2 (r)            
1895 = DICLETO (r)            3840 = C1014O (r)             5785 = CO23C3CHO (r)          
1896 = CHCL3O (r)             3841 = C66NO35CO (r)          5786 = CISOPCO2 (r)           
1897 = CH2CL3O (r)            3842 = MXYL1OOH (r)           5787 = ISOPCO2 (r)            
1898 = CH3CCL2O (r)           3843 = NDNMXYOLO (r)          5788 = HC4ACHO (r)            
1899 = CHCL2CL2O (r)          3844 = C118CO (r)             5789 = C4MDIAL (r)            
1900 = C731CO2 (r)            3845 = C53NO32CO (r)          5790 = CO2H3CHO (r)           
1901 = C822CO2 (r)            3846 = C63NO32CO (r)          5791 = PINAL (r)              
1902 = C1210CO2 (r)           3847 = TLEMUCCO (r)           5792 = HCOCO3 (r)             
1903 = C136CO2 (r)            3848 = TLEMUCNO3 (r)          5793 = CISOPAO2 (r)           
1904 = C84OH (r)              3849 = ETBEAO (r)             5794 = ISOPAO2 (r)            
1905 = CHCLOOA (r)            3850 = C516O (r)              5795 = ISOPBO2 (r)            
1906 = PECOH (r)              3851 = C6COCHOPAN (r)         5796 = HC4CCHO (r)            
1907 = IC5H12 (r)             3852 = DMKOHOOH (r)           5797 = MACRNO3 (r)            
1908 = INAHPCHO (r)           3853 = OETLBIPNO3 (r)         5798 = MGLYOX (r)             
1909 = INAHCHO (r)            3854 = C4ECO2OOH (r)          5799 = CH2OO (r)              
1910 = INB1NACHO (r)          3855 = C6M5CO2OOH (r)         5800 = ISOPDO2 (r)            
1911 = INB1HPCHO (r)          3856 = C6DICAROOH (r)         5801 = MVKNO3 (r)             
1912 = H2MC5O (r)             3857 = C7M6CO2OOH (r)         5802 = MACR (r)               
1913 = INDHPCHO (r)           3858 = C42OOH (r)             5803 = CH3O2 (r)              
1914 = LIMBCO (r)             3859 = DMEBMUNO3 (r)          5804 = MVK (r)                
1915 = C818CO (r)             3860 = EMPHO (r)              5805 = HOCH2CO3 (r)           
1916 = C818OH (r)             3861 = DETLMUNO3 (r)          5806 = C923O2 (r)             
1917 = NPROPOL (r)            3862 = OXYBIPENO3 (r)         5807 = GLYOX (r)              
1918 = IBUTALBO (r)           3863 = ETOHOCHO (r)           5808 = HCHO (r)               
1919 = HM23C4O (r)            3864 = MC6CO2OOH (r)          5809 = C3ME3CHOO2 (r)         
1920 = C124OH (r)             3865 = C4MCO2OH (r)           5810 = HCOCH2O2 (r)           
1921 = LMKBCO (r)             3866 = MC5COOHOOH (r)         5811 = HOCH2CHO (r)           
1922 = C69O (r)               3867 = PXYL1O (r)             5812 = C3H7CHO (r)            
1923 = LIMALAOH (r)           3868 = C813NO3 (r)            5813 = CL (r)                 
1924 = LIMALBOH (r)           3869 = DM23BU2ENE (r)         5814 = HOC2H4CO3 (r)          
1925 = C4CHOBO (r)            3870 = CH3SO3 (r)             5815 = CH3COCH2O2 (r)         
1926 = C926OH (r)             3871 = MACROHOOH (r)          5816 = C829O2 (r)             
1927 = C926O (r)              3872 = ME2BUOLOOH (r)         5817 = CO2C3CHO (r)           
1928 = C627OH (r)             3873 = CHCLOHCO (r)           5818 = CH3CO3 (r)             
1929 = LMLKAOH (r)            3874 = IEACHO (r)             5819 = C928CO3 (r)            
1930 = LMLKBOH (r)            3875 = IECCHO (r)             5820 = MEKAO2 (r)             
1931 = M2BKBOH (r)            3876 = C4MOHOCO3H (r)         5821 = C132O2 (r)             
1932 = M2BKBO (r)             3877 = DMPHO (r)              5822 = BCLKET (r)             
1933 = HO14CO2C5 (r)          3878 = TM135MUNO3 (r)         5823 = BCAL (r)               
1934 = C628OH (r)             3879 = TBUT2ENE (r)           5824 = OH (r)                 
1935 = C628O (r)              3880 = C5O5OHCO3H (r)         5825 = HO2 (r)                
1936 = C735OH (r)             3881 = CO2M3C4CHO (r)         5826 = NO (r)                 
1937 = C735O (r)              3882 = EOX2EOL (r)            5827 = SO2 (r)                
1938 = C94OH (r)              3883 = MALDIALOOH (r)         5828 = CO (r)                 
1939 = HO14CO3C5 (r)          3884 = C712OOH (r)            5829 = BCKET (r)              
1940 = DMS (r)                3885 = HODMSO2 (r)            5830 = O3 (r)                 
1941 = DMSO2O (r)             3886 = CH3SOO (r)             5831 = NO2 (r)                
1942 = BCBCO (r)              3887 = C7CO2M5OOH (r)         5832 = NO3 (r)                
1943 = C53OH (r)              3888 = MTBEBPAN (r)           
1944 = C52O (r)               3889 = C7ADICARB (r)          
1945 = C145O (r)              3890 = CBUT2ENE (r)           

Fixed species


### Subroutines ---------------------------------------

SUBROUTINE Fun ( V, F, RCT, Vdot, Aout )
SUBROUTINE Fun_SPLIT ( V, F, RCT, Vdot, P_VAR, D_VAR, Aout )
SUBROUTINE CalcStoichNum ( StoichNum )
SUBROUTINE Jac_SP ( V, F, RCT, JVS )
SUBROUTINE Jac_SP_Vec ( JVS, UV, JUV )
SUBROUTINE JacTR_SP_Vec ( JVS, UV, JTUV )
SUBROUTINE KppSolve ( JVS, X )
SUBROUTINE KppSolveTR ( JVS, X, XX )
SUBROUTINE Initialize ( )
SUBROUTINE Shuffle_user2kpp ( V_USER, V )
SUBROUTINE Shuffle_kpp2user ( V, V_USER )
SUBROUTINE Update_PHOTO ( )
SUBROUTINE GetMass ( CL, Mass )
SUBROUTINE ReactantProd ( V, F, ARP )
SUBROUTINE JacReactantProd ( V, F, JVRP )
