original r_id,species_index,reaction_index,source,target,directed_stoichiometric_value
R001,209,1,O3,R1,-1.0
R001,46,1,R1,O3P,1.0
R002,209,2,O3,R2,-1.0
R002,24,2,R2,O1D,1.0
R003,162,3,H2O2,R3,-1.0
R003,182,3,R3,HO,2.0
R004,56,4,NO2,R4,-1.0
R004,46,4,R4,O3P,1.0
R004,204,4,R4,NO,1.0
R005,122,5,NO3,R5,-1.0
R005,204,5,R5,NO,1.0
R006,122,6,NO3,R6,-1.0
R006,46,6,R6,O3P,1.0
R006,56,6,R6,NO2,1.0
R007,63,7,HONO,R7,-1.0
R007,182,7,R7,HO,1.0
R007,204,7,R7,NO,1.0
R008,165,8,HNO3,R8,-1.0
R008,182,8,R8,HO,1.0
R008,56,8,R8,NO2,1.0
R009,159,9,HNO4,R9,-1.0
R009,182,9,R9,HO,0.2
R009,187,9,R9,HO2,0.8
R009,56,9,R9,NO2,0.8
R009,122,9,R9,NO3,0.2
R010,90,10,HCHO,R10,-1.0
R010,97,10,R10,CO,1.0
R011,90,11,HCHO,R11,-1.0
R011,187,11,R11,HO2,2.0
R011,97,11,R11,CO,1.0
R012,186,12,ACD,R12,-1.0
R012,187,12,R12,HO2,1.0
R012,26,12,R12,MO2,1.0
R012,97,12,R12,CO,1.0
R013,190,13,ALD,R13,-1.0
R013,187,13,R13,HO2,1.0
R013,32,13,R13,ETHP,1.0
R013,97,13,R13,CO,1.0
R014,5,14,ACT,R14,-1.0
R014,26,14,R14,MO2,1.0
R014,30,14,R14,ACO3,1.0
R014a,5,15,ACT,R15,-1.0
R014a,26,15,R15,MO2,2.0
R014a,97,15,R15,CO,1.0
R015,206,16,UALD,R16,-1.0
R015,187,16,R16,HO2,1.22
R015,30,16,R16,ACO3,0.784
R015,97,16,R16,CO,1.22
R015,90,16,R16,HCHO,0.35
R015,190,16,R16,ALD,0.434
R015,188,16,R16,KET,0.216
TRP01,154,17,PINAL,R17,-1.0
TRP01,187,17,R17,HO2,1.0
TRP01,69,17,R17,PINALP,1.0
TRP01,97,17,R17,CO,1.0
TRP02,171,18,LIMAL,R18,-1.0
TRP02,187,18,R18,HO2,1.0
TRP02,147,18,R18,LIMALP,1.0
TRP02,97,18,R18,CO,1.0
R016,94,19,MEK,R19,-1.0
R016,26,19,R19,MO2,0.1
R016,32,19,R19,ETHP,1.0
R016,30,19,R19,ACO3,0.9
R016,97,19,R19,CO,0.1
R017,188,20,KET,R20,-1.0
R017,32,20,R20,ETHP,1.5
R017,30,20,R20,ACO3,0.5
R017,97,20,R20,CO,0.5
R018,57,21,HKET,R21,-1.0
R018,187,21,R21,HO2,1.0
R018,30,21,R21,ACO3,1.0
R018,90,21,R21,HCHO,1.0
R019,138,22,MACR,R22,-1.0
R019,182,22,R22,HO,0.34
R019,187,22,R22,HO2,0.66
R019,30,22,R22,ACO3,0.67
R019,82,22,R22,MACP,0.33
R019,110,22,R22,XO2,0.34
R019,97,22,R22,CO,0.67
R019,90,22,R22,HCHO,0.67
R020,113,23,MVK,R23,-1.0
R020,26,23,R23,MO2,0.3
R020,82,23,R23,MACP,0.3
R020,97,23,R23,CO,0.7
R020,206,23,R23,UALD,0.7
R021,183,24,GLY,R24,-1.0
R021,97,24,R24,CO,2.0
R022,183,25,GLY,R25,-1.0
R022,90,25,R25,HCHO,1.0
R022,97,25,R25,CO,1.0
R023,183,26,GLY,R26,-1.0
R023,187,26,R26,HO2,2.0
R023,97,26,R26,CO,2.0
R024,106,27,MGLY,R27,-1.0
R024,187,27,R27,HO2,1.0
R024,30,27,R27,ACO3,1.0
R024,97,27,R27,CO,1.0
R025,127,28,DCB1,R28,-1.0
R025,187,28,R28,HO2,1.5
R025,30,28,R28,ACO3,0.25
R025,110,28,R28,XO2,0.2
R025,97,28,R28,CO,1.0
R025,183,28,R28,GLY,0.5
R025,106,28,R28,MGLY,0.5
R026,108,29,DCB2,R29,-1.0
R026,187,29,R29,HO2,1.5
R026,30,29,R29,ACO3,0.25
R026,110,29,R29,XO2,0.2
R026,97,29,R29,CO,1.0
R026,183,29,R29,GLY,0.5
R026,106,29,R29,MGLY,0.5
R027a,51,30,BALD,R30,-1.0
R027a,28,30,R30,BEN,1.0
R027a,97,30,R30,CO,1.0
R027b,51,31,BALD,R31,-1.0
R027b,89,31,R31,BAL1,1.0
R027b,97,31,R31,CO,1.0
R027b,187,31,R31,HO2,1.0
R028,205,32,OP1,R32,-1.0
R028,182,32,R32,HO,1.0
R028,187,32,R32,HO2,1.0
R028,90,32,R32,HCHO,1.0
R029,124,33,OP2,R33,-1.0
R029,182,33,R33,HO,1.0
R029,187,33,R33,HO2,1.0
R029,190,33,R33,ALD,1.0
TRP03,77,34,OPB,R34,-1.0
TRP03,182,34,R34,HO,1.0
TRP03,187,34,R34,HO2,1.0
TRP03,190,34,R34,ALD,1.0
R029a,142,35,VOP3,R35,-1.0
R029a,182,35,R35,HO,1.0
R029a,187,35,R35,HO2,1.0
R029a,190,35,R35,ALD,1.0
R030,181,36,PAA,R36,-1.0
R030,182,36,R36,HO,1.0
R030,26,36,R36,MO2,1.0
R031,203,37,ONIT,R37,-1.0
R031,187,37,R37,HO2,1.0
R031,56,37,R37,NO2,1.0
R031,190,37,R37,ALD,0.2
R031,188,37,R37,KET,0.8
R032,19,38,PAN,R38,-1.0
R032,30,38,R38,ACO3,1.0
R032,56,38,R38,NO2,1.0
R033,19,39,PAN,R39,-1.0
R033,26,39,R39,MO2,1.0
R033,122,39,R39,NO3,1.0
R033,207,39,R39,CO2,1.0
R033a,33,40,PPN,R40,-1.0
R033a,173,40,R40,RCO3,1.0
R033a,56,40,R40,NO2,1.0
R033b,33,41,PPN,R41,-1.0
R033b,116,41,R41,HC3P,1.0
R033b,122,41,R41,NO3,1.0
TRP55,176,42,VTRPN,R42,-1.0
TRP55,56,42,R42,NO2,1.0
TRP55,188,42,R42,KET,0.67
TRP55,206,42,R42,UALD,0.33
TRP56,37,43,VHONIT,R43,-1.0
TRP56,57,43,R43,HKET,1.0
TRP56,56,43,R43,NO2,1.0
R034,209,44,O3,R44,-1.0
R034,182,44,HO,R44,-1.0
R034,187,44,R44,HO2,1.0
R035,209,45,O3,R45,-1.0
R035,187,45,HO2,R45,-1.0
R035,182,45,R45,HO,1.0
R036,209,46,O3,R46,-1.0
R036,204,46,NO,R46,-1.0
R036,56,46,R46,NO2,1.0
R037,209,47,O3,R47,-1.0
R037,56,47,NO2,R47,-1.0
R037,122,47,R47,NO3,1.0
R038,46,48,O3P,R48,-1.0
R038,222,48,O2,R48,-1.0
R038,79,48,M,R48,-1.0
R038,209,48,R48,O3,1.0
R039,46,49,O3P,R49,-1.0
R039,209,49,O3,R49,-1.0
R039,1,49,R49,,1.0
R040,24,50,O1D,R50,-1.0
R040,222,50,O2,R50,-1.0
R040,46,50,R50,O3P,1.0
R041,24,51,O1D,R51,-1.0
R041,123,51,N2,R51,-1.0
R041,46,51,R51,O3P,1.0
R042,24,52,O1D,R52,-1.0
R042,9,52,H2O,R52,-1.0
R042,182,52,R52,HO,2.0
R043,182,53,HO,R53,-1.0
R043,153,53,H2,R53,-1.0
R043,187,53,R53,HO2,1.0
R044,182,54,HO,R54,-1.0
R044,187,54,HO2,R54,-1.0
R044,1,54,R54,,1.0
R045,187,55,HO2,R55,-1.0
R045,187,55,HO2,R55,-1.0
R045,120,55,R55,H2O2 %3,1.0
R046,187,56,HO2,R56,-1.0
R046,187,56,HO2,R56,-1.0
R046,9,56,H2O,R56,-1.0
R046,111,56,R56,H2O2  %3,1.0
R047,162,57,H2O2,R57,-1.0
R047,182,57,HO,R57,-1.0
R047,187,57,R57,HO2,1.0
R048,204,58,NO,R58,-1.0
R048,46,58,O3P,R58,-1.0
R048,56,58,R58,NO2,1.0
R049,204,59,NO,R59,-1.0
R049,182,59,HO,R59,-1.0
R049,63,59,R59,HONO,1.0
R050,204,60,NO,R60,-1.0
R050,187,60,HO2,R60,-1.0
R050,56,60,R60,NO2,1.0
R050,182,60,R60,HO,1.0
R051,204,61,NO,R61,-1.0
R051,187,61,HO2,R61,-1.0
R051,107,61,R61,HNO3  %3,1.0
R052,204,62,NO,R62,-1.0
R052,204,62,NO,R62,-1.0
R052,222,62,O2,R62,-1.0
R052,56,62,R62,NO2,2.0
R053,63,63,HONO,R63,-1.0
R053,182,63,HO,R63,-1.0
R053,56,63,R63,NO2,1.0
R054,56,64,NO2,R64,-1.0
R054,46,64,O3P,R64,-1.0
R054,204,64,R64,NO,1.0
R055,56,65,NO2,R65,-1.0
R055,46,65,O3P,R65,-1.0
R055,122,65,R65,NO3,1.0
R056,56,66,NO2,R66,-1.0
R056,182,66,HO,R66,-1.0
R056,165,66,R66,HNO3,1.0
R057,165,67,HNO3,R67,-1.0
R057,182,67,HO,R67,-1.0
R057,17,67,R67,NO3  %2,1.0
R058,122,68,NO3,R68,-1.0
R058,182,68,HO,R68,-1.0
R058,187,68,R68,HO2,1.0
R058,56,68,R68,NO2,1.0
R059,122,69,NO3,R69,-1.0
R059,187,69,HO2,R69,-1.0
R059,182,69,R69,HO,0.7
R059,56,69,R69,NO2,0.7
R059,165,69,R69,HNO3,0.3
R060,122,70,NO3,R70,-1.0
R060,204,70,NO,R70,-1.0
R060,56,70,R70,NO2,2.0
R061,122,71,NO3,R71,-1.0
R061,56,71,NO2,R71,-1.0
R061,204,71,R71,NO,1.0
R061,56,71,R71,NO2,1.0
R062,122,72,NO3,R72,-1.0
R062,122,72,NO3,R72,-1.0
R062,56,72,R72,NO2,2.0
R063,122,73,NO3,R73,-1.0
R063,56,73,NO2,R73,-1.0
R063,98,73,R73,N2O5,1.0
R064,98,74,N2O5,R74,-1.0
R064,56,74,R74,NO2,1.0
R064,122,74,R74,NO3,1.0
R065,98,75,N2O5,R75,-1.0
R065,9,75,H2O,R75,-1.0
R065,165,75,R75,HNO3,2.0
R066,56,76,NO2,R76,-1.0
R066,187,76,HO2,R76,-1.0
R066,159,76,R76,HNO4,1.0
R067,159,77,HNO4,R77,-1.0
R067,187,77,R77,HO2,1.0
R067,56,77,R77,NO2,1.0
R068,159,78,HNO4,R78,-1.0
R068,182,78,HO,R78,-1.0
R068,56,78,R78,NO2,1.0
R069,68,79,SO2,R79,-1.0
R069,182,79,HO,R79,-1.0
R069,187,79,R79,HO2,1.0
R069,109,79,R79,SULF,1.0
R069,45,79,R79,SULRXN,1.0
R070,97,80,CO,R80,-1.0
R070,182,80,HO,R80,-1.0
R070,187,80,R80,HO2,1.0
R070,143,80,R80,CO2 %3,1.0
R071,182,81,HO,R81,-1.0
R071,166,81,CH4,R81,-1.0
R071,26,81,R81,MO2,1.0
R072,131,82,ETH,R82,-1.0
R072,182,82,HO,R82,-1.0
R072,32,82,R82,ETHP,1.0
R073,199,83,HC3,R83,-1.0
R073,182,83,HO,R83,-1.0
R073,116,83,R83,HC3P,1.0
R073,52,83,R83,ASOATJ,2.81e-05
R074,160,84,HC5,R84,-1.0
R074,182,84,HO,R84,-1.0
R074,149,84,R84,HC5P,1.0
R074,52,84,R84,ASOATJ,0.00134
R076,13,85,ETE,R85,-1.0
R076,182,85,HO,R85,-1.0
R076,212,85,R85,ETEP,1.0
R077,14,86,OLT,R86,-1.0
R077,182,86,HO,R86,-1.0
R077,168,86,R86,OLTP,1.0
R078,121,87,OLI,R87,-1.0
R078,182,87,HO,R87,-1.0
R078,164,87,R87,OLIP,1.0
R080,214,88,ACE,R88,-1.0
R080,182,88,HO,R88,-1.0
R080,182,88,R88,HO,0.65
R080,187,88,R88,HO2,0.35
R080,97,88,R88,CO,0.35
R080,183,88,R88,GLY,0.65
R080,10,88,R88,ORA1,0.35
ROCARO31,28,89,BEN,R89,-1.0
ROCARO31,182,89,HO,R89,-1.0
ROCARO31,136,89,R89,BENP,0.47
ROCARO31,197,89,R89,PHEN,0.53
ROCARO31,187,89,R89,HO2,0.53
ROCARO41,92,90,TOL,R90,-1.0
ROCARO41,182,90,HO,R90,-1.0
ROCARO41,66,90,R90,TOLP,0.82
ROCARO41,128,90,R90,CSL,0.18
ROCARO41,187,90,R90,HO2,0.18
ROCARO51,126,91,XYL,R91,-1.0
ROCARO51,182,91,HO,R91,-1.0
ROCARO51,146,91,R91,XYLP,0.83
ROCARO51,128,91,R91,CSL,0.17
ROCARO51,187,91,R91,HO2,0.17
ROCARO61,216,92,EBZ,R92,-1.0
ROCARO61,182,92,HO,R92,-1.0
ROCARO61,65,92,R92,EBZP,0.82
ROCARO61,128,92,R92,CSL,0.18
ROCARO61,187,92,R92,HO2,0.18
ROCARO61a,216,93,EBZ,R93,-1.0
ROCARO61a,122,93,NO3,R93,-1.0
ROCARO61a,65,93,R93,EBZP,1.0
ROCARO61a,165,93,R93,HNO3,1.0
RAM01,40,94,ISO,R94,-1.0
RAM01,209,94,O3,R94,-1.0
RAM01,182,94,R94,HO,0.25
RAM01,187,94,R94,HO2,0.25
RAM01,26,94,R94,MO2,0.4
RAM01,30,94,R94,ACO3,0.018
RAM01,82,94,R94,MACP,0.1
RAM01,162,94,R94,H2O2,0.09
RAM01,97,94,R94,CO,0.22
RAM01,90,94,R94,HCHO,1.0
RAM01,138,94,R94,MACR,0.3
RAM01,113,94,R94,MVK,0.14
RAM01,10,94,R94,ORA1,0.28
RAM01,14,94,R94,OLT,0.153
RAM02,40,95,ISO,R95,-1.0
RAM02,122,95,NO3,R95,-1.0
RAM02,56,95,R95,NO2,0.4
RAM02,196,95,R95,ISON,0.045
RAM02,90,95,R95,HCHO,0.35
RAM02,84,95,R95,ISONP,0.555
RAM02,113,95,R95,MVK,0.26
RAM02,138,95,R95,MACR,0.028
RAM03,40,96,ISO,R96,-1.0
RAM03,182,96,HO,R96,-1.0
RAM03,11,96,R96,ISOP,1.0
RAM03,90,96,R96,HCHO,0.25
RAM03,138,96,R96,MACR,0.03
RAM03,106,96,R96,MGLY,0.05
RAM04,11,97,ISOP,R97,-1.0
RAM04,187,97,HO2,R97,-1.0
RAM04,145,97,R97,ISHP,1.0
RAM04,187,97,R97,HO2,0.07
RAM04,182,97,R97,HO,0.5
RAM05,11,98,ISOP,R98,-1.0
RAM05,204,98,NO,R98,-1.0
RAM05,196,98,R98,ISON,0.13
RAM05,90,98,R98,HCHO,0.4
RAM05,187,98,R98,HO2,0.88
RAM05,56,98,R98,NO2,0.87
RAM05,138,98,R98,MACR,0.18
RAM05,113,98,R98,MVK,0.51
RAM06,145,99,ISHP,R99,-1.0
RAM06,182,99,HO,R99,-1.0
RAM06,11,99,R99,ISOP,1.0
RAM07,145,100,ISHP,R100,-1.0
RAM07,182,100,HO,R100,-1.0
RAM07,106,100,R100,MGLY,0.04
RAM07,183,100,R100,GLY,0.02
RAM07,113,100,R100,MVK,0.13
RAM07,189,100,R100,IEPOX,0.44
RAM07,30,100,R100,ACO3,0.11
RAM07,138,100,R100,MACR,0.03
RAM07,182,100,R100,HO,2.0
RAM07,187,100,R100,HO2,0.34
RAM07,102,100,R100,IPX,0.14
RAM07,97,100,R100,CO,1.0
RAM08,84,101,ISONP,R101,-1.0
RAM08,187,101,HO2,R101,-1.0
RAM08,182,101,R101,HO,0.45
RAM08,226,101,R101,INALD,0.95
RAM08,102,101,R101,IPX,0.02
RAM09,84,102,ISONP,R102,-1.0
RAM09,204,102,NO,R102,-1.0
RAM09,113,102,R102,MVK,0.15
RAM09,226,102,R102,INALD,0.65
RAM09,196,102,R102,ISON,0.05
RAM09,90,102,R102,HCHO,0.2
RAM09,56,102,R102,NO2,1.3
RAM10,196,103,ISON,R103,-1.0
RAM10,182,103,HO,R103,-1.0
RAM10,182,103,R103,HO,1.0
RAM10,226,103,R103,INALD,0.35
RAM10,189,103,R103,IEPOX,0.17
RAM10,56,103,R103,NO2,0.65
RAM11,182,104,HO,R104,-1.0
RAM11,226,104,INALD,R104,-1.0
RAM11,97,104,R104,CO,1.0
RAM11,56,104,R104,NO2,1.0
RAM11,187,104,R104,HO2,0.3
RAM11,90,104,R104,HCHO,1.0
RAM12,196,105,ISON,R105,-1.0
RAM12,165,105,R105,HNO3,1.0
RAM12,140,105,R105,ROH,1.0
RAM13,102,106,IPX,R106,-1.0
RAM13,182,106,HO,R106,-1.0
RAM13,138,106,R106,MACR,0.57
RAM13,113,106,R106,MVK,0.43
R087,193,107,API,R107,-1.0
R087,182,107,HO,R107,-1.0
R087,18,107,R107,APIP1,0.975
R087,161,107,R107,APIP2,0.025
R088,141,108,LIM,R108,-1.0
R088,182,108,HO,R108,-1.0
R088,34,108,R108,LIMP1,0.945
R088,103,108,R108,LIMP2,0.055
TRP04,154,109,PINAL,R109,-1.0
TRP04,182,109,HO,R109,-1.0
TRP04,69,109,R109,PINALP,0.23
TRP04,173,109,R109,RCO3,0.77
TRP05,171,110,LIMAL,R110,-1.0
TRP05,182,110,HO,R110,-1.0
TRP05,147,110,R110,LIMALP,0.83
TRP05,173,110,R110,RCO3,0.17
R089,90,111,HCHO,R111,-1.0
R089,182,111,HO,R111,-1.0
R089,187,111,R111,HO2,1.0
R089,97,111,R111,CO,1.0
R090,186,112,ACD,R112,-1.0
R090,182,112,HO,R112,-1.0
R090,30,112,R112,ACO3,1.0
R091,190,113,ALD,R113,-1.0
R091,182,113,HO,R113,-1.0
R091,173,113,R113,RCO3,1.0
R092,5,114,ACT,R114,-1.0
R092,182,114,HO,R114,-1.0
R092,208,114,R114,ACTP,1.0
R093,94,115,MEK,R115,-1.0
R093,182,115,HO,R115,-1.0
R093,202,115,R115,MEKP,1.0
R094,188,116,KET,R116,-1.0
R094,182,116,HO,R116,-1.0
R094,148,116,R116,KETP,1.0
R095,57,117,HKET,R117,-1.0
R095,182,117,HO,R117,-1.0
R095,187,117,R117,HO2,1.0
R095,106,117,R117,MGLY,1.0
R096,138,118,MACR,R118,-1.0
R096,182,118,HO,R118,-1.0
R096,82,118,R118,MACP,0.57
R096,170,118,R118,MCP,0.43
R097,113,119,MVK,R119,-1.0
R097,182,119,HO,R119,-1.0
R097,67,119,R119,MVKP,1.0
R098,206,120,UALD,R120,-1.0
R098,182,120,HO,R120,-1.0
R098,30,120,R120,ACO3,0.313
R098,74,120,R120,UALP,0.687
R099,183,121,GLY,R121,-1.0
R099,182,121,HO,R121,-1.0
R099,187,121,R121,HO2,1.0
R099,97,121,R121,CO,2.0
R100,106,122,MGLY,R122,-1.0
R100,182,122,HO,R122,-1.0
R100,30,122,R122,ACO3,1.0
R100,97,122,R122,CO,1.0
R101,127,123,DCB1,R123,-1.0
R101,182,123,HO,R123,-1.0
R101,187,123,R123,HO2,0.52
R101,97,123,R123,CO,0.33
R101,190,123,R123,ALD,0.4
R101,188,123,R123,KET,0.78
R101,183,123,R123,GLY,0.1
R101,106,123,R123,MGLY,0.01
R102,108,124,DCB2,R124,-1.0
R102,182,124,HO,R124,-1.0
R102,187,124,R124,HO2,0.52
R102,97,124,R124,CO,0.33
R102,94,124,R124,MEK,0.13
R102,183,124,R124,GLY,0.1
R102,106,124,R124,MGLY,0.01
R102,124,124,R124,OP2,0.78
R103,115,125,DCB3,R125,-1.0
R103,182,125,HO,R125,-1.0
R103,187,125,R125,HO2,0.56
R103,82,125,R125,MACP,0.21
R103,97,125,R125,CO,0.11
R103,183,125,R125,GLY,0.27
R103,106,125,R125,MGLY,0.01
R103,124,125,R125,OP2,0.79
R104,51,126,BALD,R126,-1.0
R104,182,126,HO,R126,-1.0
R104,91,126,R126,BALP,1.0
R105,197,127,PHEN,R127,-1.0
R105,182,127,HO,R127,-1.0
R105,52,127,R127,ASOATJ,0.152
R105,187,127,R127,HO2,0.619
R105,200,127,R127,ADDC,0.17
R105,194,127,R127,CHO,0.059
R105,152,127,R127,MCT,0.619
R106,128,128,CSL,R128,-1.0
R106,182,128,HO,R128,-1.0
R106,52,128,R128,ASOATJ,0.2
R106,187,128,R128,HO2,0.584
R106,200,128,R128,ADDC,0.16
R106,194,128,R128,CHO,0.056
R106,152,128,R128,MCT,0.584
R108,152,129,MCT,R129,-1.0
R108,182,129,HO,R129,-1.0
R108,217,129,R129,MCTO,1.0
R109,224,130,MOH,R130,-1.0
R109,182,130,HO,R130,-1.0
R109,187,130,R130,HO2,1.0
R109,90,130,R130,HCHO,1.0
R110,150,131,EOH,R131,-1.0
R110,182,131,HO,R131,-1.0
R110,187,131,R131,HO2,1.0
R110,186,131,R131,ACD,1.0
R111,140,132,ROH,R132,-1.0
R111,182,132,HO,R132,-1.0
R111,187,132,R132,HO2,1.0
R111,190,132,R132,ALD,0.719
R111,186,132,R132,ACD,0.184
R112,48,133,ETEG,R133,-1.0
R112,182,133,HO,R133,-1.0
R112,187,133,R133,HO2,1.0
R112,186,133,R133,ACD,1.0
R113,205,134,OP1,R134,-1.0
R113,182,134,HO,R134,-1.0
R113,182,134,R134,HO,0.35
R113,26,134,R134,MO2,0.65
R113,90,134,R134,HCHO,0.35
R114,124,135,OP2,R135,-1.0
R114,182,135,HO,R135,-1.0
R114,182,135,R135,HO,0.01
R114,116,135,R135,HC3P,0.44
R114,110,135,R135,XO2,0.07
R114,190,135,R135,ALD,0.08
R114,188,135,R135,KET,0.41
TRP06,77,136,OPB,R136,-1.0
TRP06,182,136,HO,R136,-1.0
TRP06,182,136,R136,HO,0.01
TRP06,4,136,R136,HC10P,0.44
TRP06,110,136,R136,XO2,0.07
TRP06,190,136,R136,ALD,0.08
TRP06,188,136,R136,KET,0.41
R116,50,137,MAHP,R137,-1.0
R116,182,137,HO,R137,-1.0
R116,82,137,R137,MACP,1.0
R117,10,138,ORA1,R138,-1.0
R117,182,138,HO,R138,-1.0
R117,187,138,R138,HO2,1.0
R117,207,138,R138,CO2,1.0
R118,177,139,ORA2,R139,-1.0
R118,182,139,HO,R139,-1.0
R118,26,139,R139,MO2,0.64
R118,20,139,R139,ORAP,0.36
R118,207,139,R139,CO2,0.64
R119,181,140,PAA,R140,-1.0
R119,182,140,HO,R140,-1.0
R119,182,140,R140,HO,0.35
R119,30,140,R140,ACO3,0.65
R119,110,140,R140,XO2,0.35
R119,90,140,R140,HCHO,0.35
R120,19,141,PAN,R141,-1.0
R120,182,141,HO,R141,-1.0
R120,110,141,R141,XO2,1.0
R120,122,141,R141,NO3,1.0
R120,90,141,R141,HCHO,1.0
R121,33,142,PPN,R142,-1.0
R121,182,142,HO,R142,-1.0
R121,110,142,R142,XO2,1.0
R121,122,142,R142,NO3,1.0
R121,90,142,R142,HCHO,1.0
R122,185,143,MPAN,R143,-1.0
R122,182,143,HO,R143,-1.0
R122,56,143,R143,NO2,1.0
R122,57,143,R143,HKET,1.0
R122,97,143,R143,CO,1.0
R123,203,144,ONIT,R144,-1.0
R123,182,144,HO,R144,-1.0
R123,116,144,R144,HC3P,1.0
R123,56,144,R144,NO2,1.0
TRP07,176,145,VTRPN,R145,-1.0
TRP07,182,145,HO,R145,-1.0
TRP07,37,145,R145,VHONIT,0.33
TRP07,56,145,R145,NO2,0.67
TRP07,154,145,R145,PINAL,0.27
TRP07,188,145,R145,KET,0.38
TRP07,90,145,R145,HCHO,0.21
TRP07,190,145,R145,ALD,0.02
TRP57,37,146,VHONIT,R146,-1.0
TRP57,182,146,HO,R146,-1.0
TRP57,57,146,R146,HKET,1.0
TRP57,122,146,R146,NO3,1.0
TRP57,139,146,R146,DELTA_C %2,7.0
R126,13,147,ETE,R147,-1.0
R126,209,147,O3,R147,-1.0
R126,182,147,R147,HO,0.08
R126,187,147,R147,HO2,0.15
R126,97,147,R147,CO,0.63
R126,90,147,R147,HCHO,1.0
R126,10,147,R147,ORA1,0.37
R127,14,148,OLT,R148,-1.0
R127,209,148,O3,R148,-1.0
R127,182,148,R148,HO,0.22
R127,187,148,R148,HO2,0.32
R127,26,148,R148,MO2,0.08
R127,32,148,R148,ETHP,0.06
R127,116,148,R148,HC3P,0.04
R127,149,148,R148,HC5P,0.02
R127,162,148,R148,H2O2,0.068
R127,97,148,R148,CO,0.43
R127,131,148,R148,ETH,0.02
R127,199,148,R148,HC3,0.015
R127,160,148,R148,HC5,0.006
R127,28,148,R148,BEN,0.032
R127,90,148,R148,HCHO,0.56
R127,186,148,R148,ACD,0.01
R127,190,148,R148,ALD,0.44
R127,5,148,R148,ACT,0.03
R127,51,148,R148,BALD,0.02
R127,94,148,R148,MEK,0.06
R127,57,148,R148,HKET,0.01
R127,10,148,R148,ORA1,0.03
R127,177,148,R148,ORA2,0.06
R128,121,149,OLI,R149,-1.0
R128,209,149,O3,R149,-1.0
R128,182,149,R149,HO,0.46
R128,187,149,R149,HO2,0.07
R128,26,149,R149,MO2,0.32
R128,32,149,R149,ETHP,0.07
R128,116,149,R149,HC3P,0.04
R128,30,149,R149,ACO3,0.09
R128,97,149,R149,CO,0.37
R128,162,149,R149,H2O2,0.026
R128,131,149,R149,ETH,0.01
R128,199,149,R149,HC3,0.01
R128,90,149,R149,HCHO,0.09
R128,186,149,R149,ACD,0.457
R128,190,149,R149,ALD,0.73
R128,5,149,R149,ACT,0.11
R128,188,149,R149,KET,0.017
R128,57,149,R149,HKET,0.044
R128,177,149,R149,ORA2,0.017
R131,193,150,API,R150,-1.0
R131,209,150,O3,R150,-1.0
R131,182,150,R150,HO,0.6055
R131,69,150,R150,PINALP,0.2145
R131,162,150,R150,H2O2,0.255
R131,154,150,R150,PINAL,0.2535
R131,177,150,R150,ORA2,0.0065
R131,187,150,R150,HO2,0.1105
R131,97,150,R150,CO,0.1105
R131,90,150,R150,HCHO,0.459
R131,18,150,R150,APIP1,0.2305
R131,161,150,R150,APIP2,0.05
R131,188,150,R150,KET,0.1785
R131,199,150,R150,HC3,0.0665
R131,205,150,R150,OP1,0.0385
R131,10,150,R150,ORA1,0.028
R132,141,151,LIM,R151,-1.0
R132,209,151,O3,R151,-1.0
R132,182,151,R151,HO,0.66
R132,171,151,R151,LIMAL,0.66
R132,30,151,R151,ACO3,0.33
R132,90,151,R151,HCHO,0.33
R132,34,151,R151,LIMP1,0.22
R132,103,151,R151,LIMP2,0.11
R132,162,151,R151,H2O2,0.33
R132,177,151,R151,ORA2,0.01
TRP08,171,152,LIMAL,R152,-1.0
TRP08,209,152,O3,R152,-1.0
TRP08,182,152,R152,HO,0.09
TRP08,190,152,R152,ALD,1.0
TRP08,90,152,R152,HCHO,0.62
TRP08,205,152,R152,OP1,0.23
TRP08,162,152,R152,H2O2,0.02
TRP08,10,152,R152,ORA1,0.15
TRP09,176,153,VTRPN,R153,-1.0
TRP09,209,153,O3,R153,-1.0
TRP09,37,153,R153,VHONIT,0.33
TRP09,56,153,R153,NO2,0.67
TRP09,154,153,R153,PINAL,0.27
TRP09,188,153,R153,KET,0.38
TRP09,90,153,R153,HCHO,0.21
TRP09,190,153,R153,ALD,0.02
R133,138,154,MACR,R154,-1.0
R133,209,154,O3,R154,-1.0
R133,182,154,R154,HO,0.19
R133,187,154,R154,HO2,0.14
R133,30,154,R154,ACO3,0.1
R133,97,154,R154,CO,0.22
R133,106,154,R154,MGLY,0.5
R133,10,154,R154,ORA1,0.45
R134,113,155,MVK,R155,-1.0
R134,209,155,O3,R155,-1.0
R134,182,155,R155,HO,0.16
R134,187,155,R155,HO2,0.11
R134,30,155,R155,ACO3,0.28
R134,110,155,R155,XO2,0.01
R134,97,155,R155,CO,0.56
R134,90,155,R155,HCHO,0.1
R134,106,155,R155,MGLY,0.54
R134,10,155,R155,ORA1,0.07
R134,177,155,R155,ORA2,0.07
R134,190,155,R155,ALD,0.1
R135,206,156,UALD,R156,-1.0
R135,209,156,O3,R156,-1.0
R135,182,156,R156,HO,0.1
R135,187,156,R156,HO2,0.072
R135,26,156,R156,MO2,0.008
R135,30,156,R156,ACO3,0.002
R135,110,156,R156,XO2,0.1
R135,97,156,R156,CO,0.243
R135,90,156,R156,HCHO,0.08
R135,186,156,R156,ACD,0.42
R135,188,156,R156,KET,0.028
R135,183,156,R156,GLY,0.491
R135,106,156,R156,MGLY,0.003
R135,10,156,R156,ORA1,0.044
R136,127,157,DCB1,R157,-1.0
R136,209,157,O3,R157,-1.0
R136,182,157,R157,HO,0.05
R136,187,157,R157,HO2,1.0
R136,173,157,R157,RCO3,0.6
R136,110,157,R157,XO2,0.6
R136,97,157,R157,CO,1.5
R136,207,157,R157,CO2,0.5
R136,90,157,R157,HCHO,0.05
R136,183,157,R157,GLY,0.05
R136,106,157,R157,MGLY,0.08
R136,124,157,R157,OP2,0.65
R137,108,158,DCB2,R158,-1.0
R137,209,158,O3,R158,-1.0
R137,182,158,R158,HO,0.05
R137,187,158,R158,HO2,1.0
R137,173,158,R158,RCO3,0.6
R137,110,158,R158,XO2,0.6
R137,97,158,R158,CO,1.5
R137,207,158,R158,CO2,0.5
R137,90,158,R158,HCHO,0.05
R137,183,158,R158,GLY,0.05
R137,106,158,R158,MGLY,0.08
R137,127,158,R158,DCB1,0.7
R137,124,158,R158,OP2,0.65
R138,115,159,DCB3,R159,-1.0
R138,209,159,O3,R159,-1.0
R138,182,159,R159,HO,0.05
R138,187,159,R159,HO2,1.0
R138,97,159,R159,CO,1.5
R138,207,159,R159,CO2,0.5
R138,183,159,R159,GLY,0.48
R138,127,159,R159,DCB1,0.7
R138,10,159,R159,ORA1,0.25
R138,177,159,R159,ORA2,0.25
R138,181,159,R159,PAA,0.11
R140,217,160,MCTO,R160,-1.0
R140,209,160,O3,R160,-1.0
R140,179,160,R160,MCTP,1.0
R141,13,161,ETE,R161,-1.0
R141,122,161,NO3,R161,-1.0
R141,80,161,R161,OLNN,0.8
R141,125,161,R161,OLND,0.2
R142,14,162,OLT,R162,-1.0
R142,122,162,NO3,R162,-1.0
R142,80,162,R162,OLNN,0.43
R142,125,162,R162,OLND,0.57
R143,121,163,OLI,R163,-1.0
R143,122,163,NO3,R163,-1.0
R143,80,163,R163,OLNN,0.11
R143,125,163,R163,OLND,0.89
R146,193,164,API,R164,-1.0
R146,122,164,NO3,R164,-1.0
R146,112,164,R164,APINP1,0.975
R146,178,164,R164,APINP2,0.025
R147,141,165,LIM,R165,-1.0
R147,122,165,NO3,R165,-1.0
R147,191,165,R165,LIMNP1,0.945
R147,54,165,R165,LIMNP2,0.055
TRP10,176,166,VTRPN,R166,-1.0
TRP10,122,166,NO3,R166,-1.0
TRP10,37,166,R166,VHONIT,0.33
TRP10,56,166,R166,NO2,0.67
TRP10,154,166,R166,PINAL,0.27
TRP10,188,166,R166,KET,0.38
TRP10,90,166,R166,HCHO,0.21
TRP10,190,166,R166,ALD,0.02
R148,90,167,HCHO,R167,-1.0
R148,122,167,NO3,R167,-1.0
R148,187,167,R167,HO2,1.0
R148,97,167,R167,CO,1.0
R148,165,167,R167,HNO3,1.0
R149,186,168,ACD,R168,-1.0
R149,122,168,NO3,R168,-1.0
R149,30,168,R168,ACO3,1.0
R149,165,168,R168,HNO3,1.0
R150,190,169,ALD,R169,-1.0
R150,122,169,NO3,R169,-1.0
R150,173,169,R169,RCO3,1.0
R150,165,169,R169,HNO3,1.0
R151,138,170,MACR,R170,-1.0
R151,122,170,NO3,R170,-1.0
R151,90,170,R170,HCHO,0.68
R151,82,170,R170,MACP,0.32
R151,110,170,R170,XO2,0.68
R151,106,170,R170,MGLY,0.68
R151,165,170,R170,HNO3,0.32
R151,56,170,R170,NO2,0.68
R152,206,171,UALD,R171,-1.0
R152,122,171,NO3,R171,-1.0
R152,187,171,R171,HO2,1.0
R152,110,171,R171,XO2,1.0
R152,97,171,R171,CO,0.668
R152,90,171,R171,HCHO,0.332
R152,190,171,R171,ALD,0.332
R152,203,171,R171,ONIT,1.0
R153,183,172,GLY,R172,-1.0
R153,122,172,NO3,R172,-1.0
R153,187,172,R172,HO2,1.0
R153,97,172,R172,CO,2.0
R153,165,172,R172,HNO3,1.0
R154,106,173,MGLY,R173,-1.0
R154,122,173,NO3,R173,-1.0
R154,30,173,R173,ACO3,1.0
R154,97,173,R173,CO,1.0
R154,165,173,R173,HNO3,1.0
RBAL1,51,174,BALD,R174,-1.0
RBAL1,122,174,NO3,R174,-1.0
RBAL1,91,174,R174,BALP,1.0
RBAL1,165,174,R174,HNO3,1.0
R155,197,175,PHEN,R175,-1.0
R155,122,175,NO3,R175,-1.0
R155,52,175,R175,ASOATJ,0.152
R155,194,175,R175,CHO,0.339
R155,200,175,R175,ADDC,0.85
R155,105,175,R175,ADCN,0.424
R155,165,175,R175,HNO3,0.424
R156,128,176,CSL,R176,-1.0
R156,122,176,NO3,R176,-1.0
R156,52,176,R176,ASOATJ,0.2
R156,194,176,R176,CHO,0.32
R156,200,176,R176,ADDC,0.08
R156,105,176,R176,ADCN,0.4
R156,165,176,R176,HNO3,0.4
R158,152,177,MCT,R177,-1.0
R158,122,177,NO3,R177,-1.0
R158,217,177,R177,MCTO,1.0
R158,165,177,R177,HNO3,1.0
R159,185,178,MPAN,R178,-1.0
R159,122,178,NO3,R178,-1.0
R159,82,178,R178,MACP,1.0
R159,56,178,R178,NO2,1.0
R159,165,178,R178,HNO3,1.0
RBAL2,91,179,BALP,R179,-1.0
RBAL2,56,179,NO2,R179,-1.0
RBAL2,19,179,R179,PAN,1.0
TRP11,69,180,PINALP,R180,-1.0
TRP11,135,180,R180,VHOM,1.0
TRP12,147,181,LIMALP,R181,-1.0
TRP12,135,181,R181,VHOM,1.0
R166,30,182,ACO3,R182,-1.0
R166,56,182,NO2,R182,-1.0
R166,19,182,R182,PAN,1.0
R167,19,183,PAN,R183,-1.0
R167,30,183,R183,ACO3,1.0
R167,56,183,R183,NO2,1.0
R168,173,184,RCO3,R184,-1.0
R168,56,184,NO2,R184,-1.0
R168,33,184,R184,PPN,1.0
R169,33,185,PPN,R185,-1.0
R169,173,185,R185,RCO3,1.0
R169,56,185,R185,NO2,1.0
R170,82,186,MACP,R186,-1.0
R170,56,186,NO2,R186,-1.0
R170,185,186,R186,MPAN,1.0
R171,185,187,MPAN,R187,-1.0
R171,82,187,R187,MACP,1.0
R171,56,187,R187,NO2,1.0
R172,26,188,MO2,R188,-1.0
R172,204,188,NO,R188,-1.0
R172,187,188,R188,HO2,1.0
R172,56,188,R188,NO2,1.0
R172,90,188,R188,HCHO,1.0
R173,32,189,ETHP,R189,-1.0
R173,204,189,NO,R189,-1.0
R173,187,189,R189,HO2,1.0
R173,56,189,R189,NO2,1.0
R173,186,189,R189,ACD,1.0
R174,116,190,HC3P,R190,-1.0
R174,204,190,NO,R190,-1.0
R174,187,190,R190,HO2,0.66
R174,26,190,R190,MO2,0.131
R174,32,190,R190,ETHP,0.048
R174,110,190,R190,XO2,0.089
R174,56,190,R190,NO2,0.935
R174,186,190,R190,ACD,0.504
R174,190,190,R190,ALD,0.132
R174,5,190,R190,ACT,0.165
R174,94,190,R190,MEK,0.042
R174,203,190,R190,ONIT,0.065
R175,149,191,HC5P,R191,-1.0
R175,204,191,NO,R191,-1.0
R175,187,191,R191,HO2,0.2
R175,26,191,R191,MO2,0.051
R175,32,191,R191,ETHP,0.231
R175,110,191,R191,XO2,0.235
R175,56,191,R191,NO2,0.864
R175,90,191,R191,HCHO,0.018
R175,186,191,R191,ACD,0.045
R175,190,191,R191,ALD,0.203
R175,94,191,R191,MEK,0.033
R175,5,191,R191,ACT,0.217
R175,188,191,R191,KET,0.033
R175,57,191,R191,HKET,0.272
R175,203,191,R191,ONIT,0.136
R177,212,192,ETEP,R192,-1.0
R177,204,192,NO,R192,-1.0
R177,187,192,R192,HO2,1.0
R177,56,192,R192,NO2,1.0
R177,90,192,R192,HCHO,1.6
R177,186,192,R192,ACD,0.2
R178,168,193,OLTP,R193,-1.0
R178,204,193,NO,R193,-1.0
R178,187,193,R193,HO2,0.78
R178,56,193,R193,NO2,0.97
R178,90,193,R193,HCHO,0.78
R178,186,193,R193,ACD,0.012
R178,190,193,R193,ALD,0.44
R178,5,193,R193,ACT,0.06
R178,94,193,R193,MEK,0.13
R178,203,193,R193,ONIT,0.03
R179,164,194,OLIP,R194,-1.0
R179,204,194,NO,R194,-1.0
R179,187,194,R194,HO2,0.83
R179,56,194,R194,NO2,0.95
R179,186,194,R194,ACD,0.81
R179,190,194,R194,ALD,0.68
R179,5,194,R194,ACT,0.2
R179,188,194,R194,KET,0.09
R179,57,194,R194,HKET,0.02
R179,203,194,R194,ONIT,0.05
ROCARO33,136,195,BENP,R195,-1.0
ROCARO33,204,195,NO,R195,-1.0
ROCARO33,203,195,R195,ONIT,0.0
ROCARO33,25,195,R195,VROCP4OXY2,0.0012
ROCARO33,78,195,R195,VROCN1OXY6,0.0008
ROCARO33,56,195,R195,NO2,0.998
ROCARO33,187,195,R195,HO2,0.998
ROCARO33,51,195,R195,BALD,0.0
ROCARO33,183,195,R195,GLY,0.998
ROCARO33,180,195,R195,FURANONE,0.499
ROCARO33,108,195,R195,DCB2,0.2495
ROCARO33,115,195,R195,DCB3,0.2495
ROCARO43,66,196,TOLP,R196,-1.0
ROCARO43,204,196,NO,R196,-1.0
ROCARO43,203,196,R196,ONIT,0.0002
ROCARO43,25,196,R196,VROCP4OXY2,0.0013
ROCARO43,78,196,R196,VROCN1OXY6,0.0006
ROCARO43,56,196,R196,NO2,0.998
ROCARO43,187,196,R196,HO2,0.998
ROCARO43,51,196,R196,BALD,0.0852
ROCARO43,183,196,R196,GLY,0.5477
ROCARO43,106,196,R196,MGLY,0.3651
ROCARO43,180,196,R196,FURANONE,0.3651
ROCARO43,127,196,R196,DCB1,0.5477
ROCARO53,146,197,XYLP,R197,-1.0
ROCARO53,204,197,NO,R197,-1.0
ROCARO53,203,197,R197,ONIT,0.0001
ROCARO53,49,197,R197,VROCP3OXY2,0.0013
ROCARO53,134,197,R197,VROCP0OXY4,0.0006
ROCARO53,56,197,R197,NO2,0.998
ROCARO53,187,197,R197,HO2,0.998
ROCARO53,51,197,R197,BALD,0.0481
ROCARO53,183,197,R197,GLY,0.7029
ROCARO53,106,197,R197,MGLY,0.247
ROCARO53,180,197,R197,FURANONE,0.3515
ROCARO53,108,197,R197,DCB2,0.5984
ROCARO63,65,198,EBZP,R198,-1.0
ROCARO63,204,198,NO,R198,-1.0
ROCARO63,203,198,R198,ONIT,0.0002
ROCARO63,49,198,R198,VROCP3OXY2,0.0013
ROCARO63,134,198,R198,VROCP0OXY4,0.0006
ROCARO63,56,198,R198,NO2,0.998
ROCARO63,187,198,R198,HO2,0.998
ROCARO63,51,198,R198,BALD,0.0852
ROCARO63,183,198,R198,GLY,0.5477
ROCARO63,106,198,R198,MGLY,0.3651
ROCARO63,180,198,R198,FURANONE,0.4564
ROCARO63,108,198,R198,DCB2,0.4564
R189,18,199,APIP1,R199,-1.0
R189,204,199,NO,R199,-1.0
R189,176,199,R199,VTRPN,0.237
R189,187,199,R199,HO2,0.763
R189,56,199,R199,NO2,0.763
R189,154,199,R199,PINAL,0.195
R189,190,199,R199,ALD,0.284
R189,5,199,R199,ACT,0.0865
R189,171,199,R199,LIMAL,0.1285
R189,90,199,R199,HCHO,0.308
R189,77,199,R199,OPB,0.0715
R189,188,199,R199,KET,0.084
TRP13,161,200,APIP2,R200,-1.0
TRP13,204,200,NO,R200,-1.0
TRP13,182,200,R200,HO,0.82
TRP13,56,200,R200,NO2,0.82
TRP13,135,200,R200,VHOM,1.0
TRP14,112,201,APINP1,R201,-1.0
TRP14,204,201,NO,R201,-1.0
TRP14,56,201,R201,NO2,1.6955
TRP14,176,201,R201,VTRPN,0.2345
TRP14,203,201,R201,ONIT,0.07
TRP14,154,201,R201,PINAL,0.6045
TRP14,190,201,R201,ALD,0.154
TRP14,188,201,R201,KET,0.007
TRP14,90,201,R201,HCHO,0.007
TRP14,187,201,R201,HO2,0.1645
TRP15,178,202,APINP2,R202,-1.0
TRP15,204,202,NO,R202,-1.0
TRP15,56,202,R202,NO2,0.82
TRP15,182,202,R202,HO,0.82
TRP15,135,202,R202,VHOM,1.0
R190,34,203,LIMP1,R203,-1.0
R190,204,203,NO,R203,-1.0
R190,176,203,R203,VTRPN,0.23
R190,56,203,R203,NO2,0.77
R190,171,203,R203,LIMAL,0.77
R190,187,203,R203,HO2,0.77
R190,90,203,R203,HCHO,0.43
TRP16,103,204,LIMP2,R204,-1.0
TRP16,204,204,NO,R204,-1.0
TRP16,182,204,R204,HO,0.77
TRP16,56,204,R204,NO2,0.77
TRP16,135,204,R204,VHOM,1.0
TRP17,191,205,LIMNP1,R205,-1.0
TRP17,204,205,NO,R205,-1.0
TRP17,176,205,R205,VTRPN,0.57
TRP17,203,205,R205,ONIT,0.07
TRP17,56,205,R205,NO2,1.36
TRP17,171,205,R205,LIMAL,0.43
TRP17,187,205,R205,HO2,0.5
TRP18,54,206,LIMNP2,R206,-1.0
TRP18,204,206,NO,R206,-1.0
TRP18,56,206,R206,NO2,0.77
TRP18,182,206,R206,HO,0.77
TRP18,135,206,R206,VHOM,1.0
TRP19,69,207,PINALP,R207,-1.0
TRP19,204,207,NO,R207,-1.0
TRP19,176,207,R207,VTRPN,0.36
TRP19,135,207,R207,VHOM,0.64
TRP19,56,207,R207,NO2,0.64
TRP20,147,208,LIMALP,R208,-1.0
TRP20,204,208,NO,R208,-1.0
TRP20,176,208,R208,VTRPN,0.64
TRP20,56,208,R208,NO2,0.36
TRP20,187,208,R208,HO2,0.36
TRP20,90,208,R208,HCHO,0.36
TRP20,181,208,R208,PAA,0.36
R191,30,209,ACO3,R209,-1.0
R191,204,209,NO,R209,-1.0
R191,26,209,R209,MO2,1.0
R191,56,209,R209,NO2,1.0
R191,207,209,R209,CO2,1.0
R192,173,210,RCO3,R210,-1.0
R192,204,210,NO,R210,-1.0
R192,32,210,R210,ETHP,1.0
R192,56,210,R210,NO2,1.0
R192,207,210,R210,CO2,1.0
R193,208,211,ACTP,R211,-1.0
R193,204,211,NO,R211,-1.0
R193,30,211,R211,ACO3,1.0
R193,56,211,R211,NO2,1.0
R193,90,211,R211,HCHO,1.0
R194,202,212,MEKP,R212,-1.0
R194,204,212,NO,R212,-1.0
R194,187,212,R212,HO2,0.67
R194,56,212,R212,NO2,1.0
R194,90,212,R212,HCHO,0.33
R194,127,212,R212,DCB1,0.67
R195,148,213,KETP,R213,-1.0
R195,204,213,NO,R213,-1.0
R195,187,213,R213,HO2,0.77
R195,30,213,R213,ACO3,0.23
R195,110,213,R213,XO2,0.16
R195,56,213,R213,NO2,1.0
R195,190,213,R213,ALD,0.46
R195,106,213,R213,MGLY,0.54
R196,82,214,MACP,R214,-1.0
R196,204,214,NO,R214,-1.0
R196,26,214,R214,MO2,0.65
R196,30,214,R214,ACO3,0.35
R196,56,214,R214,NO2,1.0
R196,97,214,R214,CO,0.65
R196,90,214,R214,HCHO,0.65
R197,170,215,MCP,R215,-1.0
R197,204,215,NO,R215,-1.0
R197,56,215,R215,NO2,1.0
R197,187,215,R215,HO2,0.5
R197,90,215,R215,HCHO,0.5
R197,57,215,R215,HKET,1.0
R198,67,216,MVKP,R216,-1.0
R198,204,216,NO,R216,-1.0
R198,187,216,R216,HO2,0.3
R198,30,216,R216,ACO3,0.7
R198,110,216,R216,XO2,0.7
R198,56,216,R216,NO2,1.0
R198,90,216,R216,HCHO,0.3
R198,190,216,R216,ALD,0.7
R198,106,216,R216,MGLY,0.3
R199,74,217,UALP,R217,-1.0
R199,204,217,NO,R217,-1.0
R199,187,217,R217,HO2,1.0
R199,56,217,R217,NO2,1.0
R199,97,217,R217,CO,0.61
R199,90,217,R217,HCHO,0.03
R199,190,217,R217,ALD,0.27
R199,183,217,R217,GLY,0.18
R199,188,217,R217,KET,0.7
R199,106,217,R217,MGLY,0.21
R200,91,218,BALP,R218,-1.0
R200,204,218,NO,R218,-1.0
R200,89,218,R218,BAL1,1.0
R200,56,218,R218,NO2,1.0
R200,207,218,R218,CO2,1.0
R201,89,219,BAL1,R219,-1.0
R201,204,219,NO,R219,-1.0
R201,129,219,R219,BAL2,1.0
R201,56,219,R219,NO2,1.0
R202,200,220,ADDC,R220,-1.0
R202,204,220,NO,R220,-1.0
R202,187,220,R220,HO2,1.0
R202,56,220,R220,NO2,1.0
R202,57,220,R220,HKET,0.32
R202,183,220,R220,GLY,0.68
R202,124,220,R220,OP2,0.68
R203,179,221,MCTP,R221,-1.0
R203,204,221,NO,R221,-1.0
R203,217,221,R221,MCTO,1.0
R203,56,221,R221,NO2,1.0
R204,20,222,ORAP,R222,-1.0
R204,204,222,NO,R222,-1.0
R204,56,222,R222,NO2,1.0
R204,183,222,R222,GLY,1.0
R204,187,222,R222,HO2,1.0
R205,80,223,OLNN,R223,-1.0
R205,204,223,NO,R223,-1.0
R205,56,223,R223,NO2,1.0
R205,187,223,R223,HO2,1.0
R205,203,223,R223,ONIT,1.0
R206,125,224,OLND,R224,-1.0
R206,204,224,NO,R224,-1.0
R206,56,224,R224,NO2,2.0
R206,90,224,R224,HCHO,0.287
R206,190,224,R224,ALD,1.24
R206,188,224,R224,KET,0.464
R207,105,225,ADCN,R225,-1.0
R207,204,225,NO,R225,-1.0
R207,56,225,R225,NO2,2.0
R207,183,225,R225,GLY,1.0
R207,124,225,R225,OP2,1.0
R208,110,226,XO2,R226,-1.0
R208,204,226,NO,R226,-1.0
R208,56,226,R226,NO2,1.0
R209,129,227,BAL2,R227,-1.0
R209,56,227,NO2,R227,-1.0
R209,203,227,R227,ONIT,1.0
R210,194,228,CHO,R228,-1.0
R210,56,228,NO2,R228,-1.0
R210,203,228,R228,ONIT,1.0
R211,217,229,MCTO,R229,-1.0
R211,56,229,NO2,R229,-1.0
R211,203,229,R229,ONIT,1.0
R212,26,230,MO2,R230,-1.0
R212,187,230,HO2,R230,-1.0
R212,205,230,R230,OP1,1.0
R213,32,231,ETHP,R231,-1.0
R213,187,231,HO2,R231,-1.0
R213,124,231,R231,OP2,1.0
R214,116,232,HC3P,R232,-1.0
R214,187,232,HO2,R232,-1.0
R214,124,232,R232,OP2,1.0
R215,149,233,HC5P,R233,-1.0
R215,187,233,HO2,R233,-1.0
R215,124,233,R233,OP2,1.0
R217,212,234,ETEP,R234,-1.0
R217,187,234,HO2,R234,-1.0
R217,124,234,R234,OP2,1.0
R218,168,235,OLTP,R235,-1.0
R218,187,235,HO2,R235,-1.0
R218,124,235,R235,OP2,1.0
R219,164,236,OLIP,R236,-1.0
R219,187,236,HO2,R236,-1.0
R219,124,236,R236,OP2,1.0
ROCARO32,136,237,BENP,R237,-1.0
ROCARO32,187,237,HO2,R237,-1.0
ROCARO32,124,237,R237,OP2,0.6021
ROCARO32,78,237,R237,VROCN1OXY6,0.3979
ROCARO42,66,238,TOLP,R238,-1.0
ROCARO42,187,238,HO2,R238,-1.0
ROCARO42,124,238,R238,OP2,0.7195
ROCARO42,78,238,R238,VROCN1OXY6,0.2805
ROCARO52,146,239,XYLP,R239,-1.0
ROCARO52,187,239,HO2,R239,-1.0
ROCARO52,124,239,R239,OP2,0.0482
ROCARO52,142,239,R239,VOP3,0.6747
ROCARO52,134,239,R239,VROCP0OXY4,0.2771
ROCARO62,65,240,EBZP,R240,-1.0
ROCARO62,187,240,HO2,R240,-1.0
ROCARO62,124,240,R240,OP2,0.0854
ROCARO62,142,240,R240,VOP3,0.6341
ROCARO62,134,240,R240,VROCP0OXY4,0.2805
R229,18,241,APIP1,R241,-1.0
R229,187,241,HO2,R241,-1.0
R229,5,241,R241,ACT,0.039
R229,171,241,R241,LIMAL,0.039
R229,90,241,R241,HCHO,0.0625
R229,77,241,R241,OPB,0.762
R229,187,241,R241,HO2,0.3225
R229,154,241,R241,PINAL,0.1885
R229,182,241,R241,HO,0.238
R229,188,241,R241,KET,0.0105
TRP21,161,242,APIP2,R242,-1.0
TRP21,187,242,HO2,R242,-1.0
TRP21,135,242,R242,VHOM,1.0
TRP22,112,243,APINP1,R243,-1.0
TRP22,187,243,HO2,R243,-1.0
TRP22,176,243,R243,VTRPN,0.461
TRP22,154,243,R243,PINAL,0.455
TRP22,56,243,R243,NO2,0.539
TRP22,182,243,R243,HO,0.6195
TRP22,190,243,R243,ALD,0.077
TRP22,188,243,R243,KET,0.007
TRP22,90,243,R243,HCHO,0.007
TRP23,178,244,APINP2,R244,-1.0
TRP23,187,244,HO2,R244,-1.0
TRP23,135,244,R244,VHOM,1.0
R230,34,245,LIMP1,R245,-1.0
R230,187,245,HO2,R245,-1.0
R230,77,245,R245,OPB,0.9
R230,171,245,R245,LIMAL,0.1
R230,182,245,R245,HO,0.1
R230,187,245,R245,HO2,0.1
R230,90,245,R245,HCHO,0.06
TRP24,103,246,LIMP2,R246,-1.0
TRP24,187,246,HO2,R246,-1.0
TRP24,135,246,R246,VHOM,1.0
TRP25,191,247,LIMNP1,R247,-1.0
TRP25,187,247,HO2,R247,-1.0
TRP25,176,247,R247,VTRPN,0.77
TRP25,182,247,R247,HO,0.5
TRP25,171,247,R247,LIMAL,0.23
TRP25,56,247,R247,NO2,0.23
TRP25,187,247,R247,HO2,0.27
TRP26,54,248,LIMNP2,R248,-1.0
TRP26,187,248,HO2,R248,-1.0
TRP26,135,248,R248,VHOM,1.0
TRP27,69,249,PINALP,R249,-1.0
TRP27,187,249,HO2,R249,-1.0
TRP27,77,249,R249,OPB,0.75
TRP27,182,249,R249,HO,0.25
TRP27,135,249,R249,VHOM,0.25
TRP28,147,250,LIMALP,R250,-1.0
TRP28,187,250,HO2,R250,-1.0
TRP28,77,250,R250,OPB,0.9
TRP28,182,250,R250,HO,0.1
TRP28,187,250,R250,HO2,0.1
TRP28,90,250,R250,HCHO,0.1
TRP28,181,250,R250,PAA,0.1
R231,30,251,ACO3,R251,-1.0
R231,187,251,HO2,R251,-1.0
R231,182,251,R251,HO,0.44
R231,26,251,R251,MO2,0.44
R231,207,251,R251,CO2,0.44
R231,177,251,R251,ORA2,0.15
R231,181,251,R251,PAA,0.41
R232,173,252,RCO3,R252,-1.0
R232,187,252,HO2,R252,-1.0
R232,182,252,R252,HO,0.44
R232,32,252,R252,ETHP,0.44
R232,207,252,R252,CO2,0.44
R232,177,252,R252,ORA2,0.15
R232,181,252,R252,PAA,0.41
R233,208,253,ACTP,R253,-1.0
R233,187,253,HO2,R253,-1.0
R233,182,253,R253,HO,0.15
R233,30,253,R253,ACO3,0.15
R233,90,253,R253,HCHO,0.15
R233,124,253,R253,OP2,0.85
R234,202,254,MEKP,R254,-1.0
R234,187,254,HO2,R254,-1.0
R234,124,254,R254,OP2,1.0
R235,148,255,KETP,R255,-1.0
R235,187,255,HO2,R255,-1.0
R235,124,255,R255,OP2,1.0
R236,82,256,MACP,R256,-1.0
R236,187,256,HO2,R256,-1.0
R236,50,256,R256,MAHP,1.0
R237,170,257,MCP,R257,-1.0
R237,187,257,HO2,R257,-1.0
R237,50,257,R257,MAHP,1.0
R238,67,258,MVKP,R258,-1.0
R238,187,258,HO2,R258,-1.0
R238,124,258,R258,OP2,1.0
R239,74,259,UALP,R259,-1.0
R239,187,259,HO2,R259,-1.0
R239,124,259,R259,OP2,1.0
RBAL3,91,260,BALP,R260,-1.0
RBAL3,187,260,HO2,R260,-1.0
RBAL3,142,260,R260,VOP3,0.41
RBAL3,177,260,R260,ORA2,0.15
RBAL3,209,260,R260,O3,0.15
RBAL3,89,260,R260,BAL1,0.44
RBAL3,182,260,R260,HO,0.44
RBAL3,207,260,R260,CO2,0.44
RBAL4,89,261,BAL1,R261,-1.0
RBAL4,187,261,HO2,R261,-1.0
RBAL4,177,261,R261,ORA2,1.0
RBAL5,129,262,BAL2,R262,-1.0
RBAL5,209,262,O3,R262,-1.0
RBAL5,89,262,R262,BAL1,1.0
R240,200,263,ADDC,R263,-1.0
R240,187,263,HO2,R263,-1.0
R240,124,263,R263,OP2,1.0
R241,194,264,CHO,R264,-1.0
R241,187,264,HO2,R264,-1.0
R241,128,264,R264,CSL,1.0
R242,179,265,MCTP,R265,-1.0
R242,187,265,HO2,R265,-1.0
R242,124,265,R265,OP2,1.0
R243,20,266,ORAP,R266,-1.0
R243,187,266,HO2,R266,-1.0
R243,124,266,R266,OP2,1.0
R244,80,267,OLNN,R267,-1.0
R244,187,267,HO2,R267,-1.0
R244,203,267,R267,ONIT,1.0
R245,125,268,OLND,R268,-1.0
R245,187,268,HO2,R268,-1.0
R245,203,268,R268,ONIT,1.0
R246,105,269,ADCN,R269,-1.0
R246,187,269,HO2,R269,-1.0
R246,203,269,R269,ONIT,1.0
R247,110,270,XO2,R270,-1.0
R247,187,270,HO2,R270,-1.0
R247,124,270,R270,OP2,1.0
R248,26,271,MO2,R271,-1.0
R248,26,271,MO2,R271,-1.0
R248,187,271,R271,HO2,0.74
R248,90,271,R271,HCHO,1.37
R248,224,271,R271,MOH,0.63
R249,32,272,ETHP,R272,-1.0
R249,26,272,MO2,R272,-1.0
R249,187,272,R272,HO2,1.0
R249,90,272,R272,HCHO,0.75
R249,186,272,R272,ACD,0.75
R249,224,272,R272,MOH,0.25
R249,150,272,R272,EOH,0.25
R250,116,273,HC3P,R273,-1.0
R250,26,273,MO2,R273,-1.0
R250,187,273,R273,HO2,0.894
R250,26,273,R273,MO2,0.08
R250,32,273,R273,ETHP,0.026
R250,110,273,R273,XO2,0.026
R250,90,273,R273,HCHO,0.827
R250,190,273,R273,ALD,0.198
R250,188,273,R273,KET,0.497
R250,183,273,R273,GLY,0.05
R250,224,273,R273,MOH,0.25
R250,140,273,R273,ROH,0.25
R251,149,274,HC5P,R274,-1.0
R251,26,274,MO2,R274,-1.0
R251,187,274,R274,HO2,0.842
R251,26,274,R274,MO2,0.018
R251,32,274,R274,ETHP,0.14
R251,110,274,R274,XO2,0.191
R251,90,274,R274,HCHO,0.777
R251,190,274,R274,ALD,0.251
R251,188,274,R274,KET,0.618
R251,224,274,R274,MOH,0.25
R251,140,274,R274,ROH,0.25
R253,212,275,ETEP,R275,-1.0
R253,26,275,MO2,R275,-1.0
R253,187,275,R275,HO2,1.0
R253,90,275,R275,HCHO,1.95
R253,190,275,R275,ALD,0.15
R253,224,275,R275,MOH,0.25
R253,48,275,R275,ETEG,0.25
R254,168,276,OLTP,R276,-1.0
R254,26,276,MO2,R276,-1.0
R254,187,276,R276,HO2,1.0
R254,90,276,R276,HCHO,1.5
R254,190,276,R276,ALD,0.705
R254,188,276,R276,KET,0.045
R254,224,276,R276,MOH,0.25
R254,140,276,R276,ROH,0.25
R255,164,277,OLIP,R277,-1.0
R255,26,277,MO2,R277,-1.0
R255,187,277,R277,HO2,1.0
R255,90,277,R277,HCHO,0.75
R255,190,277,R277,ALD,1.28
R255,188,277,R277,KET,0.218
R255,224,277,R277,MOH,0.25
R255,140,277,R277,ROH,0.25
ROCARO35,136,278,BENP,R278,-1.0
ROCARO35,26,278,MO2,R278,-1.0
ROCARO35,90,278,R278,HCHO,0.68
ROCARO35,187,278,R278,HO2,1.37
ROCARO35,224,278,R278,MOH,0.32
ROCARO35,51,278,R278,BALD,0.0
ROCARO35,183,278,R278,GLY,1.0
ROCARO35,180,278,R278,FURANONE,0.5
ROCARO35,108,278,R278,DCB2,0.25
ROCARO35,115,278,R278,DCB3,0.25
ROCARO45,66,279,TOLP,R279,-1.0
ROCARO45,26,279,MO2,R279,-1.0
ROCARO45,90,279,R279,HCHO,0.68
ROCARO45,187,279,R279,HO2,1.2846
ROCARO45,224,279,R279,MOH,0.32
ROCARO45,51,279,R279,BALD,0.0854
ROCARO45,183,279,R279,GLY,0.5488
ROCARO45,106,279,R279,MGLY,0.3659
ROCARO45,180,279,R279,FURANONE,0.3659
ROCARO45,127,279,R279,DCB1,0.5488
ROCARO55,146,280,XYLP,R280,-1.0
ROCARO55,26,280,MO2,R280,-1.0
ROCARO55,90,280,R280,HCHO,0.68
ROCARO55,187,280,R280,HO2,1.3218
ROCARO55,224,280,R280,MOH,0.32
ROCARO55,51,280,R280,BALD,0.0482
ROCARO55,183,280,R280,GLY,0.7043
ROCARO55,106,280,R280,MGLY,0.2475
ROCARO55,180,280,R280,FURANONE,0.3522
ROCARO55,108,280,R280,DCB2,0.5996
ROCARO65,65,281,EBZP,R281,-1.0
ROCARO65,26,281,MO2,R281,-1.0
ROCARO65,90,281,R281,HCHO,0.68
ROCARO65,187,281,R281,HO2,1.2846
ROCARO65,224,281,R281,MOH,0.32
ROCARO65,51,281,R281,BALD,0.0854
ROCARO65,183,281,R281,GLY,0.5488
ROCARO65,106,281,R281,MGLY,0.3659
ROCARO65,180,281,R281,FURANONE,0.4573
ROCARO65,108,281,R281,DCB2,0.4573
R264,11,282,ISOP,R282,-1.0
R264,26,282,MO2,R282,-1.0
R264,187,282,R282,HO2,1.0
R264,90,282,R282,HCHO,1.31
R264,138,282,R282,MACR,0.159
R264,113,282,R282,MVK,0.25
R264,224,282,R282,MOH,0.25
R264,140,282,R282,ROH,0.25
R264,190,282,R282,ALD,0.023
R264,183,282,R282,GLY,0.018
R264,57,282,R282,HKET,0.016
R265,18,283,APIP1,R283,-1.0
R265,26,283,MO2,R283,-1.0
R265,90,283,R283,HCHO,1.0295
R265,171,283,R283,LIMAL,0.2205
R265,154,283,R283,PINAL,0.273
R265,190,283,R283,ALD,0.2385
R265,77,283,R283,OPB,0.0845
R265,224,283,R283,MOH,0.1105
R265,188,283,R283,KET,0.1835
R265,5,283,R283,ACT,0.067
R265,187,283,R283,HO2,1.279
TRP29,161,284,APIP2,R284,-1.0
TRP29,26,284,MO2,R284,-1.0
TRP29,187,284,R284,HO2,1.0
TRP29,90,284,R284,HCHO,0.75
TRP29,224,284,R284,MOH,0.25
TRP29,135,284,R284,VHOM,1.0
TRP30,112,285,APINP1,R285,-1.0
TRP30,26,285,MO2,R285,-1.0
TRP30,176,285,R285,VTRPN,0.341
TRP30,90,285,R285,HCHO,0.964
TRP30,224,285,R285,MOH,0.043
TRP30,187,285,R285,HO2,0.918
TRP30,56,285,R285,NO2,0.659
TRP30,154,285,R285,PINAL,0.533
TRP30,188,285,R285,KET,0.007
TRP30,190,285,R285,ALD,0.119
TRP31,178,286,APINP2,R286,-1.0
TRP31,26,286,MO2,R286,-1.0
TRP31,187,286,R286,HO2,0.75
TRP31,56,286,R286,NO2,0.75
TRP31,224,286,R286,MOH,0.25
TRP31,90,286,R286,HCHO,0.75
TRP31,135,286,R286,VHOM,1.0
R266,34,287,LIMP1,R287,-1.0
R266,26,287,MO2,R287,-1.0
R266,224,287,R287,MOH,0.25
R266,171,287,R287,LIMAL,1.0
R266,90,287,R287,HCHO,1.03
R266,187,287,R287,HO2,1.0
TRP32,103,288,LIMP2,R288,-1.0
TRP32,26,288,MO2,R288,-1.0
TRP32,187,288,R288,HO2,1.0
TRP32,90,288,R288,HCHO,0.75
TRP32,224,288,R288,MOH,0.25
TRP32,135,288,R288,VHOM,1.0
TRP33,191,289,LIMNP1,R289,-1.0
TRP33,26,289,MO2,R289,-1.0
TRP33,176,289,R289,VTRPN,0.69
TRP33,90,289,R289,HCHO,0.91
TRP33,224,289,R289,MOH,0.09
TRP33,187,289,R289,HO2,1.01
TRP33,171,289,R289,LIMAL,0.31
TRP33,56,289,R289,NO2,0.31
TRP34,54,290,LIMNP2,R290,-1.0
TRP34,26,290,MO2,R290,-1.0
TRP34,187,290,R290,HO2,0.75
TRP34,90,290,R290,HCHO,0.75
TRP34,56,290,R290,NO2,0.75
TRP34,224,290,R290,MOH,0.25
TRP34,135,290,R290,VHOM,1.0
R267,30,291,ACO3,R291,-1.0
R267,26,291,MO2,R291,-1.0
R267,187,291,R291,HO2,0.9
R267,26,291,R291,MO2,0.9
R267,207,291,R291,CO2,0.9
R267,90,291,R291,HCHO,1.0
R267,177,291,R291,ORA2,0.1
R268,173,292,RCO3,R292,-1.0
R268,26,292,MO2,R292,-1.0
R268,187,292,R292,HO2,0.9
R268,26,292,R292,MO2,0.9
R268,207,292,R292,CO2,0.4
R268,90,292,R292,HCHO,1.0
R268,177,292,R292,ORA2,0.1
R269,208,293,ACTP,R293,-1.0
R269,26,293,MO2,R293,-1.0
R269,187,293,R293,HO2,0.5
R269,30,293,R293,ACO3,0.5
R269,90,293,R293,HCHO,1.5
R269,224,293,R293,MOH,0.25
R269,140,293,R293,ROH,0.25
R269,177,293,R293,ORA2,0.125
R270,202,294,MEKP,R294,-1.0
R270,26,294,MO2,R294,-1.0
R270,187,294,R294,HO2,0.834
R270,90,294,R294,HCHO,1.0
R270,127,294,R294,DCB1,0.334
R270,224,294,R294,MOH,0.25
R270,140,294,R294,ROH,0.25
R271,148,295,KETP,R295,-1.0
R271,26,295,MO2,R295,-1.0
R271,187,295,R295,HO2,1.0
R271,90,295,R295,HCHO,0.75
R271,127,295,R295,DCB1,0.5
R271,224,295,R295,MOH,0.25
R271,140,295,R295,ROH,0.25
R272,82,296,MACP,R296,-1.0
R272,26,296,MO2,R296,-1.0
R272,187,296,R296,HO2,0.5
R272,30,296,R296,ACO3,0.269
R272,97,296,R296,CO,0.5
R272,90,296,R296,HCHO,1.66
R272,177,296,R296,ORA2,0.067
R272,26,296,R296,MO2,0.25
R272,224,296,R296,MOH,0.25
R272,140,296,R296,ROH,0.25
R273,170,297,MCP,R297,-1.0
R273,26,297,MO2,R297,-1.0
R273,187,297,R297,HO2,1.0
R273,90,297,R297,HCHO,1.5
R273,57,297,R297,HKET,0.5
R273,224,297,R297,MOH,0.25
R273,140,297,R297,ROH,0.25
R274,67,298,MVKP,R298,-1.0
R274,26,298,MO2,R298,-1.0
R274,187,298,R298,HO2,1.0
R274,30,298,R298,ACO3,1.16
R274,110,298,R298,XO2,1.16
R274,90,298,R298,HCHO,1.5
R274,190,298,R298,ALD,1.75
R274,106,298,R298,MGLY,0.5
R274,224,298,R298,MOH,0.25
R274,140,298,R298,ROH,0.25
R274,177,298,R298,ORA2,0.292
R275,74,299,UALP,R299,-1.0
R275,26,299,MO2,R299,-1.0
R275,187,299,R299,HO2,1.0
R275,97,299,R299,CO,0.305
R275,90,299,R299,HCHO,0.773
R275,190,299,R299,ALD,0.203
R275,188,299,R299,KET,0.525
R275,183,299,R299,GLY,0.135
R275,106,299,R299,MGLY,0.105
R275,224,299,R299,MOH,0.25
R275,140,299,R299,ROH,0.25
R276,91,300,BALP,R300,-1.0
R276,26,300,MO2,R300,-1.0
R276,187,300,R300,HO2,1.0
R276,89,300,R300,BAL1,1.0
R276,90,300,R300,HCHO,1.0
R276,207,300,R300,CO2,1.0
R277,89,301,BAL1,R301,-1.0
R277,26,301,MO2,R301,-1.0
R277,187,301,R301,HO2,1.0
R277,129,301,R301,BAL2,1.0
R277,90,301,R301,HCHO,1.0
R278,200,302,ADDC,R302,-1.0
R278,26,302,MO2,R302,-1.0
R278,187,302,R302,HO2,2.0
R278,90,302,R302,HCHO,1.0
R278,57,302,R302,HKET,0.32
R278,183,302,R302,GLY,0.68
R278,124,302,R302,OP2,0.68
R279,179,303,MCTP,R303,-1.0
R279,26,303,MO2,R303,-1.0
R279,187,303,R303,HO2,1.0
R279,217,303,R303,MCTO,1.0
R279,90,303,R303,HCHO,1.0
R280,20,304,ORAP,R304,-1.0
R280,26,304,MO2,R304,-1.0
R280,90,304,R304,HCHO,1.0
R280,187,304,R304,HO2,1.0
R280,183,304,R304,GLY,1.0
R281,80,305,OLNN,R305,-1.0
R281,26,305,MO2,R305,-1.0
R281,187,305,R305,HO2,2.0
R281,90,305,R305,HCHO,1.0
R281,203,305,R305,ONIT,1.0
R282,125,306,OLND,R306,-1.0
R282,26,306,MO2,R306,-1.0
R282,187,306,R306,HO2,0.5
R282,56,306,R306,NO2,0.5
R282,90,306,R306,HCHO,0.965
R282,190,306,R306,ALD,0.93
R282,188,306,R306,KET,0.348
R282,224,306,R306,MOH,0.25
R282,140,306,R306,ROH,0.25
R282,203,306,R306,ONIT,0.5
R283,105,307,ADCN,R307,-1.0
R283,26,307,MO2,R307,-1.0
R283,187,307,R307,HO2,1.0
R283,56,307,R307,NO2,0.7
R283,90,307,R307,HCHO,1.0
R283,183,307,R307,GLY,0.7
R283,124,307,R307,OP2,0.7
R283,203,307,R307,ONIT,0.3
R284,110,308,XO2,R308,-1.0
R284,26,308,MO2,R308,-1.0
R284,187,308,R308,HO2,1.0
R284,90,308,R308,HCHO,1.0
R285,32,309,ETHP,R309,-1.0
R285,30,309,ACO3,R309,-1.0
R285,187,309,R309,HO2,0.5
R285,26,309,R309,MO2,0.5
R285,186,309,R309,ACD,1.0
R285,177,309,R309,ORA2,0.5
R285,207,309,R309,CO2,0.5
R286,116,310,HC3P,R310,-1.0
R286,30,310,ACO3,R310,-1.0
R286,187,310,R310,HO2,0.394
R286,26,310,R310,MO2,0.58
R286,32,310,R310,ETHP,0.026
R286,110,310,R310,XO2,0.026
R286,90,310,R310,HCHO,0.13
R286,190,310,R310,ALD,0.273
R286,188,310,R310,KET,0.662
R286,183,310,R310,GLY,0.067
R286,177,310,R310,ORA2,0.5
R286,207,310,R310,CO2,0.5
R287,149,311,HC5P,R311,-1.0
R287,30,311,ACO3,R311,-1.0
R287,187,311,R311,HO2,0.342
R287,26,311,R311,MO2,0.518
R287,32,311,R311,ETHP,0.14
R287,110,311,R311,XO2,0.191
R287,90,311,R311,HCHO,0.042
R287,190,311,R311,ALD,0.381
R287,188,311,R311,KET,0.824
R287,177,311,R311,ORA2,0.5
R287,207,311,R311,CO2,0.5
R289,212,312,ETEP,R312,-1.0
R289,30,312,ACO3,R312,-1.0
R289,187,312,R312,HO2,0.5
R289,26,312,R312,MO2,0.5
R289,90,312,R312,HCHO,1.6
R289,186,312,R312,ACD,0.2
R289,177,312,R312,ORA2,0.5
R289,207,312,R312,CO2,0.5
R290,168,313,OLTP,R313,-1.0
R290,30,313,ACO3,R313,-1.0
R290,187,313,R313,HO2,0.5
R290,26,313,R313,MO2,0.5
R290,90,313,R313,HCHO,1.0
R290,190,313,R313,ALD,0.94
R290,188,313,R313,KET,0.06
R290,177,313,R313,ORA2,0.5
R290,207,313,R313,CO2,0.5
R291,164,314,OLIP,R314,-1.0
R291,30,314,ACO3,R314,-1.0
R291,187,314,R314,HO2,0.5
R291,26,314,R314,MO2,0.5
R291,190,314,R314,ALD,1.71
R291,188,314,R314,KET,0.29
R291,177,314,R314,ORA2,0.5
R291,207,314,R314,CO2,0.5
ROCARO36,136,315,BENP,R315,-1.0
ROCARO36,30,315,ACO3,R315,-1.0
ROCARO36,26,315,R315,MO2,0.7
ROCARO36,187,315,R315,HO2,1.0
ROCARO36,177,315,R315,ORA2,0.3
ROCARO36,51,315,R315,BALD,0.0
ROCARO36,183,315,R315,GLY,1.0
ROCARO36,180,315,R315,FURANONE,0.5
ROCARO36,108,315,R315,DCB2,0.25
ROCARO36,115,315,R315,DCB3,0.25
ROCARO36,207,315,R315,CO2,0.7
ROCARO46,66,316,TOLP,R316,-1.0
ROCARO46,30,316,ACO3,R316,-1.0
ROCARO46,26,316,R316,MO2,0.7
ROCARO46,187,316,R316,HO2,0.9146
ROCARO46,177,316,R316,ORA2,0.3
ROCARO46,51,316,R316,BALD,0.0854
ROCARO46,183,316,R316,GLY,0.5488
ROCARO46,106,316,R316,MGLY,0.3659
ROCARO46,180,316,R316,FURANONE,0.3659
ROCARO46,127,316,R316,DCB1,0.5488
ROCARO46,207,316,R316,CO2,0.7
ROCARO56,146,317,XYLP,R317,-1.0
ROCARO56,30,317,ACO3,R317,-1.0
ROCARO56,26,317,R317,MO2,0.7
ROCARO56,187,317,R317,HO2,0.9518
ROCARO56,177,317,R317,ORA2,0.3
ROCARO56,51,317,R317,BALD,0.0482
ROCARO56,183,317,R317,GLY,0.7043
ROCARO56,106,317,R317,MGLY,0.2475
ROCARO56,180,317,R317,FURANONE,0.3522
ROCARO56,108,317,R317,DCB2,0.5996
ROCARO56,207,317,R317,CO2,0.7
ROCARO66,65,318,EBZP,R318,-1.0
ROCARO66,30,318,ACO3,R318,-1.0
ROCARO66,26,318,R318,MO2,0.7
ROCARO66,187,318,R318,HO2,0.9146
ROCARO66,177,318,R318,ORA2,0.3
ROCARO66,51,318,R318,BALD,0.0854
ROCARO66,183,318,R318,GLY,0.5488
ROCARO66,106,318,R318,MGLY,0.3659
ROCARO66,180,318,R318,FURANONE,0.4573
ROCARO66,108,318,R318,DCB2,0.4573
ROCARO66,207,318,R318,CO2,0.7
R300,11,319,ISOP,R319,-1.0
R300,30,319,ACO3,R319,-1.0
R300,187,319,R319,HO2,0.5
R300,26,319,R319,MO2,0.5
R300,90,319,R319,HCHO,1.048
R300,138,319,R319,MACR,0.219
R300,113,319,R319,MVK,0.305
R300,177,319,R319,ORA2,0.5
R300,207,319,R319,CO2,0.5
R301,18,320,APIP1,R320,-1.0
R301,30,320,ACO3,R320,-1.0
R301,154,320,R320,PINAL,0.2535
R301,190,320,R320,ALD,0.371
R301,77,320,R320,OPB,0.091
R301,5,320,R320,ACT,0.1165
R301,171,320,R320,LIMAL,0.1725
R301,90,320,R320,HCHO,0.403
R301,187,320,R320,HO2,1.0
R301,26,320,R320,MO2,1.0
R301,188,320,R320,KET,0.112
R301,207,320,R320,CO2,0.5
TRP35,161,321,APIP2,R321,-1.0
TRP35,30,321,ACO3,R321,-1.0
TRP35,182,321,R321,HO,0.5
TRP35,26,321,R321,MO2,0.5
TRP35,177,321,R321,ORA2,0.5
TRP35,135,321,R321,VHOM,1.0
TRP35,207,321,R321,CO2,0.5
TRP36,112,322,APINP1,R322,-1.0
TRP36,30,322,ACO3,R322,-1.0
TRP36,56,322,R322,NO2,0.825
TRP36,154,322,R322,PINAL,0.65
TRP36,26,322,R322,MO2,1.0
TRP36,176,322,R322,VTRPN,0.175
TRP36,190,322,R322,ALD,0.168
TRP36,188,322,R322,KET,0.007
TRP36,90,322,R322,HCHO,0.007
TRP36,187,322,R322,HO2,0.175
TRP36,207,322,R322,CO2,0.5
TRP37,178,323,APINP2,R323,-1.0
TRP37,30,323,ACO3,R323,-1.0
TRP37,56,323,R323,NO2,0.5
TRP37,26,323,R323,MO2,0.5
TRP37,177,323,R323,ORA2,0.5
TRP37,135,323,R323,VHOM,1.0
TRP37,207,323,R323,CO2,0.5
R302,34,324,LIMP1,R324,-1.0
R302,30,324,ACO3,R324,-1.0
R302,171,324,R324,LIMAL,1.0
R302,90,324,R324,HCHO,0.56
R302,187,324,R324,HO2,1.0
R302,26,324,R324,MO2,1.0
R302,207,324,R324,CO2,1.0
TRP38,103,325,LIMP2,R325,-1.0
TRP38,30,325,ACO3,R325,-1.0
TRP38,182,325,R325,HO,0.5
TRP38,26,325,R325,MO2,0.5
TRP38,177,325,R325,ORA2,0.5
TRP38,135,325,R325,VHOM,1.0
TRP38,207,325,R325,CO2,0.5
TRP39,191,326,LIMNP1,R326,-1.0
TRP39,30,326,ACO3,R326,-1.0
TRP39,26,326,R326,MO2,1.0
TRP39,56,326,R326,NO2,0.46
TRP39,171,326,R326,LIMAL,0.46
TRP39,176,326,R326,VTRPN,0.54
TRP39,187,326,R326,HO2,0.54
TRP39,207,326,R326,CO2,1.0
TRP40,54,327,LIMNP2,R327,-1.0
TRP40,30,327,ACO3,R327,-1.0
TRP40,26,327,R327,MO2,0.5
TRP40,56,327,R327,NO2,0.5
TRP40,177,327,R327,ORA2,0.5
TRP40,135,327,R327,VHOM,1.0
TRP40,207,327,R327,CO2,0.5
R303,30,328,ACO3,R328,-1.0
R303,30,328,ACO3,R328,-1.0
R303,26,328,R328,MO2,2.0
R303,207,328,R328,CO2,2.0
R304,173,329,RCO3,R329,-1.0
R304,30,329,ACO3,R329,-1.0
R304,26,329,R329,MO2,1.0
R304,32,329,R329,ETHP,1.0
R304,207,329,R329,CO2,2.0
R305,208,330,ACTP,R330,-1.0
R305,30,330,ACO3,R330,-1.0
R305,26,330,R330,MO2,0.5
R305,30,330,R330,ACO3,0.5
R305,90,330,R330,HCHO,1.0
R305,177,330,R330,ORA2,0.75
R305,207,330,R330,CO2,0.5
R306,202,331,MEKP,R331,-1.0
R306,30,331,ACO3,R331,-1.0
R306,187,331,R331,HO2,0.33
R306,26,331,R331,MO2,0.5
R306,90,331,R331,HCHO,0.33
R306,127,331,R331,DCB1,0.334
R306,177,331,R331,ORA2,0.5
R306,207,331,R331,CO2,0.5
R307,148,332,KETP,R332,-1.0
R307,30,332,ACO3,R332,-1.0
R307,187,332,R332,HO2,0.5
R307,26,332,R332,MO2,0.5
R307,127,332,R332,DCB1,0.5
R307,177,332,R332,ORA2,0.5
R307,207,332,R332,CO2,0.5
R308,82,333,MACP,R333,-1.0
R308,30,333,ACO3,R333,-1.0
R308,177,333,R333,ORA2,0.635
R308,26,333,R333,MO2,0.5
R308,30,333,R333,ACO3,0.269
R308,97,333,R333,CO,0.5
R308,90,333,R333,HCHO,1.0
R308,207,333,R333,CO2,0.5
R309,170,334,MCP,R334,-1.0
R309,30,334,ACO3,R334,-1.0
R309,187,334,R334,HO2,0.5
R309,90,334,R334,HCHO,1.0
R309,57,334,R334,HKET,0.5
R309,26,334,R334,MO2,0.5
R309,177,334,R334,ORA2,0.5
R309,207,334,R334,CO2,0.5
R310,67,335,MVKP,R335,-1.0
R310,30,335,ACO3,R335,-1.0
R310,187,335,R335,HO2,0.5
R310,26,335,R335,MO2,0.5
R310,30,335,R335,ACO3,1.16
R310,110,335,R335,XO2,1.16
R310,90,335,R335,HCHO,1.0
R310,190,335,R335,ALD,2.3
R310,106,335,R335,MGLY,0.5
R310,177,335,R335,ORA2,1.083
R310,207,335,R335,CO2,0.5
R311,74,336,UALP,R336,-1.0
R311,30,336,ACO3,R336,-1.0
R311,187,336,R336,HO2,0.5
R311,26,336,R336,MO2,0.5
R311,97,336,R336,CO,0.5
R311,90,336,R336,HCHO,0.03
R311,190,336,R336,ALD,0.27
R311,188,336,R336,KET,0.7
R311,183,336,R336,GLY,0.18
R311,106,336,R336,MGLY,0.105
R311,177,336,R336,ORA2,0.5
R311,207,336,R336,CO2,0.5
R312,91,337,BALP,R337,-1.0
R312,30,337,ACO3,R337,-1.0
R312,26,337,R337,MO2,1.0
R312,89,337,R337,BAL1,1.0
R312,207,337,R337,CO2,2.0
R313,89,338,BAL1,R338,-1.0
R313,30,338,ACO3,R338,-1.0
R313,26,338,R338,MO2,1.0
R313,129,338,R338,BAL2,1.0
R313,207,338,R338,CO2,1.0
R314,200,339,ADDC,R339,-1.0
R314,30,339,ACO3,R339,-1.0
R314,187,339,R339,HO2,2.0
R314,26,339,R339,MO2,1.0
R314,57,339,R339,HKET,0.32
R314,183,339,R339,GLY,0.68
R314,124,339,R339,OP2,0.68
R314,207,339,R339,CO2,1.0
R315,179,340,MCTP,R340,-1.0
R315,30,340,ACO3,R340,-1.0
R315,187,340,R340,HO2,1.0
R315,26,340,R340,MO2,1.0
R315,217,340,R340,MCTO,1.0
R315,207,340,R340,CO2,1.0
R316,20,341,ORAP,R341,-1.0
R316,30,341,ACO3,R341,-1.0
R316,26,341,R341,MO2,1.0
R316,183,341,R341,GLY,1.0
R316,207,341,R341,CO2,1.0
R317,80,342,OLNN,R342,-1.0
R317,30,342,ACO3,R342,-1.0
R317,187,342,R342,HO2,1.0
R317,26,342,R342,MO2,1.0
R317,203,342,R342,ONIT,1.0
R318,125,343,OLND,R343,-1.0
R318,30,343,ACO3,R343,-1.0
R318,26,343,R343,MO2,0.5
R318,56,343,R343,NO2,1.0
R318,90,343,R343,HCHO,0.287
R318,190,343,R343,ALD,1.24
R318,188,343,R343,KET,0.464
R318,177,343,R343,ORA2,0.5
R318,207,343,R343,CO2,0.5
R319,105,344,ADCN,R344,-1.0
R319,30,344,ACO3,R344,-1.0
R319,187,344,R344,HO2,1.0
R319,26,344,R344,MO2,1.0
R319,56,344,R344,NO2,0.7
R319,183,344,R344,GLY,0.7
R319,124,344,R344,OP2,0.7
R319,203,344,R344,ONIT,0.3
R319,207,344,R344,CO2,1.0
R320,110,345,XO2,R345,-1.0
R320,30,345,ACO3,R345,-1.0
R320,26,345,R345,MO2,1.0
R320,207,345,R345,CO2,1.0
R321,173,346,RCO3,R346,-1.0
R321,173,346,RCO3,R346,-1.0
R321,32,346,R346,ETHP,2.0
R321,207,346,R346,CO2,2.0
R322,26,347,MO2,R347,-1.0
R322,122,347,NO3,R347,-1.0
R322,187,347,R347,HO2,1.0
R322,90,347,R347,HCHO,1.0
R322,56,347,R347,NO2,1.0
R323,32,348,ETHP,R348,-1.0
R323,122,348,NO3,R348,-1.0
R323,187,348,R348,HO2,1.0
R323,56,348,R348,NO2,1.0
R323,186,348,R348,ACD,1.0
R324,116,349,HC3P,R349,-1.0
R324,122,349,NO3,R349,-1.0
R324,187,349,R349,HO2,0.254
R324,26,349,R349,MO2,0.14
R324,110,349,R349,XO2,0.092
R324,32,349,R349,ETHP,0.503
R324,56,349,R349,NO2,1.0
R324,186,349,R349,ACD,0.519
R324,190,349,R349,ALD,0.147
R324,94,349,R349,MEK,0.075
R324,5,349,R349,ACT,0.095
R325,149,350,HC5P,R350,-1.0
R325,122,350,NO3,R350,-1.0
R325,187,350,R350,HO2,0.488
R325,26,350,R350,MO2,0.055
R325,32,350,R350,ETHP,0.28
R325,110,350,R350,XO2,0.485
R325,56,350,R350,NO2,1.0
R325,90,350,R350,HCHO,0.024
R325,190,350,R350,ALD,0.241
R325,188,350,R350,KET,0.06
R325,94,350,R350,MEK,0.063
R325,5,350,R350,ACT,0.247
R325,186,350,R350,ACD,0.048
R325,57,350,R350,HKET,0.275
R327,212,351,ETEP,R351,-1.0
R327,122,351,NO3,R351,-1.0
R327,187,351,R351,HO2,1.0
R327,56,351,R351,NO2,1.0
R327,90,351,R351,HCHO,1.6
R327,190,351,R351,ALD,0.2
R328,168,352,OLTP,R352,-1.0
R328,122,352,NO3,R352,-1.0
R328,190,352,R352,ALD,0.47
R328,90,352,R352,HCHO,0.79
R328,187,352,R352,HO2,0.79
R328,56,352,R352,NO2,1.0
R328,94,352,R352,MEK,0.18
R328,186,352,R352,ACD,0.02
R328,5,352,R352,ACT,0.09
R329,164,353,OLIP,R353,-1.0
R329,122,353,NO3,R353,-1.0
R329,187,353,R353,HO2,0.86
R329,190,353,R353,ALD,0.72
R329,188,353,R353,KET,0.11
R329,56,353,R353,NO2,1.0
R329,5,353,R353,ACT,0.2
R329,186,353,R353,ACD,0.85
R329,57,353,R353,HKET,0.04
ROCARO34,136,354,BENP,R354,-1.0
ROCARO34,122,354,NO3,R354,-1.0
ROCARO34,56,354,R354,NO2,1.0
ROCARO34,187,354,R354,HO2,1.0
ROCARO34,51,354,R354,BALD,0.0
ROCARO34,183,354,R354,GLY,1.0
ROCARO34,180,354,R354,FURANONE,0.5
ROCARO34,108,354,R354,DCB2,0.25
ROCARO34,115,354,R354,DCB3,0.25
ROCARO44,66,355,TOLP,R355,-1.0
ROCARO44,122,355,NO3,R355,-1.0
ROCARO44,56,355,R355,NO2,1.0
ROCARO44,187,355,R355,HO2,0.9146
ROCARO44,51,355,R355,BALD,0.0854
ROCARO44,183,355,R355,GLY,0.5488
ROCARO44,106,355,R355,MGLY,0.3659
ROCARO44,180,355,R355,FURANONE,0.3659
ROCARO44,127,355,R355,DCB1,0.5488
ROCARO54,146,356,XYLP,R356,-1.0
ROCARO54,122,356,NO3,R356,-1.0
ROCARO54,56,356,R356,NO2,1.0
ROCARO54,187,356,R356,HO2,0.9518
ROCARO54,51,356,R356,BALD,0.0482
ROCARO54,183,356,R356,GLY,0.7043
ROCARO54,106,356,R356,MGLY,0.2475
ROCARO54,180,356,R356,FURANONE,0.3522
ROCARO54,108,356,R356,DCB2,0.5996
ROCARO64,65,357,EBZP,R357,-1.0
ROCARO64,122,357,NO3,R357,-1.0
ROCARO64,56,357,R357,NO2,1.0
ROCARO64,187,357,R357,HO2,0.9146
ROCARO64,51,357,R357,BALD,0.0854
ROCARO64,183,357,R357,GLY,0.5488
ROCARO64,106,357,R357,MGLY,0.3659
ROCARO64,180,357,R357,FURANONE,0.4573
ROCARO64,108,357,R357,DCB2,0.4573
R338,11,358,ISOP,R358,-1.0
R338,122,358,NO3,R358,-1.0
R338,187,358,R358,HO2,1.0
R338,56,358,R358,NO2,1.0
R338,90,358,R358,HCHO,0.75
R338,138,358,R358,MACR,0.318
R338,113,358,R358,MVK,0.5
R338,183,358,R358,GLY,0.024
R338,57,358,R358,HKET,0.033
R338,190,358,R358,ALD,0.031
R339,18,359,APIP1,R359,-1.0
R339,122,359,NO3,R359,-1.0
R339,56,359,R359,NO2,1.0
R339,187,359,R359,HO2,1.0
R339,154,359,R359,PINAL,0.2535
R339,190,359,R359,ALD,0.371
R339,5,359,R359,ACT,0.1165
R339,171,359,R359,LIMAL,0.1725
R339,90,359,R359,HCHO,0.403
R339,77,359,R359,OPB,0.091
R339,188,359,R359,KET,0.112
R340,34,360,LIMP1,R360,-1.0
R340,122,360,NO3,R360,-1.0
R340,187,360,R360,HO2,1.0
R340,56,360,R360,NO2,1.0
R340,171,360,R360,LIMAL,1.0
R340,90,360,R360,HCHO,0.56
TRP53,112,361,APINP1,R361,-1.0
TRP53,122,361,NO3,R361,-1.0
TRP53,56,361,R361,NO2,1.825
TRP53,154,361,R361,PINAL,0.65
TRP53,176,361,R361,VTRPN,0.175
TRP53,190,361,R361,ALD,0.168
TRP53,188,361,R361,KET,0.007
TRP53,90,361,R361,HCHO,0.007
TRP53,187,361,R361,HO2,0.175
TRP54,191,362,LIMNP1,R362,-1.0
TRP54,122,362,NO3,R362,-1.0
TRP54,56,362,R362,NO2,1.46
TRP54,171,362,R362,LIMAL,0.46
TRP54,176,362,R362,VTRPN,0.54
TRP54,187,362,R362,HO2,0.54
R341,30,363,ACO3,R363,-1.0
R341,122,363,NO3,R363,-1.0
R341,26,363,R363,MO2,1.0
R341,56,363,R363,NO2,1.0
R341,207,363,R363,CO2,1.0
R342,173,364,RCO3,R364,-1.0
R342,122,364,NO3,R364,-1.0
R342,32,364,R364,ETHP,1.0
R342,56,364,R364,NO2,1.0
R343,208,365,ACTP,R365,-1.0
R343,122,365,NO3,R365,-1.0
R343,30,365,R365,ACO3,1.0
R343,56,365,R365,NO2,1.0
R343,90,365,R365,HCHO,1.0
R344,202,366,MEKP,R366,-1.0
R344,122,366,NO3,R366,-1.0
R344,187,366,R366,HO2,0.67
R344,56,366,R366,NO2,1.0
R344,90,366,R366,HCHO,0.33
R344,127,366,R366,DCB1,0.67
R345,148,367,KETP,R367,-1.0
R345,122,367,NO3,R367,-1.0
R345,187,367,R367,HO2,1.0
R345,56,367,R367,NO2,1.0
R345,127,367,R367,DCB1,1.0
R346,82,368,MACP,R368,-1.0
R346,122,368,NO3,R368,-1.0
R346,90,368,R368,HCHO,1.0
R346,30,368,R368,ACO3,0.538
R346,97,368,R368,CO,1.0
R346,56,368,R368,NO2,1.0
R347,170,369,MCP,R369,-1.0
R347,122,369,NO3,R369,-1.0
R347,56,369,R369,NO2,1.0
R347,187,369,R369,HO2,1.0
R347,90,369,R369,HCHO,1.0
R347,57,369,R369,HKET,1.0
R348,67,370,MVKP,R370,-1.0
R348,122,370,NO3,R370,-1.0
R348,187,370,R370,HO2,0.3
R348,30,370,R370,ACO3,0.7
R348,110,370,R370,XO2,0.7
R348,56,370,R370,NO2,1.0
R348,90,370,R370,HCHO,0.3
R348,190,370,R370,ALD,0.7
R348,106,370,R370,MGLY,0.3
R349,74,371,UALP,R371,-1.0
R349,122,371,NO3,R371,-1.0
R349,187,371,R371,HO2,1.0
R349,56,371,R371,NO2,1.0
R349,97,371,R371,CO,0.61
R349,90,371,R371,HCHO,0.03
R349,190,371,R371,ALD,0.27
R349,188,371,R371,KET,0.7
R349,183,371,R371,GLY,0.18
R349,106,371,R371,MGLY,0.21
R350,91,372,BALP,R372,-1.0
R350,122,372,NO3,R372,-1.0
R350,89,372,R372,BAL1,1.0
R350,56,372,R372,NO2,1.0
R350,207,372,R372,CO2,1.0
R351,89,373,BAL1,R373,-1.0
R351,122,373,NO3,R373,-1.0
R351,129,373,R373,BAL2,1.0
R351,56,373,R373,NO2,1.0
R352,200,374,ADDC,R374,-1.0
R352,122,374,NO3,R374,-1.0
R352,187,374,R374,HO2,1.0
R352,56,374,R374,NO2,1.0
R352,57,374,R374,HKET,0.32
R352,183,374,R374,GLY,0.68
R352,124,374,R374,OP2,0.68
R353,179,375,MCTP,R375,-1.0
R353,122,375,NO3,R375,-1.0
R353,56,375,R375,NO2,1.0
R353,217,375,R375,MCTO,1.0
R354,20,376,ORAP,R376,-1.0
R354,122,376,NO3,R376,-1.0
R354,56,376,R376,NO2,1.0
R354,183,376,R376,GLY,1.0
R354,187,376,R376,HO2,1.0
R355,80,377,OLNN,R377,-1.0
R355,122,377,NO3,R377,-1.0
R355,187,377,R377,HO2,1.0
R355,56,377,R377,NO2,1.0
R355,203,377,R377,ONIT,1.0
R356,125,378,OLND,R378,-1.0
R356,122,378,NO3,R378,-1.0
R356,56,378,R378,NO2,2.0
R356,90,378,R378,HCHO,0.287
R356,190,378,R378,ALD,1.24
R356,188,378,R378,KET,0.464
R357,105,379,ADCN,R379,-1.0
R357,122,379,NO3,R379,-1.0
R357,56,379,R379,NO2,2.0
R357,183,379,R379,GLY,1.0
R357,124,379,R379,OP2,1.0
R358,80,380,OLNN,R380,-1.0
R358,80,380,OLNN,R380,-1.0
R358,187,380,R380,HO2,1.0
R358,203,380,R380,ONIT,2.0
R359,80,381,OLNN,R381,-1.0
R359,125,381,OLND,R381,-1.0
R359,187,381,R381,HO2,0.5
R359,56,381,R381,NO2,0.5
R359,90,381,R381,HCHO,0.202
R359,190,381,R381,ALD,0.64
R359,188,381,R381,KET,0.149
R359,203,381,R381,ONIT,1.5
R360,125,382,OLND,R382,-1.0
R360,125,382,OLND,R382,-1.0
R360,56,382,R382,NO2,1.0
R360,90,382,R382,HCHO,0.504
R360,190,382,R382,ALD,1.21
R360,188,382,R382,KET,0.285
R360,203,382,R382,ONIT,1.0
R361,110,383,XO2,R383,-1.0
R361,122,383,NO3,R383,-1.0
R361,56,383,R383,NO2,1.0
R362,110,384,XO2,R384,-1.0
R362,173,384,RCO3,R384,-1.0
R362,32,384,R384,ETHP,1.0
R362,207,384,R384,CO2,1.0
R363,110,385,XO2,R385,-1.0
R363,110,385,XO2,R385,-1.0
R363,1,385,R385,,1.0
TRP41,161,386,APIP2,R386,-1.0
TRP41,18,386,APIP1,R386,-1.0
TRP41,135,386,R386,VHOM,0.96
TRP41,140,386,R386,ROH,0.48
TRP41,154,386,R386,PINAL,0.48
TRP41,182,386,R386,HO,0.48
TRP41,187,386,R386,HO2,0.48
TRP41,88,386,R386,VELHOM,0.04
TRP42,161,387,APIP2,R387,-1.0
TRP42,34,387,LIMP1,R387,-1.0
TRP42,135,387,R387,VHOM,0.96
TRP42,140,387,R387,ROH,0.48
TRP42,171,387,R387,LIMAL,0.48
TRP42,182,387,R387,HO,0.48
TRP42,187,387,R387,HO2,0.48
TRP42,88,387,R387,VELHOM,0.04
TRP43,161,388,APIP2,R388,-1.0
TRP43,11,388,ISOP,R388,-1.0
TRP43,135,388,R388,VHOM,0.96
TRP43,140,388,R388,ROH,0.48
TRP43,90,388,R388,HCHO,0.48
TRP43,113,388,R388,MVK,0.48
TRP43,182,388,R388,HO,0.48
TRP43,187,388,R388,HO2,0.48
TRP43,88,388,R388,VELHOM,0.04
TRP44,103,389,LIMP2,R389,-1.0
TRP44,18,389,APIP1,R389,-1.0
TRP44,135,389,R389,VHOM,0.96
TRP44,140,389,R389,ROH,0.48
TRP44,154,389,R389,PINAL,0.48
TRP44,182,389,R389,HO,0.48
TRP44,187,389,R389,HO2,0.48
TRP44,88,389,R389,VELHOM,0.04
TRP45,103,390,LIMP2,R390,-1.0
TRP45,34,390,LIMP1,R390,-1.0
TRP45,135,390,R390,VHOM,0.96
TRP45,140,390,R390,ROH,0.48
TRP45,171,390,R390,LIMAL,0.48
TRP45,182,390,R390,HO,0.48
TRP45,187,390,R390,HO2,0.48
TRP45,88,390,R390,VELHOM,0.04
TRP46,103,391,LIMP2,R391,-1.0
TRP46,11,391,ISOP,R391,-1.0
TRP46,135,391,R391,VHOM,0.96
TRP46,140,391,R391,ROH,0.48
TRP46,90,391,R391,HCHO,0.48
TRP46,113,391,R391,MVK,0.48
TRP46,182,391,R391,HO,0.48
TRP46,187,391,R391,HO2,0.48
TRP46,88,391,R391,VELHOM,0.04
TRP47,178,392,APINP2,R392,-1.0
TRP47,18,392,APIP1,R392,-1.0
TRP47,135,392,R392,VHOM,0.96
TRP47,140,392,R392,ROH,0.48
TRP47,154,392,R392,PINAL,0.48
TRP47,56,392,R392,NO2,0.48
TRP47,187,392,R392,HO2,0.48
TRP47,88,392,R392,VELHOM,0.04
TRP48,178,393,APINP2,R393,-1.0
TRP48,34,393,LIMP1,R393,-1.0
TRP48,135,393,R393,VHOM,0.96
TRP48,140,393,R393,ROH,0.48
TRP48,171,393,R393,LIMAL,0.48
TRP48,56,393,R393,NO2,0.48
TRP48,187,393,R393,HO2,0.48
TRP48,88,393,R393,VELHOM,0.04
TRP49,178,394,APINP2,R394,-1.0
TRP49,11,394,ISOP,R394,-1.0
TRP49,135,394,R394,VHOM,0.96
TRP49,140,394,R394,ROH,0.48
TRP49,90,394,R394,HCHO,0.48
TRP49,113,394,R394,MVK,0.48
TRP49,56,394,R394,NO2,0.48
TRP49,187,394,R394,HO2,0.48
TRP49,88,394,R394,VELHOM,0.04
TRP50,54,395,LIMNP2,R395,-1.0
TRP50,18,395,APIP1,R395,-1.0
TRP50,135,395,R395,VHOM,0.96
TRP50,140,395,R395,ROH,0.48
TRP50,154,395,R395,PINAL,0.48
TRP50,56,395,R395,NO2,0.48
TRP50,187,395,R395,HO2,0.48
TRP50,88,395,R395,VELHOM,0.04
TRP51,54,396,LIMNP2,R396,-1.0
TRP51,34,396,LIMP1,R396,-1.0
TRP51,135,396,R396,VHOM,0.96
TRP51,140,396,R396,ROH,0.48
TRP51,171,396,R396,LIMAL,0.48
TRP51,56,396,R396,NO2,0.48
TRP51,187,396,R396,HO2,0.48
TRP51,88,396,R396,VELHOM,0.04
TRP52,54,397,LIMNP2,R397,-1.0
TRP52,11,397,ISOP,R397,-1.0
TRP52,135,397,R397,VHOM,0.96
TRP52,140,397,R397,ROH,0.48
TRP52,90,397,R397,HCHO,0.48
TRP52,113,397,R397,MVK,0.48
TRP52,56,397,R397,NO2,0.48
TRP52,187,397,R397,HO2,0.48
TRP52,88,397,R397,VELHOM,0.04
RAM17,189,398,IEPOX,R398,-1.0
RAM17,182,398,HO,R398,-1.0
RAM17,182,398,R398,HO,1.0
R001c,218,399,VROCIOXY,R399,-1.0
R001c,182,399,HO,R399,-1.0
R001c,32,399,R399,ETHP,0.852
R001c,52,399,R399,ASOATJ,0.149
R002c,2,400,SLOWROC,R400,-1.0
R002c,182,400,HO,R400,-1.0
R002c,32,400,R400,ETHP,1.0
R002c,52,400,R400,ASOATJ,0.00101
T17,31,401,ACRO,R401,-1.0
T17,182,401,HO,R401,-1.0
T17,82,401,R401,MACP,0.57
T17,170,401,R401,MCP,0.43
T18,31,402,ACRO,R402,-1.0
T18,209,402,O3,R402,-1.0
T18,97,402,R402,CO,0.84
T18,187,402,R402,HO2,0.56
T18,182,402,R402,HO,0.28
T18,90,402,R402,HCHO,0.72
T18,183,402,R402,GLY,0.62
T18,207,402,R402,CO2,0.2
T19,31,403,ACRO,R403,-1.0
T19,122,403,NO3,R403,-1.0
T19,90,403,R403,HCHO,0.68
T19,82,403,R403,MACP,0.32
T19,110,403,R403,XO2,0.68
T19,106,403,R403,MGLY,0.68
T19,165,403,R403,HNO3,0.32
T19,56,403,R403,NO2,0.68
T20,31,404,ACRO,R404,-1.0
T20,97,404,R404,CO,1.0
T20,187,404,R404,HO2,0.477
T20,13,404,R404,ETE,0.25
T20,30,404,R404,ACO3,0.354
T20,182,404,R404,HO,0.204
T20,90,404,R404,HCHO,0.15
T20,26,404,R404,MO2,0.027
T10,75,405,BDE13,R405,-1.0
T10,182,405,HO,R405,-1.0
T10,133,405,R405,BDE13P,0.667
T10,206,405,R405,UALD,0.333
T10,187,405,R405,HO2,0.333
T10a,133,406,BDE13P,R406,-1.0
T10a,204,406,NO,R406,-1.0
T10a,187,406,R406,HO2,0.968
T10a,56,406,R406,NO2,0.968
T10a,31,406,R406,ACRO,0.895
T10a,90,406,R406,HCHO,0.895
T10a,58,406,R406,FURAN,0.072
T10a,203,406,R406,ONIT,0.032
T10b,133,407,BDE13P,R407,-1.0
T10b,122,407,NO3,R407,-1.0
T10b,187,407,R407,HO2,1.0
T10b,56,407,R407,NO2,1.0
T10b,31,407,R407,ACRO,0.925
T10b,90,407,R407,HCHO,0.925
T10b,58,407,R407,FURAN,0.075
T10c,133,408,BDE13P,R408,-1.0
T10c,187,408,HO2,R408,-1.0
T10c,124,408,R408,OP2,1.0
T10d,133,409,BDE13P,R409,-1.0
T10d,26,409,MO2,R409,-1.0
T10d,224,409,R409,MOH,0.32
T10d,90,409,R409,HCHO,1.143
T10d,187,409,R409,HO2,0.87
T10d,31,409,R409,ACRO,0.463
T10d,14,409,R409,OLT,0.25
T10d,113,409,R409,MVK,0.231
T10d,58,409,R409,FURAN,0.037
T10d,206,409,R409,UALD,0.019
T10e,133,410,BDE13P,R410,-1.0
T10e,30,410,ACO3,R410,-1.0
T10e,26,410,R410,MO2,0.7
T10e,177,410,R410,ORA2,0.3
T10e,187,410,R410,HO2,0.8
T10e,31,410,R410,ACRO,0.74
T10e,90,410,R410,HCHO,0.74
T10e,113,410,R410,MVK,0.185
T10e,58,410,R410,FURAN,0.06
T10e,206,410,R410,UALD,0.015
T10e,207,410,R410,CO2,0.7
T11,75,411,BDE13,R411,-1.0
T11,209,411,O3,R411,-1.0
T11,31,411,R411,ACRO,0.62
T11,97,411,R411,CO,0.63
T11,187,411,R411,HO2,0.42
T11,182,411,R411,HO,0.08
T11,90,411,R411,HCHO,0.83
T11,13,411,R411,ETE,0.17
T12,75,412,BDE13,R412,-1.0
T12,122,412,NO3,R412,-1.0
T12,80,412,R412,OLNN,0.9
T12,125,412,R412,OLND,0.1
T12,31,412,R412,ACRO,0.9
R003c,58,413,FURAN,R413,-1.0
R003c,182,413,HO,R413,-1.0
R003c,127,413,R413,DCB1,0.49
R003c,187,413,R413,HO2,0.49
R003c,167,413,R413,FURANO2,0.51
R004c,167,414,FURANO2,R414,-1.0
R004c,204,414,NO,R414,-1.0
R004c,203,414,R414,ONIT,0.08
R004c,56,414,R414,NO2,0.92
R004c,180,414,R414,FURANONE,0.92
R004c,187,414,R414,HO2,0.75
R004c,26,414,R414,MO2,0.17
R005c,167,415,FURANO2,R415,-1.0
R005c,187,415,HO2,R415,-1.0
R005c,124,415,R415,OP2,0.6
R005c,180,415,R415,FURANONE,0.4
R005c,182,415,R415,HO,0.4
R005c,187,415,R415,HO2,0.32
R005c,26,415,R415,MO2,0.08
R006c,180,416,FURANONE,R416,-1.0
R006c,182,416,HO,R416,-1.0
R006c,188,416,R416,KET,0.65
R006c,183,416,R416,GLY,0.31
R006c,187,416,R416,HO2,0.66
R006c,26,416,R416,MO2,0.34
R006c,97,416,R416,CO,0.43
R006c,52,416,R416,ASOATJ,0.04
R007c,58,417,FURAN,R417,-1.0
R007c,209,417,O3,R417,-1.0
R007c,182,417,R417,HO,0.02
R007c,190,417,R417,ALD,1.0
R008c,58,418,FURAN,R418,-1.0
R008c,122,418,NO3,R418,-1.0
R008c,56,418,R418,NO2,1.0
R008c,127,418,R418,DCB1,0.8
R008c,115,418,R418,DCB3,0.2
R010c,21,419,PROG,R419,-1.0
R010c,182,419,HO,R419,-1.0
R010c,57,419,R419,HKET,0.613
R010c,190,419,R419,ALD,0.387
R010c,187,419,R419,HO2,1.0
R011c,76,420,SESQ,R420,-1.0
R011c,122,420,NO3,R420,-1.0
R011c,61,420,R420,SESQNRO2,1.0
R012c,61,421,SESQNRO2,R421,-1.0
R012c,187,421,HO2,R421,-1.0
R012c,134,421,R421,VROCP0OXY4,1.0
R013c,61,422,SESQNRO2,R422,-1.0
R013c,204,422,NO,R422,-1.0
R013c,49,422,R422,VROCP3OXY2,1.0
R013c,56,422,R422,NO2,2.0
R014c,61,423,SESQNRO2,R423,-1.0
R014c,122,423,NO3,R423,-1.0
R014c,49,423,R423,VROCP3OXY2,1.0
R014c,56,423,R423,NO2,2.0
R015c,76,424,SESQ,R424,-1.0
R015c,209,424,O3,R424,-1.0
R015c,49,424,R424,VROCP3OXY2,0.982
R015c,95,424,R424,VROCN2OXY2,0.018
R016c,76,425,SESQ,R425,-1.0
R016c,182,425,HO,R425,-1.0
R016c,60,425,R425,SESQRO2,1.0
R017c,60,426,SESQRO2,R426,-1.0
R017c,187,426,HO2,R426,-1.0
R017c,174,426,R426,VROCP0OXY2,1.0
R019c,60,427,SESQRO2,R427,-1.0
R019c,122,427,NO3,R427,-1.0
R019c,49,427,R427,VROCP3OXY2,1.0
R020c,60,428,SESQRO2,R428,-1.0
R020c,204,428,NO,R428,-1.0
R020c,195,428,R428,VROCP1OXY3,0.247
R020c,49,428,R428,VROCP3OXY2,0.753
R020c,56,428,R428,NO2,0.753
HET_GLY,183,429,GLY,R429,-1.0
HET_GLY,27,429,R429,AGLYOLIGJ,1.0
HET_MGLY,106,430,MGLY,R430,-1.0
HET_MGLY,27,430,R430,AGLYOLIGJ,1.0
HET_NO2,56,431,NO2,R431,-1.0
HET_NO2,63,431,R431,HONO,0.5
HET_NO2,165,431,R431,HNO3,0.5
HET_HO2,187,432,HO2,R432,-1.0
HET_HO2,1,432,R432,,1.0
HET_NO3,122,433,NO3,R433,-1.0
HET_NO3,165,433,R433,HNO3,1.0
HAL_Ozone,209,434,O3,R434,-1.0
HAL_Ozone,16,434,R434,%H,1.0
HET_IEPOX,189,435,IEPOX,R435,-1.0
HET_IEPOX,29,435,R435,IEPOXP,1.0
HET_ISO3TET,29,436,IEPOXP,R436,-1.0
HET_ISO3TET,70,436,R436,AISO3NOSJ,1.0
HET_IEPOXOS,29,437,IEPOXP,R437,-1.0
HET_IEPOXOS,59,437,ASO4J,R437,-1.0
HET_IEPOXOS,53,437,R437,AISO3OSJ,1.0
HET_IPX,102,438,IPX,R438,-1.0
HET_IPX,223,438,R438,AISO4J,1.0
HET_INALD,226,439,INALD,R439,-1.0
HET_INALD,184,439,R439,AISO5J,1.0
HET_INALD,165,439,R439,HNO3,1.0
ROCALK1c,158,440,VROCP6ALK,R440,-1.0
ROCALK1c,182,440,HO,R440,-1.0
ROCALK1c,62,440,R440,VROCP6ALKP,1.0
ROCALK2c,99,441,VROCP5ALK,R441,-1.0
ROCALK2c,182,441,HO,R441,-1.0
ROCALK2c,3,441,R441,VROCP5ALKP,1.0
ROCALK3c,64,442,VROCP4ALK,R442,-1.0
ROCALK3c,182,442,HO,R442,-1.0
ROCALK3c,81,442,R442,VROCP4ALKP,1.0
ROCALK4c,38,443,VROCP3ALK,R443,-1.0
ROCALK4c,182,443,HO,R443,-1.0
ROCALK4c,83,443,R443,VROCP3ALKP,1.0
ROCALK5c,114,444,VROCP2ALK,R444,-1.0
ROCALK5c,182,444,HO,R444,-1.0
ROCALK5c,93,444,R444,VROCP2ALKP,1.0
ROCALK6c,22,445,VROCP1ALK,R445,-1.0
ROCALK6c,182,445,HO,R445,-1.0
ROCALK6c,6,445,R445,VROCP1ALKP,1.0
HC1001,172,446,HC10,R446,-1.0
HC1001,182,446,HO,R446,-1.0
HC1001,4,446,R446,HC10P,1.0
ROCALK7c,62,447,VROCP6ALKP,R447,-1.0
ROCALK7c,204,447,NO,R447,-1.0
ROCALK7c,132,447,R447,VROCP6ALKP2,0.72
ROCALK7c,25,447,R447,VROCP4OXY2,0.28
ROCALK7c,56,447,R447,NO2,0.72
ROCALK8c,3,448,VROCP5ALKP,R448,-1.0
ROCALK8c,204,448,NO,R448,-1.0
ROCALK8c,43,448,R448,VROCP5ALKP2,0.72
ROCALK8c,49,448,R448,VROCP3OXY2,0.28
ROCALK8c,56,448,R448,NO2,0.72
ROCALK9c,81,449,VROCP4ALKP,R449,-1.0
ROCALK9c,204,449,NO,R449,-1.0
ROCALK9c,55,449,R449,VROCP4ALKP2,0.72
ROCALK9c,100,449,R449,VROCP2OXY2,0.28
ROCALK9c,56,449,R449,NO2,0.72
ROCALK10c,83,450,VROCP3ALKP,R450,-1.0
ROCALK10c,204,450,NO,R450,-1.0
ROCALK10c,192,450,R450,VROCP3ALKP2,0.72
ROCALK10c,175,450,R450,VROCP1OXY1,0.28
ROCALK10c,56,450,R450,NO2,0.72
ROCALK11c,93,451,VROCP2ALKP,R451,-1.0
ROCALK11c,204,451,NO,R451,-1.0
ROCALK11c,86,451,R451,VROCP2ALKP2,0.72
ROCALK11c,174,451,R451,VROCP0OXY2,0.28
ROCALK11c,56,451,R451,NO2,0.72
ROCALK12c,6,452,VROCP1ALKP,R452,-1.0
ROCALK12c,204,452,NO,R452,-1.0
ROCALK12c,73,452,R452,VROCP1ALKP2,0.72
ROCALK12c,213,452,R452,VROCN1OXY1,0.28
ROCALK12c,56,452,R452,NO2,0.72
HC1002,4,453,HC10P,R453,-1.0
HC1002,204,453,NO,R453,-1.0
HC1002,39,453,R453,HC10P2,0.74
HC1002,203,453,R453,ONIT,0.26
HC1002,56,453,R453,NO2,0.74
ROCALK13c,62,454,VROCP6ALKP,R454,-1.0
ROCALK13c,122,454,NO3,R454,-1.0
ROCALK13c,132,454,R454,VROCP6ALKP2,1.0
ROCALK13c,56,454,R454,NO2,1.0
ROCALK14c,3,455,VROCP5ALKP,R455,-1.0
ROCALK14c,122,455,NO3,R455,-1.0
ROCALK14c,43,455,R455,VROCP5ALKP2,1.0
ROCALK14c,56,455,R455,NO2,1.0
ROCALK15c,81,456,VROCP4ALKP,R456,-1.0
ROCALK15c,122,456,NO3,R456,-1.0
ROCALK15c,55,456,R456,VROCP4ALKP2,1.0
ROCALK15c,56,456,R456,NO2,1.0
ROCALK16c,83,457,VROCP3ALKP,R457,-1.0
ROCALK16c,122,457,NO3,R457,-1.0
ROCALK16c,192,457,R457,VROCP3ALKP2,1.0
ROCALK16c,56,457,R457,NO2,1.0
ROCALK17c,93,458,VROCP2ALKP,R458,-1.0
ROCALK17c,122,458,NO3,R458,-1.0
ROCALK17c,86,458,R458,VROCP2ALKP2,1.0
ROCALK17c,56,458,R458,NO2,1.0
ROCALK18c,6,459,VROCP1ALKP,R459,-1.0
ROCALK18c,122,459,NO3,R459,-1.0
ROCALK18c,73,459,R459,VROCP1ALKP2,1.0
ROCALK18c,56,459,R459,NO2,1.0
HC1003,4,460,HC10P,R460,-1.0
HC1003,122,460,NO3,R460,-1.0
HC1003,39,460,R460,HC10P2,1.0
HC1003,56,460,R460,NO2,1.0
ROCALK19c,62,461,VROCP6ALKP,R461,-1.0
ROCALK19c,187,461,HO2,R461,-1.0
ROCALK19c,49,461,R461,VROCP3OXY2,1.0
ROCALK20c,3,462,VROCP5ALKP,R462,-1.0
ROCALK20c,187,462,HO2,R462,-1.0
ROCALK20c,100,462,R462,VROCP2OXY2,1.0
ROCALK21c,81,463,VROCP4ALKP,R463,-1.0
ROCALK21c,187,463,HO2,R463,-1.0
ROCALK21c,175,463,R463,VROCP1OXY1,1.0
ROCALK22c,83,464,VROCP3ALKP,R464,-1.0
ROCALK22c,187,464,HO2,R464,-1.0
ROCALK22c,174,464,R464,VROCP0OXY2,1.0
ROCALK23c,93,465,VROCP2ALKP,R465,-1.0
ROCALK23c,187,465,HO2,R465,-1.0
ROCALK23c,213,465,R465,VROCN1OXY1,1.0
ROCALK24c,6,466,VROCP1ALKP,R466,-1.0
ROCALK24c,187,466,HO2,R466,-1.0
ROCALK24c,95,466,R466,VROCN2OXY2,1.0
HC1004,4,467,HC10P,R467,-1.0
HC1004,187,467,HO2,R467,-1.0
HC1004,124,467,R467,OP2,1.0
ROCALK25c,132,468,VROCP6ALKP2,R468,-1.0
ROCALK25c,187,468,R468,HO2,1.0
ROCALK25c,49,468,R468,VROCP3OXY2,1.0
ROCALK26c,43,469,VROCP5ALKP2,R469,-1.0
ROCALK26c,187,469,R469,HO2,1.0
ROCALK26c,100,469,R469,VROCP2OXY2,1.0
ROCALK27c,55,470,VROCP4ALKP2,R470,-1.0
ROCALK27c,187,470,R470,HO2,1.0
ROCALK27c,175,470,R470,VROCP1OXY1,1.0
ROCALK28c,192,471,VROCP3ALKP2,R471,-1.0
ROCALK28c,187,471,R471,HO2,1.0
ROCALK28c,174,471,R471,VROCP0OXY2,1.0
ROCALK29c,86,472,VROCP2ALKP2,R472,-1.0
ROCALK29c,187,472,R472,HO2,1.0
ROCALK29c,213,472,R472,VROCN1OXY1,1.0
ROCALK30c,73,473,VROCP1ALKP2,R473,-1.0
ROCALK30c,187,473,R473,HO2,1.0
ROCALK30c,95,473,R473,VROCN2OXY2,1.0
HC1005,39,474,HC10P2,R474,-1.0
HC1005,187,474,R474,HO2,1.0
HC1005,25,474,R474,VROCP4OXY2,1.0
ROCALK31c,132,475,VROCP6ALKP2,R475,-1.0
ROCALK31c,204,475,NO,R475,-1.0
ROCALK31c,100,475,R475,VROCP2OXY2,0.14
ROCALK31c,56,475,R475,NO2,0.86
ROCALK31c,49,475,R475,VROCP3OXY2,0.86
ROCALK31c,187,475,R475,HO2,0.86
ROCALK32c,43,476,VROCP5ALKP2,R476,-1.0
ROCALK32c,204,476,NO,R476,-1.0
ROCALK32c,195,476,R476,VROCP1OXY3,0.14
ROCALK32c,56,476,R476,NO2,0.86
ROCALK32c,100,476,R476,VROCP2OXY2,0.86
ROCALK32c,187,476,R476,HO2,0.86
ROCALK33c,55,477,VROCP4ALKP2,R477,-1.0
ROCALK33c,204,477,NO,R477,-1.0
ROCALK33c,174,477,R477,VROCP0OXY2,0.14
ROCALK33c,56,477,R477,NO2,0.86
ROCALK33c,175,477,R477,VROCP1OXY1,0.86
ROCALK33c,187,477,R477,HO2,0.86
ROCALK34c,192,478,VROCP3ALKP2,R478,-1.0
ROCALK34c,204,478,NO,R478,-1.0
ROCALK34c,213,478,R478,VROCN1OXY1,0.14
ROCALK34c,56,478,R478,NO2,0.86
ROCALK34c,174,478,R478,VROCP0OXY2,0.86
ROCALK34c,187,478,R478,HO2,0.86
ROCALK35c,86,479,VROCP2ALKP2,R479,-1.0
ROCALK35c,204,479,NO,R479,-1.0
ROCALK35c,95,479,R479,VROCN2OXY2,0.14
ROCALK35c,56,479,R479,NO2,0.86
ROCALK35c,213,479,R479,VROCN1OXY1,0.86
ROCALK35c,187,479,R479,HO2,0.86
ROCALK36c,73,480,VROCP1ALKP2,R480,-1.0
ROCALK36c,204,480,NO,R480,-1.0
ROCALK36c,95,480,R480,VROCN2OXY2,1.0
ROCALK36c,56,480,R480,NO2,0.86
ROCALK36c,187,480,R480,HO2,0.86
HC1006,39,481,HC10P2,R481,-1.0
HC1006,204,481,NO,R481,-1.0
HC1006,203,481,R481,ONIT,0.12
HC1006,56,481,R481,NO2,0.88
HC1006,188,481,R481,KET,0.88
HC1006,187,481,R481,HO2,0.88
ROCALK37c,132,482,VROCP6ALKP2,R482,-1.0
ROCALK37c,122,482,NO3,R482,-1.0
ROCALK37c,56,482,R482,NO2,1.0
ROCALK37c,49,482,R482,VROCP3OXY2,1.0
ROCALK37c,187,482,R482,HO2,1.0
ROCALK38c,43,483,VROCP5ALKP2,R483,-1.0
ROCALK38c,122,483,NO3,R483,-1.0
ROCALK38c,56,483,R483,NO2,1.0
ROCALK38c,100,483,R483,VROCP2OXY2,1.0
ROCALK38c,187,483,R483,HO2,1.0
ROCALK39c,55,484,VROCP4ALKP2,R484,-1.0
ROCALK39c,122,484,NO3,R484,-1.0
ROCALK39c,56,484,R484,NO2,1.0
ROCALK39c,175,484,R484,VROCP1OXY1,1.0
ROCALK39c,187,484,R484,HO2,1.0
ROCALK40c,192,485,VROCP3ALKP2,R485,-1.0
ROCALK40c,122,485,NO3,R485,-1.0
ROCALK40c,56,485,R485,NO2,1.0
ROCALK40c,174,485,R485,VROCP0OXY2,1.0
ROCALK40c,187,485,R485,HO2,1.0
ROCALK41c,86,486,VROCP2ALKP2,R486,-1.0
ROCALK41c,122,486,NO3,R486,-1.0
ROCALK41c,56,486,R486,NO2,1.0
ROCALK41c,213,486,R486,VROCN1OXY1,1.0
ROCALK41c,187,486,R486,HO2,1.0
ROCALK42c,73,487,VROCP1ALKP2,R487,-1.0
ROCALK42c,122,487,NO3,R487,-1.0
ROCALK42c,56,487,R487,NO2,1.0
ROCALK42c,95,487,R487,VROCN2OXY2,1.0
ROCALK42c,187,487,R487,HO2,1.0
HC1007,39,488,HC10P2,R488,-1.0
HC1007,122,488,NO3,R488,-1.0
HC1007,56,488,R488,NO2,1.0
HC1007,188,488,R488,KET,1.0
HC1007,187,488,R488,HO2,1.0
ROCALK43c,132,489,VROCP6ALKP2,R489,-1.0
ROCALK43c,187,489,HO2,R489,-1.0
ROCALK43c,195,489,R489,VROCP1OXY3,1.0
ROCALK44c,43,490,VROCP5ALKP2,R490,-1.0
ROCALK44c,187,490,HO2,R490,-1.0
ROCALK44c,174,490,R490,VROCP0OXY2,1.0
ROCALK45c,55,491,VROCP4ALKP2,R491,-1.0
ROCALK45c,187,491,HO2,R491,-1.0
ROCALK45c,213,491,R491,VROCN1OXY1,1.0
ROCALK46c,192,492,VROCP3ALKP2,R492,-1.0
ROCALK46c,187,492,HO2,R492,-1.0
ROCALK46c,95,492,R492,VROCN2OXY2,1.0
ROCALK47c,86,493,VROCP2ALKP2,R493,-1.0
ROCALK47c,187,493,HO2,R493,-1.0
ROCALK47c,95,493,R493,VROCN2OXY2,1.0
ROCALK48c,73,494,VROCP1ALKP2,R494,-1.0
ROCALK48c,187,494,HO2,R494,-1.0
ROCALK48c,95,494,R494,VROCN2OXY2,1.0
HC1008,39,495,HC10P2,R495,-1.0
HC1008,187,495,HO2,R495,-1.0
HC1008,100,495,R495,VROCP2OXY2,1.0
ROCARO01,8,496,VROCP6ARO,R496,-1.0
ROCARO01,182,496,HO,R496,-1.0
ROCARO01,42,496,R496,VROCP6AROP,0.84
ROCARO01,187,496,R496,HO2,0.16
ROCARO01,25,496,R496,VROCP4OXY2,0.16
ROCARO02,42,497,VROCP6AROP,R497,-1.0
ROCARO02,187,497,HO2,R497,-1.0
ROCARO02,25,497,R497,VROCP4OXY2,0.0595
ROCARO02,195,497,R497,VROCP1OXY3,0.9048
ROCARO02,163,497,R497,VROCN2OXY4,0.0357
ROCARO03,42,498,VROCP6AROP,R498,-1.0
ROCARO03,204,498,NO,R498,-1.0
ROCARO03,25,498,R498,VROCP4OXY2,0.0001
ROCARO03,100,498,R498,VROCP2OXY2,0.0018
ROCARO03,220,498,R498,VROCN1OXY3,0.0001
ROCARO03,56,498,R498,NO2,0.998
ROCARO03,187,498,R498,HO2,0.998
ROCARO03,51,498,R498,BALD,0.0594
ROCARO03,183,498,R498,GLY,0.4693
ROCARO03,106,498,R498,MGLY,0.4693
ROCARO03,180,498,R498,FURANONE,0.4693
ROCARO03,108,498,R498,DCB2,0.4693
ROCARO04,42,499,VROCP6AROP,R499,-1.0
ROCARO04,122,499,NO3,R499,-1.0
ROCARO04,56,499,R499,NO2,1.0
ROCARO04,187,499,R499,HO2,0.9405
ROCARO04,51,499,R499,BALD,0.0595
ROCARO04,183,499,R499,GLY,0.4702
ROCARO04,106,499,R499,MGLY,0.4702
ROCARO04,180,499,R499,FURANONE,0.4702
ROCARO04,108,499,R499,DCB2,0.4702
ROCARO05,42,500,VROCP6AROP,R500,-1.0
ROCARO05,26,500,MO2,R500,-1.0
ROCARO05,90,500,R500,HCHO,0.68
ROCARO05,187,500,R500,HO2,1.3105
ROCARO05,224,500,R500,MOH,0.32
ROCARO05,51,500,R500,BALD,0.0595
ROCARO05,183,500,R500,GLY,0.4702
ROCARO05,106,500,R500,MGLY,0.4702
ROCARO05,180,500,R500,FURANONE,0.4702
ROCARO05,108,500,R500,DCB2,0.4702
ROCARO06,42,501,VROCP6AROP,R501,-1.0
ROCARO06,30,501,ACO3,R501,-1.0
ROCARO06,26,501,R501,MO2,0.7
ROCARO06,187,501,R501,HO2,0.9405
ROCARO06,177,501,R501,ORA2,0.3
ROCARO06,51,501,R501,BALD,0.0595
ROCARO06,183,501,R501,GLY,0.4702
ROCARO06,106,501,R501,MGLY,0.4702
ROCARO06,180,501,R501,FURANONE,0.4702
ROCARO06,108,501,R501,DCB2,0.4702
ROCARO06,207,501,R501,CO2,0.7
ROCARO11,15,502,VROCP5ARO,R502,-1.0
ROCARO11,182,502,HO,R502,-1.0
ROCARO11,35,502,R502,VROCP5AROP,0.84
ROCARO11,187,502,R502,HO2,0.16
ROCARO11,49,502,R502,VROCP3OXY2,0.16
ROCARO12,35,503,VROCP5AROP,R503,-1.0
ROCARO12,187,503,HO2,R503,-1.0
ROCARO12,49,503,R503,VROCP3OXY2,0.0595
ROCARO12,174,503,R503,VROCP0OXY2,0.9048
ROCARO12,163,503,R503,VROCN2OXY4,0.0357
ROCARO13,35,504,VROCP5AROP,R504,-1.0
ROCARO13,204,504,NO,R504,-1.0
ROCARO13,49,504,R504,VROCP3OXY2,0.0001
ROCARO13,195,504,R504,VROCP1OXY3,0.0018
ROCARO13,163,504,R504,VROCN2OXY4,0.0001
ROCARO13,56,504,R504,NO2,0.998
ROCARO13,187,504,R504,HO2,0.998
ROCARO13,25,504,R504,VROCP4OXY2,0.0594
ROCARO13,183,504,R504,GLY,0.4693
ROCARO13,106,504,R504,MGLY,0.4693
ROCARO13,180,504,R504,FURANONE,0.4693
ROCARO13,108,504,R504,DCB2,0.4693
ROCARO14,35,505,VROCP5AROP,R505,-1.0
ROCARO14,122,505,NO3,R505,-1.0
ROCARO14,56,505,R505,NO2,1.0
ROCARO14,187,505,R505,HO2,0.9405
ROCARO14,25,505,R505,VROCP4OXY2,0.0595
ROCARO14,183,505,R505,GLY,0.4702
ROCARO14,106,505,R505,MGLY,0.4702
ROCARO14,180,505,R505,FURANONE,0.4702
ROCARO14,108,505,R505,DCB2,0.4702
ROCARO15,35,506,VROCP5AROP,R506,-1.0
ROCARO15,26,506,MO2,R506,-1.0
ROCARO15,90,506,R506,HCHO,0.68
ROCARO15,187,506,R506,HO2,1.3105
ROCARO15,224,506,R506,MOH,0.32
ROCARO15,25,506,R506,VROCP4OXY2,0.0595
ROCARO15,183,506,R506,GLY,0.4702
ROCARO15,106,506,R506,MGLY,0.4702
ROCARO15,180,506,R506,FURANONE,0.4702
ROCARO15,108,506,R506,DCB2,0.4702
ROCARO16,35,507,VROCP5AROP,R507,-1.0
ROCARO16,30,507,ACO3,R507,-1.0
ROCARO16,26,507,R507,MO2,0.7
ROCARO16,187,507,R507,HO2,0.9405
ROCARO16,177,507,R507,ORA2,0.3
ROCARO16,25,507,R507,VROCP4OXY2,0.0595
ROCARO16,183,507,R507,GLY,0.4702
ROCARO16,106,507,R507,MGLY,0.4702
ROCARO16,180,507,R507,FURANONE,0.4702
ROCARO16,108,507,R507,DCB2,0.4702
ROCARO16,207,507,R507,CO2,0.7
ROCARO21,137,508,NAPH,R508,-1.0
ROCARO21,182,508,HO,R508,-1.0
ROCARO21,144,508,R508,NAPHP,0.84
ROCARO21,187,508,R508,HO2,0.16
ROCARO21,49,508,R508,VROCP3OXY2,0.16
ROCARO22,144,509,NAPHP,R509,-1.0
ROCARO22,187,509,HO2,R509,-1.0
ROCARO22,49,509,R509,VROCP3OXY2,0.0595
ROCARO22,195,509,R509,VROCP1OXY3,0.9048
ROCARO22,211,509,R509,VROCN2OXY8,0.0357
ROCARO23,144,510,NAPHP,R510,-1.0
ROCARO23,204,510,NO,R510,-1.0
ROCARO23,25,510,R510,VROCP4OXY2,0.0595
ROCARO23,100,510,R510,VROCP2OXY2,0.0018
ROCARO23,211,510,R510,VROCN2OXY8,0.0001
ROCARO23,56,510,R510,NO2,0.998
ROCARO23,187,510,R510,HO2,0.998
ROCARO23,183,510,R510,GLY,0.4693
ROCARO23,106,510,R510,MGLY,0.4693
ROCARO23,180,510,R510,FURANONE,0.4693
ROCARO23,108,510,R510,DCB2,0.4693
ROCARO24,144,511,NAPHP,R511,-1.0
ROCARO24,122,511,NO3,R511,-1.0
ROCARO24,56,511,R511,NO2,1.0
ROCARO24,187,511,R511,HO2,0.9405
ROCARO24,25,511,R511,VROCP4OXY2,0.0595
ROCARO24,183,511,R511,GLY,0.4702
ROCARO24,106,511,R511,MGLY,0.4702
ROCARO24,180,511,R511,FURANONE,0.4702
ROCARO24,108,511,R511,DCB2,0.4702
ROCARO25,144,512,NAPHP,R512,-1.0
ROCARO25,26,512,MO2,R512,-1.0
ROCARO25,90,512,R512,HCHO,0.68
ROCARO25,187,512,R512,HO2,1.3105
ROCARO25,224,512,R512,MOH,0.32
ROCARO25,25,512,R512,VROCP4OXY2,0.0595
ROCARO25,183,512,R512,GLY,0.4702
ROCARO25,106,512,R512,MGLY,0.4702
ROCARO25,180,512,R512,FURANONE,0.4702
ROCARO25,108,512,R512,DCB2,0.4702
ROCARO26,144,513,NAPHP,R513,-1.0
ROCARO26,30,513,ACO3,R513,-1.0
ROCARO26,26,513,R513,MO2,0.7
ROCARO26,187,513,R513,HO2,0.9405
ROCARO26,177,513,R513,ORA2,0.3
ROCARO26,25,513,R513,VROCP4OXY2,0.0595
ROCARO26,183,513,R513,GLY,0.4702
ROCARO26,106,513,R513,MGLY,0.4702
ROCARO26,180,513,R513,FURANONE,0.4702
ROCARO26,108,513,R513,DCB2,0.4702
ROCARO26,207,513,R513,CO2,0.7
ROCOXY1c,211,514,VROCN2OXY8,R514,-1.0
ROCOXY1c,182,514,HO,R514,-1.0
ROCOXY1c,211,514,R514,VROCN2OXY8,0.0854
ROCOXY1c,94,514,R514,MEK,0.2581
ROCOXY1c,188,514,R514,KET,0.2581
ROCOXY1c,90,514,R514,HCHO,0.2581
ROCOXY1c,186,514,R514,ACD,0.1291
ROCOXY1c,190,514,R514,ALD,0.2581
ROCOXY1c,26,514,R514,MO2,0.2581
ROCOXY1c,32,514,R514,ETHP,0.2581
ROCOXY1c,116,514,R514,HC3P,0.2581
ROCOXY1c,202,514,R514,MEKP,0.2581
ROCOXY2c,163,515,VROCN2OXY4,R515,-1.0
ROCOXY2c,182,515,HO,R515,-1.0
ROCOXY2c,211,515,R515,VROCN2OXY8,0.8083
ROCOXY2c,163,515,R515,VROCN2OXY4,0.313
ROCOXY2c,78,515,R515,VROCN1OXY6,0.0016
ROCOXY2c,94,515,R515,MEK,0.0794
ROCOXY2c,188,515,R515,KET,0.0794
ROCOXY2c,90,515,R515,HCHO,0.0794
ROCOXY2c,186,515,R515,ACD,0.0397
ROCOXY2c,190,515,R515,ALD,0.0794
ROCOXY2c,26,515,R515,MO2,0.0794
ROCOXY2c,32,515,R515,ETHP,0.0794
ROCOXY2c,116,515,R515,HC3P,0.0794
ROCOXY2c,202,515,R515,MEKP,0.0794
ROCOXY2c,148,515,R515,KETP,0.0794
ROCOXY3c,95,516,VROCN2OXY2,R516,-1.0
ROCOXY3c,182,516,HO,R516,-1.0
ROCOXY3c,211,516,R516,VROCN2OXY8,0.1156
ROCOXY3c,163,516,R516,VROCN2OXY4,0.6895
ROCOXY3c,95,516,R516,VROCN2OXY2,0.2642
ROCOXY3c,78,516,R516,VROCN1OXY6,0.0663
ROCOXY3c,220,516,R516,VROCN1OXY3,0.0635
ROCOXY3c,134,516,R516,VROCP0OXY4,0.095
ROCOXY3c,142,516,R516,VOP3,0.0332
ROCOXY3c,94,516,R516,MEK,0.039
ROCOXY3c,188,516,R516,KET,0.039
ROCOXY3c,90,516,R516,HCHO,0.039
ROCOXY3c,186,516,R516,ACD,0.0195
ROCOXY3c,190,516,R516,ALD,0.039
ROCOXY3c,26,516,R516,MO2,0.039
ROCOXY3c,32,516,R516,ETHP,0.039
ROCOXY3c,116,516,R516,HC3P,0.039
ROCOXY3c,202,516,R516,MEKP,0.039
ROCOXY3c,148,516,R516,KETP,0.039
ROCOXY4c,78,517,VROCN1OXY6,R517,-1.0
ROCOXY4c,182,517,HO,R517,-1.0
ROCOXY4c,211,517,R517,VROCN2OXY8,0.2036
ROCOXY4c,163,517,R517,VROCN2OXY4,0.0071
ROCOXY4c,142,517,R517,VOP3,0.1446
ROCOXY4c,94,517,R517,MEK,0.184
ROCOXY4c,188,517,R517,KET,0.184
ROCOXY4c,90,517,R517,HCHO,0.184
ROCOXY4c,186,517,R517,ACD,0.092
ROCOXY4c,190,517,R517,ALD,0.184
ROCOXY4c,26,517,R517,MO2,0.184
ROCOXY4c,32,517,R517,ETHP,0.184
ROCOXY4c,116,517,R517,HC3P,0.184
ROCOXY4c,202,517,R517,MEKP,0.184
ROCOXY4c,148,517,R517,KETP,0.184
ROCOXY5c,220,518,VROCN1OXY3,R518,-1.0
ROCOXY5c,182,518,HO,R518,-1.0
ROCOXY5c,211,518,R518,VROCN2OXY8,0.3609
ROCOXY5c,163,518,R518,VROCN2OXY4,0.52
ROCOXY5c,95,518,R518,VROCN2OXY2,0.0088
ROCOXY5c,78,518,R518,VROCN1OXY6,0.1452
ROCOXY5c,220,518,R518,VROCN1OXY3,0.042
ROCOXY5c,134,518,R518,VROCP0OXY4,0.0524
ROCOXY5c,94,518,R518,MEK,0.0646
ROCOXY5c,188,518,R518,KET,0.0646
ROCOXY5c,90,518,R518,HCHO,0.0646
ROCOXY5c,186,518,R518,ACD,0.0323
ROCOXY5c,190,518,R518,ALD,0.0646
ROCOXY5c,26,518,R518,MO2,0.0646
ROCOXY5c,32,518,R518,ETHP,0.0646
ROCOXY5c,116,518,R518,HC3P,0.0646
ROCOXY5c,202,518,R518,MEKP,0.0646
ROCOXY5c,148,518,R518,KETP,0.0646
ROCOXY6c,213,519,VROCN1OXY1,R519,-1.0
ROCOXY6c,182,519,HO,R519,-1.0
ROCOXY6c,211,519,R519,VROCN2OXY8,0.0074
ROCOXY6c,163,519,R519,VROCN2OXY4,0.119
ROCOXY6c,95,519,R519,VROCN2OXY2,0.7673
ROCOXY6c,78,519,R519,VROCN1OXY6,0.0132
ROCOXY6c,220,519,R519,VROCN1OXY3,0.0614
ROCOXY6c,213,519,R519,VROCN1OXY1,0.0305
ROCOXY6c,134,519,R519,VROCP0OXY4,0.0367
ROCOXY6c,174,519,R519,VROCP0OXY2,0.0605
ROCOXY6c,195,519,R519,VROCP1OXY3,0.0488
ROCOXY6c,175,519,R519,VROCP1OXY1,0.0202
ROCOXY6c,100,519,R519,VROCP2OXY2,0.0584
ROCOXY6c,49,519,R519,VROCP3OXY2,0.0375
ROCOXY6c,25,519,R519,VROCP4OXY2,0.0074
ROCOXY6c,142,519,R519,VOP3,0.0179
ROCOXY6c,124,519,R519,OP2,0.0258
ROCOXY6c,94,519,R519,MEK,0.0244
ROCOXY6c,188,519,R519,KET,0.0244
ROCOXY6c,90,519,R519,HCHO,0.0244
ROCOXY6c,186,519,R519,ACD,0.0122
ROCOXY6c,190,519,R519,ALD,0.0244
ROCOXY6c,26,519,R519,MO2,0.0244
ROCOXY6c,32,519,R519,ETHP,0.0244
ROCOXY6c,116,519,R519,HC3P,0.0244
ROCOXY6c,202,519,R519,MEKP,0.0244
ROCOXY6c,148,519,R519,KETP,0.0244
ROCOXY7c,134,520,VROCP0OXY4,R520,-1.0
ROCOXY7c,182,520,HO,R520,-1.0
ROCOXY7c,211,520,R520,VROCN2OXY8,0.3695
ROCOXY7c,163,520,R520,VROCN2OXY4,0.1291
ROCOXY7c,78,520,R520,VROCN1OXY6,0.1547
ROCOXY7c,220,520,R520,VROCN1OXY3,0.0822
ROCOXY7c,134,520,R520,VROCP0OXY4,0.04
ROCOXY7c,94,520,R520,MEK,0.1068
ROCOXY7c,188,520,R520,KET,0.1068
ROCOXY7c,90,520,R520,HCHO,0.1068
ROCOXY7c,186,520,R520,ACD,0.0534
ROCOXY7c,190,520,R520,ALD,0.1068
ROCOXY7c,26,520,R520,MO2,0.1068
ROCOXY7c,32,520,R520,ETHP,0.1068
ROCOXY7c,116,520,R520,HC3P,0.1068
ROCOXY7c,202,520,R520,MEKP,0.1068
ROCOXY7c,148,520,R520,KETP,0.1068
ROCOXY8c,174,521,VROCP0OXY2,R521,-1.0
ROCOXY8c,182,521,HO,R521,-1.0
ROCOXY8c,211,521,R521,VROCN2OXY8,0.0738
ROCOXY8c,163,521,R521,VROCN2OXY4,0.4667
ROCOXY8c,95,521,R521,VROCN2OXY2,0.1222
ROCOXY8c,78,521,R521,VROCN1OXY6,0.0453
ROCOXY8c,220,521,R521,VROCN1OXY3,0.1516
ROCOXY8c,213,521,R521,VROCN1OXY1,0.005
ROCOXY8c,134,521,R521,VROCP0OXY4,0.1332
ROCOXY8c,174,521,R521,VROCP0OXY2,0.0104
ROCOXY8c,195,521,R521,VROCP1OXY3,0.0321
ROCOXY8c,175,521,R521,VROCP1OXY1,0.014
ROCOXY8c,100,521,R521,VROCP2OXY2,0.024
ROCOXY8c,142,521,R521,VOP3,0.0595
ROCOXY8c,94,521,R521,MEK,0.0445
ROCOXY8c,188,521,R521,KET,0.0445
ROCOXY8c,90,521,R521,HCHO,0.0445
ROCOXY8c,186,521,R521,ACD,0.0222
ROCOXY8c,190,521,R521,ALD,0.0445
ROCOXY8c,26,521,R521,MO2,0.0445
ROCOXY8c,32,521,R521,ETHP,0.0445
ROCOXY8c,116,521,R521,HC3P,0.0445
ROCOXY8c,202,521,R521,MEKP,0.0445
ROCOXY8c,148,521,R521,KETP,0.0445
ROCOXY9c,195,522,VROCP1OXY3,R522,-1.0
ROCOXY9c,182,522,HO,R522,-1.0
ROCOXY9c,211,522,R522,VROCN2OXY8,0.1962
ROCOXY9c,163,522,R522,VROCN2OXY4,0.1947
ROCOXY9c,95,522,R522,VROCN2OXY2,0.0004
ROCOXY9c,78,522,R522,VROCN1OXY6,0.1076
ROCOXY9c,220,522,R522,VROCN1OXY3,0.0568
ROCOXY9c,134,522,R522,VROCP0OXY4,0.2122
ROCOXY9c,174,522,R522,VROCP0OXY2,0.0007
ROCOXY9c,142,522,R522,VOP3,0.1369
ROCOXY9c,94,522,R522,MEK,0.0818
ROCOXY9c,188,522,R522,KET,0.0818
ROCOXY9c,90,522,R522,HCHO,0.0818
ROCOXY9c,186,522,R522,ACD,0.0409
ROCOXY9c,190,522,R522,ALD,0.0818
ROCOXY9c,26,522,R522,MO2,0.0818
ROCOXY9c,32,522,R522,ETHP,0.0818
ROCOXY9c,116,522,R522,HC3P,0.0818
ROCOXY9c,202,522,R522,MEKP,0.0818
ROCOXY9c,148,522,R522,KETP,0.0818
ROCOXY10c,175,523,VROCP1OXY1,R523,-1.0
ROCOXY10c,182,523,HO,R523,-1.0
ROCOXY10c,211,523,R523,VROCN2OXY8,0.0023
ROCOXY10c,163,523,R523,VROCN2OXY4,0.134
ROCOXY10c,95,523,R523,VROCN2OXY2,0.3349
ROCOXY10c,78,523,R523,VROCN1OXY6,0.0082
ROCOXY10c,220,523,R523,VROCN1OXY3,0.1202
ROCOXY10c,213,523,R523,VROCN1OXY1,0.0761
ROCOXY10c,134,523,R523,VROCP0OXY4,0.0325
ROCOXY10c,174,523,R523,VROCP0OXY2,0.1267
ROCOXY10c,195,523,R523,VROCP1OXY3,0.0647
ROCOXY10c,175,523,R523,VROCP1OXY1,0.0364
ROCOXY10c,100,523,R523,VROCP2OXY2,0.089
ROCOXY10c,49,523,R523,VROCP3OXY2,0.0646
ROCOXY10c,25,523,R523,VROCP4OXY2,0.0448
ROCOXY10c,142,523,R523,VOP3,0.0087
ROCOXY10c,124,523,R523,OP2,0.0103
ROCOXY10c,94,523,R523,MEK,0.0297
ROCOXY10c,188,523,R523,KET,0.0297
ROCOXY10c,90,523,R523,HCHO,0.0297
ROCOXY10c,186,523,R523,ACD,0.0149
ROCOXY10c,190,523,R523,ALD,0.0297
ROCOXY10c,26,523,R523,MO2,0.0297
ROCOXY10c,32,523,R523,ETHP,0.0297
ROCOXY10c,116,523,R523,HC3P,0.0297
ROCOXY10c,202,523,R523,MEKP,0.0297
ROCOXY10c,148,523,R523,KETP,0.0297
ROCOXY11c,100,524,VROCP2OXY2,R524,-1.0
ROCOXY11c,182,524,HO,R524,-1.0
ROCOXY11c,211,524,R524,VROCN2OXY8,0.0479
ROCOXY11c,163,524,R524,VROCN2OXY4,0.1746
ROCOXY11c,95,524,R524,VROCN2OXY2,0.0104
ROCOXY11c,78,524,R524,VROCN1OXY6,0.055
ROCOXY11c,220,524,R524,VROCN1OXY3,0.1118
ROCOXY11c,213,524,R524,VROCN1OXY1,0.0013
ROCOXY11c,134,524,R524,VROCP0OXY4,0.148
ROCOXY11c,174,524,R524,VROCP0OXY2,0.0417
ROCOXY11c,195,524,R524,VROCP1OXY3,0.1181
ROCOXY11c,175,524,R524,VROCP1OXY1,0.0218
ROCOXY11c,100,524,R524,VROCP2OXY2,0.1195
ROCOXY11c,49,524,R524,VROCP3OXY2,0.0207
ROCOXY11c,142,524,R524,VOP3,0.0294
ROCOXY11c,124,524,R524,OP2,0.0453
ROCOXY11c,94,524,R524,MEK,0.0628
ROCOXY11c,188,524,R524,KET,0.0628
ROCOXY11c,90,524,R524,HCHO,0.0628
ROCOXY11c,186,524,R524,ACD,0.0314
ROCOXY11c,190,524,R524,ALD,0.0628
ROCOXY11c,26,524,R524,MO2,0.0628
ROCOXY11c,32,524,R524,ETHP,0.0628
ROCOXY11c,116,524,R524,HC3P,0.0628
ROCOXY11c,202,524,R524,MEKP,0.0628
ROCOXY11c,148,524,R524,KETP,0.0628
ROCOXY12c,49,525,VROCP3OXY2,R525,-1.0
ROCOXY12c,182,525,HO,R525,-1.0
ROCOXY12c,211,525,R525,VROCN2OXY8,0.0324
ROCOXY12c,163,525,R525,VROCN2OXY4,0.0769
ROCOXY12c,95,525,R525,VROCN2OXY2,0.0009
ROCOXY12c,78,525,R525,VROCN1OXY6,0.0621
ROCOXY12c,220,525,R525,VROCN1OXY3,0.0489
ROCOXY12c,134,525,R525,VROCP0OXY4,0.155
ROCOXY12c,174,525,R525,VROCP0OXY2,0.0155
ROCOXY12c,195,525,R525,VROCP1OXY3,0.1117
ROCOXY12c,175,525,R525,VROCP1OXY1,0.0113
ROCOXY12c,100,525,R525,VROCP2OXY2,0.1465
ROCOXY12c,49,525,R525,VROCP3OXY2,0.0871
ROCOXY12c,25,525,R525,VROCP4OXY2,0.004
ROCOXY12c,142,525,R525,VOP3,0.0569
ROCOXY12c,124,525,R525,OP2,0.0472
ROCOXY12c,94,525,R525,MEK,0.0698
ROCOXY12c,188,525,R525,KET,0.0698
ROCOXY12c,90,525,R525,HCHO,0.0698
ROCOXY12c,186,525,R525,ACD,0.0349
ROCOXY12c,190,525,R525,ALD,0.0698
ROCOXY12c,26,525,R525,MO2,0.0698
ROCOXY12c,32,525,R525,ETHP,0.0698
ROCOXY12c,116,525,R525,HC3P,0.0698
ROCOXY12c,202,525,R525,MEKP,0.0698
ROCOXY12c,148,525,R525,KETP,0.0698
ROCOXY13c,25,526,VROCP4OXY2,R526,-1.0
ROCOXY13c,182,526,HO,R526,-1.0
ROCOXY13c,211,526,R526,VROCN2OXY8,0.0117
ROCOXY13c,163,526,R526,VROCN2OXY4,0.0167
ROCOXY13c,78,526,R526,VROCN1OXY6,0.0504
ROCOXY13c,220,526,R526,VROCN1OXY3,0.0276
ROCOXY13c,134,526,R526,VROCP0OXY4,0.092
ROCOXY13c,195,526,R526,VROCP1OXY3,0.0788
ROCOXY13c,175,526,R526,VROCP1OXY1,0.0108
ROCOXY13c,100,526,R526,VROCP2OXY2,0.1227
ROCOXY13c,49,526,R526,VROCP3OXY2,0.1501
ROCOXY13c,25,526,R526,VROCP4OXY2,0.0466
ROCOXY13c,142,526,R526,VOP3,0.0785
ROCOXY13c,124,526,R526,OP2,0.0399
ROCOXY13c,94,526,R526,MEK,0.0786
ROCOXY13c,188,526,R526,KET,0.0786
ROCOXY13c,90,526,R526,HCHO,0.0786
ROCOXY13c,186,526,R526,ACD,0.0393
ROCOXY13c,190,526,R526,ALD,0.0786
ROCOXY13c,26,526,R526,MO2,0.0786
ROCOXY13c,32,526,R526,ETHP,0.0786
ROCOXY13c,116,526,R526,HC3P,0.0786
ROCOXY13c,202,526,R526,MEKP,0.0786
ROCOXY13c,148,526,R526,KETP,0.0786
ROCOXY14c,87,527,VROCP5OXY1,R527,-1.0
ROCOXY14c,182,527,HO,R527,-1.0
ROCOXY14c,163,527,R527,VROCN2OXY4,0.0103
ROCOXY14c,95,527,R527,VROCN2OXY2,0.0006
ROCOXY14c,78,527,R527,VROCN1OXY6,0.009
ROCOXY14c,220,527,R527,VROCN1OXY3,0.0146
ROCOXY14c,134,527,R527,VROCP0OXY4,0.0702
ROCOXY14c,174,527,R527,VROCP0OXY2,0.0153
ROCOXY14c,195,527,R527,VROCP1OXY3,0.1017
ROCOXY14c,175,527,R527,VROCP1OXY1,0.0047
ROCOXY14c,100,527,R527,VROCP2OXY2,0.1658
ROCOXY14c,49,527,R527,VROCP3OXY2,0.1757
ROCOXY14c,25,527,R527,VROCP4OXY2,0.1587
ROCOXY14c,87,527,R527,VROCP5OXY1,0.0573
ROCOXY14c,201,527,R527,VROCP6OXY1,0.0097
ROCOXY14c,142,527,R527,VOP3,0.0253
ROCOXY14c,124,527,R527,OP2,0.0368
ROCOXY14c,94,527,R527,MEK,0.0526
ROCOXY14c,188,527,R527,KET,0.0526
ROCOXY14c,90,527,R527,HCHO,0.0526
ROCOXY14c,186,527,R527,ACD,0.0263
ROCOXY14c,190,527,R527,ALD,0.0526
ROCOXY14c,26,527,R527,MO2,0.0526
ROCOXY14c,32,527,R527,ETHP,0.0526
ROCOXY14c,116,527,R527,HC3P,0.0526
ROCOXY14c,202,527,R527,MEKP,0.0526
ROCOXY14c,149,527,R527,HC5P,0.0531
ROCOXY14c,148,527,R527,KETP,0.0526
ROCOXY15c,201,528,VROCP6OXY1,R528,-1.0
ROCOXY15c,182,528,HO,R528,-1.0
ROCOXY15c,78,528,R528,VROCN1OXY6,0.0061
ROCOXY15c,220,528,R528,VROCN1OXY3,0.0049
ROCOXY15c,134,528,R528,VROCP0OXY4,0.0224
ROCOXY15c,195,528,R528,VROCP1OXY3,0.042
ROCOXY15c,175,528,R528,VROCP1OXY1,0.0033
ROCOXY15c,100,528,R528,VROCP2OXY2,0.0906
ROCOXY15c,49,528,R528,VROCP3OXY2,0.1489
ROCOXY15c,25,528,R528,VROCP4OXY2,0.1742
ROCOXY15c,87,528,R528,VROCP5OXY1,0.1157
ROCOXY15c,201,528,R528,VROCP6OXY1,0.0294
ROCOXY15c,142,528,R528,VOP3,0.0415
ROCOXY15c,124,528,R528,OP2,0.056
ROCOXY15c,94,528,R528,MEK,0.0571
ROCOXY15c,188,528,R528,KET,0.0571
ROCOXY15c,90,528,R528,HCHO,0.0571
ROCOXY15c,186,528,R528,ACD,0.0285
ROCOXY15c,190,528,R528,ALD,0.0571
ROCOXY15c,26,528,R528,MO2,0.0571
ROCOXY15c,32,528,R528,ETHP,0.0571
ROCOXY15c,116,528,R528,HC3P,0.0571
ROCOXY15c,202,528,R528,MEKP,0.0571
ROCOXY15c,149,528,R528,HC5P,0.0497
ROCOXY15c,148,528,R528,KETP,0.0571
ROCOXY16c,142,529,VOP3,R529,-1.0
ROCOXY16c,182,529,HO,R529,-1.0
ROCOXY16c,211,529,R529,VROCN2OXY8,0.1628
ROCOXY16c,163,529,R529,VROCN2OXY4,0.0103
ROCOXY16c,78,529,R529,VROCN1OXY6,0.0585
ROCOXY16c,134,529,R529,VROCP0OXY4,0.0171
ROCOXY16c,142,529,R529,VOP3,0.1299
ROCOXY16c,94,529,R529,MEK,0.1652
ROCOXY16c,188,529,R529,KET,0.1652
ROCOXY16c,90,529,R529,HCHO,0.1652
ROCOXY16c,186,529,R529,ACD,0.0826
ROCOXY16c,190,529,R529,ALD,0.1652
ROCOXY16c,26,529,R529,MO2,0.1652
ROCOXY16c,32,529,R529,ETHP,0.1652
ROCOXY16c,116,529,R529,HC3P,0.1652
ROCOXY16c,202,529,R529,MEKP,0.1652
ROCOXY16c,148,529,R529,KETP,0.1652
R364,210,530,ECH4,R530,-1.0
R364,182,530,HO,R530,-1.0
R364,26,530,R530,MO2,1.0
TRP58,219,531,ATRPNJ,R531,-1.0
TRP58,12,531,R531,AHOMJ,1.0
TRP58,165,531,R531,HNO3,1.0
TRP59,47,532,AHONITJ,R532,-1.0
TRP59,12,532,R532,AHOMJ,1.0
TRP59,165,532,R532,HNO3,1.0
ROCARO71,23,533,STY,R533,-1.0
ROCARO71,182,533,HO,R533,-1.0
ROCARO71,130,533,R533,STYP,1.0
ROCARO71a,23,534,STY,R534,-1.0
ROCARO71a,209,534,O3,R534,-1.0
ROCARO71a,51,534,R534,BALD,0.62
ROCARO71a,90,534,R534,HCHO,0.62
ROCARO71a,97,534,R534,CO,0.56
ROCARO71a,187,534,R534,HO2,0.28
ROCARO71a,182,534,R534,HO,0.36
ROCARO71a,129,534,R534,BAL2,0.28
ROCARO71a,28,534,R534,BEN,0.1
ROCARO71a,207,534,R534,CO2,0.2
ROCARO71b,23,535,STY,R535,-1.0
ROCARO71b,122,535,NO3,R535,-1.0
ROCARO71b,56,535,R535,NO2,1.0
ROCARO71b,130,535,R535,STYP,1.0
ROCARO72,130,536,STYP,R536,-1.0
ROCARO72,187,536,HO2,R536,-1.0
ROCARO72,49,536,R536,VROCP3OXY2,1.0
ROCARO73,130,537,STYP,R537,-1.0
ROCARO73,204,537,NO,R537,-1.0
ROCARO73,56,537,R537,NO2,1.0
ROCARO73,187,537,R537,HO2,1.0
ROCARO73,90,537,R537,HCHO,1.0
ROCARO73,51,537,R537,BALD,1.0
ROCARO74,130,538,STYP,R538,-1.0
ROCARO74,122,538,NO3,R538,-1.0
ROCARO74,56,538,R538,NO2,1.0
ROCARO74,187,538,R538,HO2,1.0
ROCARO74,90,538,R538,HCHO,1.0
ROCARO74,51,538,R538,BALD,1.0
ROCARO75,130,539,STYP,R539,-1.0
ROCARO75,26,539,MO2,R539,-1.0
ROCARO75,187,539,R539,HO2,1.37
ROCARO75,90,539,R539,HCHO,1.68
ROCARO75,51,539,R539,BALD,1.0
ROCARO75,224,539,R539,MOH,0.32
ROCARO76,130,540,STYP,R540,-1.0
ROCARO76,30,540,ACO3,R540,-1.0
ROCARO76,187,540,R540,HO2,1.0
ROCARO76,90,540,R540,HCHO,1.0
ROCARO76,51,540,R540,BALD,1.0
ROCARO76,26,540,R540,MO2,0.7
ROCARO76,177,540,R540,ORA2,0.3
ROCARO76,207,540,R540,CO2,0.7
HET_ANO3I,225,541,ANO3I,R541,-1.0
HET_ANO3I,63,541,R541,HONO,0.67
HET_ANO3I,56,541,R541,NO2,0.33
HET_ANO3J,198,542,ANO3J,R542,-1.0
HET_ANO3J,63,542,R542,HONO,0.67
HET_ANO3J,56,542,R542,NO2,0.33
CLP01,101,543,CL2,R543,-1.0
CLP01,104,543,R543,CL,2.0
CLP02,117,544,CLO,R544,-1.0
CLP02,104,544,R544,CL,1.0
CLP02,46,544,R544,O3P,1.0
CLP03,71,545,OCLO,R545,-1.0
CLP03,117,545,R545,CLO,1.0
CLP03,46,545,R545,O3P,1.0
CLP07,36,546,CL2O2,R546,-1.0
CLP07,104,546,R546,CL,1.0
CLP07,156,546,R546,CLOO,1.0
CLP10,72,547,HOCL,R547,-1.0
CLP10,182,547,R547,HO,1.0
CLP10,104,547,R547,CL,1.0
CLP12,85,548,CLNO,R548,-1.0
CLP12,104,548,R548,CL,1.0
CLP12,204,548,R548,NO,1.0
CLP14,41,549,CLNO2,R549,-1.0
CLP14,104,549,R549,CL,1.0
CLP14,56,549,R549,NO2,1.0
CLP17,96,550,CLNO3,R550,-1.0
CLP17,104,550,R550,CL,1.0
CLP17,122,550,R550,NO3,1.0
CLP18,96,551,CLNO3,R551,-1.0
CLP18,117,551,R551,CLO,1.0
CLP18,56,551,R551,NO2,1.0
CLT01,104,552,CL,R552,-1.0
CLT01,209,552,O3,R552,-1.0
CLT01,117,552,R552,CLO,1.0
CLT02,104,553,CL,R553,-1.0
CLT02,153,553,H2,R553,-1.0
CLT02,215,553,R553,HCL,1.0
CLT02,187,553,R553,HO2,1.0
CLT03,104,554,CL,R554,-1.0
CLT03,187,554,HO2,R554,-1.0
CLT03,117,554,R554,CLO,1.0
CLT03,182,554,R554,HO,1.0
CLT04,104,555,CL,R555,-1.0
CLT04,187,555,HO2,R555,-1.0
CLT04,215,555,R555,HCL,1.0
CLT05,104,556,CL,R556,-1.0
CLT05,162,556,H2O2,R556,-1.0
CLT05,215,556,R556,HCL,1.0
CLT05,187,556,R556,HO2,1.0
CLT06,104,557,CL,R557,-1.0
CLT06,156,557,CLOO,R557,-1.0
CLT06,117,557,R557,CLO,2.0
CLT07,104,558,CL,R558,-1.0
CLT07,156,558,CLOO,R558,-1.0
CLT07,101,558,R558,CL2,1.0
CLT08,104,559,CL,R559,-1.0
CLT08,71,559,OCLO,R559,-1.0
CLT08,117,559,R559,CLO,2.0
CLT09,104,560,CL,R560,-1.0
CLT09,36,560,CL2O2,R560,-1.0
CLT09,101,560,R560,CL2,1.0
CLT09,156,560,R560,CLOO,1.0
CLT10,104,561,CL,R561,-1.0
CLT10,72,561,HOCL,R561,-1.0
CLT10,101,561,R561,CL2,1.0
CLT10,182,561,R561,HO,1.0
CLT11,104,562,CL,R562,-1.0
CLT11,204,562,NO,R562,-1.0
CLT11,79,562,M,R562,-1.0
CLT11,85,562,R562,CLNO,1.0
CLT12,104,563,CL,R563,-1.0
CLT12,56,563,NO2,R563,-1.0
CLT12,41,563,R563,CLNO2,1.0
CLT14,104,564,CL,R564,-1.0
CLT14,122,564,NO3,R564,-1.0
CLT14,117,564,R564,CLO,1.0
CLT14,56,564,R564,NO2,1.0
CLT15,104,565,CL,R565,-1.0
CLT15,85,565,CLNO,R565,-1.0
CLT15,101,565,R565,CL2,1.0
CLT15,204,565,R565,NO,1.0
CLT17,104,566,CL,R566,-1.0
CLT17,96,566,CLNO3,R566,-1.0
CLT17,101,566,R566,CL2,1.0
CLT17,122,566,R566,NO3,1.0
CLT22,117,567,CLO,R567,-1.0
CLT22,187,567,HO2,R567,-1.0
CLT22,72,567,R567,HOCL,1.0
CLT23,117,568,CLO,R568,-1.0
CLT23,204,568,NO,R568,-1.0
CLT23,104,568,R568,CL,1.0
CLT23,56,568,R568,NO2,1.0
CLT25,117,569,CLO,R569,-1.0
CLT25,56,569,NO2,R569,-1.0
CLT25,96,569,R569,CLNO3,1.0
CLT27,117,570,CLO,R570,-1.0
CLT27,117,570,CLO,R570,-1.0
CLT27,101,570,R570,CL2,1.0
CLT28,117,571,CLO,R571,-1.0
CLT28,117,571,CLO,R571,-1.0
CLT28,71,571,R571,OCLO,1.0
CLT28,104,571,R571,CL,1.0
CLT31,117,572,CLO,R572,-1.0
CLT31,117,572,CLO,R572,-1.0
CLT31,36,572,R572,CL2O2,1.0
CLT32,36,573,CL2O2,R573,-1.0
CLT32,117,573,R573,CLO,2.0
CLT35,71,574,OCLO,R574,-1.0
CLT35,204,574,NO,R574,-1.0
CLT35,117,574,R574,CLO,1.0
CLT35,56,574,R574,NO2,1.0
CLT36,182,575,HO,R575,-1.0
CLT36,101,575,CL2,R575,-1.0
CLT36,104,575,R575,CL,1.0
CLT36,72,575,R575,HOCL,1.0
CLT37,182,576,HO,R576,-1.0
CLT37,117,576,CLO,R576,-1.0
CLT37,215,576,R576,HCL,1.0
CLT38,182,577,HO,R577,-1.0
CLT38,117,577,CLO,R577,-1.0
CLT38,104,577,R577,CL,1.0
CLT38,187,577,R577,HO2,1.0
CLT39,182,578,HO,R578,-1.0
CLT39,215,578,HCL,R578,-1.0
CLT39,104,578,R578,CL,1.0
CLT40,182,579,HO,R579,-1.0
CLT40,72,579,HOCL,R579,-1.0
CLT40,117,579,R579,CLO,1.0
CLT41,182,580,HO,R580,-1.0
CLT41,41,580,CLNO2,R580,-1.0
CLT41,72,580,R580,HOCL,1.0
CLT41,56,580,R580,NO2,1.0
CLT43,182,581,HO,R581,-1.0
CLT43,96,581,CLNO3,R581,-1.0
CLT43,72,581,R581,HOCL,1.0
CLT43,122,581,R581,NO3,1.0
CLT44,182,582,HO,R582,-1.0
CLT44,71,582,OCLO,R582,-1.0
CLT44,72,582,R582,HOCL,1.0
CLT45,182,583,HO,R583,-1.0
CLT45,36,583,CL2O2,R583,-1.0
CLT45,72,583,R583,HOCL,1.0
CLT45,156,583,R583,CLOO,1.0
CLTO01,104,584,CL,R584,-1.0
CLTO01,166,584,CH4,R584,-1.0
CLTO01,215,584,R584,HCL,1.0
CLTO01,26,584,R584,MO2,1.0
CLTO02,104,585,CL,R585,-1.0
CLTO02,131,585,ETH,R585,-1.0
CLTO02,215,585,R585,HCL,1.0
CLTO02,32,585,R585,ETHP,1.0
CLTO03,104,586,CL,R586,-1.0
CLTO03,199,586,HC3,R586,-1.0
CLTO03,215,586,R586,HCL,1.0
CLTO03,116,586,R586,HC3P,1.0
CLTO03,52,586,R586,ASOATJ,2.81e-05
CLTO04,104,587,CL,R587,-1.0
CLTO04,160,587,HC5,R587,-1.0
CLTO04,215,587,R587,HCL,1.0
CLTO04,149,587,R587,HC5P,1.0
CLTO04,52,587,R587,ASOATJ,0.00134
CLTO05,104,588,CL,R588,-1.0
CLTO05,172,588,HC10,R588,-1.0
CLTO05,215,588,R588,HCL,1.0
CLTO05,4,588,R588,HC10P,1.0
CLOR01,117,589,CLO,R589,-1.0
CLOR01,26,589,MO2,R589,-1.0
CLOR01,156,589,R589,CLOO,1.0
CLOR01,90,589,R589,HCHO,1.0
CLOR01,187,589,R589,HO2,1.0
CLOR02,117,590,CLO,R590,-1.0
CLOR02,32,590,ETHP,R590,-1.0
CLOR02,156,590,R590,CLOO,1.0
CLOR02,186,590,R590,ACD,1.0
CLOR02,187,590,R590,HO2,1.0
CLOR03,117,591,CLO,R591,-1.0
CLOR03,116,591,HC3P,R591,-1.0
CLOR03,187,591,R591,HO2,0.66
CLOR03,26,591,R591,MO2,0.131
CLOR03,32,591,R591,ETHP,0.048
CLOR03,110,591,R591,XO2,0.089
CLOR03,156,591,R591,CLOO,1.0
CLOR03,186,591,R591,ACD,0.504
CLOR03,190,591,R591,ALD,0.132
CLOR03,5,591,R591,ACT,0.165
CLOR03,94,591,R591,MEK,0.042
CLOR04,117,592,CLO,R592,-1.0
CLOR04,149,592,HC5P,R592,-1.0
CLOR04,187,592,R592,HO2,0.2
CLOR04,26,592,R592,MO2,0.051
CLOR04,32,592,R592,ETHP,0.231
CLOR04,110,592,R592,XO2,0.235
CLOR04,156,592,R592,CLOO,1.0
CLOR04,90,592,R592,HCHO,0.018
CLOR04,186,592,R592,ACD,0.045
CLOR04,190,592,R592,ALD,0.203
CLOR04,94,592,R592,MEK,0.033
CLOR04,5,592,R592,ACT,0.217
CLOR04,188,592,R592,KET,0.033
CLOR04,57,592,R592,HKET,0.272
CLOR51,117,593,CLO,R593,-1.0
CLOR51,4,593,HC10P,R593,-1.0
CLOR51,39,593,R593,HC10P2,0.74
CLOR51,156,593,R593,CLOO,1.0
HET_N2O5IJ,98,594,N2O5,R594,-1.0
HET_N2O5IJ,165,594,R594,HNO3,1.0
HET_N2O5IJ,7,594,R594,NO2PIJ,1.0
HET_N2O5K,98,595,N2O5,R595,-1.0
HET_N2O5K,165,595,R595,HNO3,1.0
HET_N2O5K,151,595,R595,NO2PK,1.0
HET_H2NO3PIJA,7,596,NO2PIJ,R596,-1.0
HET_H2NO3PIJA,165,596,R596,HNO3,1.0
HET_H2NO3PKA,151,597,NO2PK,R597,-1.0
HET_H2NO3PKA,165,597,R597,HNO3,1.0
HET_H2NO3PIB,7,598,NO2PIJ,R598,-1.0
HET_H2NO3PIB,221,598,ACLI,R598,-1.0
HET_H2NO3PIB,41,598,R598,CLNO2,1.0
HET_H2NO3PJB,7,599,NO2PIJ,R599,-1.0
HET_H2NO3PJB,44,599,ACLJ,R599,-1.0
HET_H2NO3PJB,41,599,R599,CLNO2,1.0
HET_H2NO3PKB,151,600,NO2PK,R600,-1.0
HET_H2NO3PKB,169,600,ACLK,R600,-1.0
HET_H2NO3PKB,41,600,R600,CLNO2,1.0
HET_CLN3_WAI,96,601,CLNO3,R601,-1.0
HET_CLN3_WAI,72,601,R601,HOCL,1.0
HET_CLN3_WAI,165,601,R601,HNO3,1.0
HET_CLN3_WAJ,96,602,CLNO3,R602,-1.0
HET_CLN3_WAJ,72,602,R602,HOCL,1.0
HET_CLN3_WAJ,165,602,R602,HNO3,1.0
HET_CLN3_ACLJ,96,603,CLNO3,R603,-1.0
HET_CLN3_ACLJ,44,603,ACLJ,R603,-1.0
HET_CLN3_ACLJ,101,603,R603,CL2,1.0
HET_CLN3_ACLJ,198,603,R603,ANO3J,1.0
SOAphot01,12,604,AHOMJ,R604,-1.0
SOAphot01,119,604,R604,AMTN1J,0.8
SOAphot01,10,604,R604,ORA1,0.2
HET_SO2_H2O2,68,605,SO2,R605,-1.0
HET_SO2_H2O2,162,605,H2O2,R605,-1.0
HET_SO2_H2O2,59,605,R605,ASO4J,1.0
HET_SO2_O3,68,606,SO2,R606,-1.0
HET_SO2_O3,209,606,O3,R606,-1.0
HET_SO2_O3,59,606,R606,ASO4J,1.0
HET_SO2_MEPX,68,607,SO2,R607,-1.0
HET_SO2_MEPX,205,607,OP1,R607,-1.0
HET_SO2_MEPX,59,607,R607,ASO4J,1.0
HET_SO2_MEPX,224,607,R607,MOH,1.0
HET_SO2_PACD,68,608,SO2,R608,-1.0
HET_SO2_PACD,181,608,PAA,R608,-1.0
HET_SO2_PACD,59,608,R608,ASO4J,1.0
HET_SO2_PACD,177,608,R608,ORA2,1.0
HET_SO2_NO2,68,609,SO2,R609,-1.0
HET_SO2_NO2,56,609,NO2,R609,-1.0
HET_SO2_NO2,59,609,R609,ASO4J,1.0
HET_SO2_NO2,63,609,R609,HONO,1.0
HET_SO2_TMI,68,610,SO2,R610,-1.0
HET_SO2_TMI,155,610,AFEJ,R610,-1.0
HET_SO2_TMI,157,610,AMNJ,R610,-1.0
HET_SO2_TMI,59,610,R610,ASO4J,1.0
HET_SO2_TMI,155,610,R610,AFEJ,1.0
HET_SO2_TMI,157,610,R610,AMNJ,1.0
HET_SO2_HCHO,68,611,SO2,R611,-1.0
HET_SO2_HCHO,90,611,HCHO,R611,-1.0
HET_SO2_HCHO,118,611,R611,AHMSJ,1.0
HET_SO2_HNO4,68,612,SO2,R612,-1.0
HET_SO2_HNO4,159,612,HNO4,R612,-1.0
HET_SO2_HNO4,59,612,R612,ASO4J,1.0
HET_SO2_HNO4,198,612,R612,ANO3J,1.0
HET_HMS_L1,118,613,AHMSJ,R613,-1.0
HET_HMS_L1,182,613,HO,R613,-1.0
HET_HMS_L1,187,613,R613,HO2,1.0
HET_HMS_L1,68,613,R613,SO2,1.0
HET_HMS_L1,10,613,R613,ORA1,1.0
HET_HMS_L2,118,614,AHMSJ,R614,-1.0
HET_HMS_L2,68,614,R614,SO2,1.0
HET_HMS_L2,90,614,R614,HCHO,1.0
